latitude,longitude,altitude
43.58621173919144,-119.57653879755082,218.13836831001436
40.51210823065129,-121.47677539314593,199.81044330413147
51.29511301985167,-99.22472446277654,129.269260626287
44.53184702544799,-111.14526561249902,323.2700015456696
54.732962210920036,-98.08354271752233,264.48087222888296
51.17384218093816,-109.72490435694448,439.5654465458017
51.32180801262485,-105.44075942389412,64.44931121692622
59.2154441221922,-107.09344352483458,339.7405673998069
61.25821506204808,-112.9494640168083,393.3269953302025
56.9236481165716,-96.33254492988645,391.7689561347382
51.88261695636722,-100.00288364723238,448.7332851929863
47.80505919557087,-103.68429130846162,378.06518427327234
66.80378552287459,-105.56115763455306,467.5145277414633
56.26408445385802,-95.86881040580933,199.69546991940115
55.1297504980747,-114.23787471362915,276.4442375381944
56.07647286089617,-105.47016088624076,56.3358484773008
48.716756662683046,-98.27534874410215,53.13091428648104
54.400346929700966,-108.42021566964273,158.05697920318397
62.21820567120402,-114.42933713566282,95.36323871258836
48.7493969395775,-111.52059660305822,167.09511557108914
45.025856164867875,-111.35461384373218,129.66948253777883
37.36032742360267,-122.42117513697207,62.83401117739171
48.06511474841051,-107.89897016689515,459.1868658827222
52.69369185468584,-107.07486908711947,53.70040912500119
40.180868974791125,-106.18726071935775,381.2369649516885
52.815852507425774,-113.73496699866357,118.46654911378243
50.47832821535013,-107.75855622700989,460.50332989982
50.4985989285641,-103.70652177836013,451.75817281544863
54.5389437106646,-102.7332560943398,344.2555158661658
53.21326137578675,-110.77940545772148,352.5053674102723
44.14242387646044,-117.86914027627049,52.402613886359845
62.5667200327142,-100.67884596173211,493.1922047511209
60.27824594019811,-99.41483569993721,445.02467160911647
48.69116521735076,-105.30483265230208,452.7978015785414
45.982761893743444,-118.36156660509612,346.6600416728924
64.31713311431636,-107.11695763260492,205.15411789454143
51.23162715782627,-116.698076468108,452.14189209071634
47.52119227365551,-119.44075649597363,181.18261766803656
40.821454163199974,-121.08244107648372,303.22019450399125
43.73408787009168,-115.69774235738512,94.87893755474708
43.977143037308444,-118.98722382034947,464.8800335597376
48.81424709576853,-108.57315074935308,113.346705997046
42.3360166208153,-108.99963173654969,151.20356257868326
54.522389574369335,-93.47878025644981,301.1603711576968
44.69835639232627,-112.28967050317408,393.8418500958417
59.80158136411506,-96.219094146042,328.7080876713345
49.48504465595564,-116.99224633633963,154.46026076007027
47.65363675121874,-103.71160744594674,50.42436913737065
32.77248609108344,-116.75599059641668,390.71776113834767
49.50490388775712,-109.2136135247457,493.3432966599922
52.127796928641885,-102.60258048358503,414.4609041377407
47.51419918098272,-113.13295048959769,257.0929781704769
43.70213073273339,-112.40426857523751,456.69526762959794
49.06707299546597,-116.31917960925635,234.4314529032575
48.07217933239254,-112.88941335754873,286.2203379095604
44.57354269576555,-113.97460343626796,264.70839532805746
60.249588417571246,-108.98169158516521,251.43074269948625
51.41029497422369,-116.01663465275493,398.8358461822576
48.80660143488398,-119.77401801406131,287.0460082712714
40.181348930463464,-119.31320155750734,192.52270491134723
44.2341882769624,-119.75722051712698,166.17117544631526
52.56251763530907,-98.69101118533922,66.98629263534502
38.59819371388013,-122.05686921713404,312.4378228473707
50.55780582532244,-109.45090169895995,153.4826369304654
46.902631314007714,-104.27339271726812,116.6602649073724
44.67928086909513,-119.46626762170919,344.22348372245494
61.843722109457715,-112.90348691675322,356.544166019697
46.584582705831004,-103.95673185949971,388.4697015159497
56.35098228997178,-98.51079309291713,276.6096033523662
57.71307412929666,-104.21058658663532,452.3245723417489
56.975854750364014,-102.97698540083798,471.3542390292025
60.45226128102513,-99.91253746157543,413.3169229066202
47.974187763610374,-116.1684964570558,336.0170669036842
45.267102860479135,-121.37502509789896,186.6744291160349
54.2615874757178,-100.87241653642344,492.3252147290995
53.37573396049724,-100.87668015479728,173.36127523637225
57.88532487298116,-112.7914133269412,141.19561489569398
57.756025896238256,-104.90305592667286,248.96935120396225
44.97584894139713,-130.25268131826772,75.57825682057481
50.702789852426186,-102.66747494492311,490.3225091023058
49.64742530895046,-99.50380303499917,314.7951003873912
55.204527288827734,-97.06263855512303,300.62844124887886
52.520674049362896,-112.8025464125109,345.108325954874
45.50308287412776,-109.85431744381884,273.6606414997429
39.85017366459385,-122.34766057153546,64.42858269254371
52.28058124556658,-111.57995860030309,325.54007997817854
48.19768209029255,-115.8557912243261,372.2782446303938
55.14945790988989,-102.08703037472164,237.53707728082392
39.67080172044507,-112.20039672718815,390.7830074320368
62.32339567013586,-102.68813040344367,152.15058470228928
42.01278858803372,-112.49660708930072,149.5744659797828
56.9437582177102,-105.89767355302581,122.63764445940828
49.65313081340994,-102.07954667770423,217.39764190512284
48.250595298570836,-107.61660313199658,431.1554159250876
48.79706681344344,-100.8095128740521,422.56042796707897
60.68827506621705,-100.26842380704282,222.2708935835767
48.79825313988465,-111.21725683343726,315.10343119110644
54.18988278405504,-105.59603575974046,374.367342413712
53.03134894924653,-109.38797936347282,158.54304858261034
60.309998560963265,-107.39594249710315,125.6634886526362
39.53660972567755,-118.83390472284187,487.44319694554
55.686888838798026,-104.62572423720707,327.9007909443283
55.07343790000674,-107.0727275516113,491.6370748251488
61.74134356497744,-95.10959822841966,201.9901942095031
52.46012525575528,-100.95903795939014,366.3642649883592
45.6837366273563,-111.22825095890104,150.17163644355696
44.92557828283721,-111.33738912658994,167.54007707326082
45.21821978239247,-116.44409022569297,280.3559545713308
51.90438952193109,-114.87606418472554,193.82815647863205
48.21422236450089,-121.17416891527559,125.429703728263
42.51027101717292,-117.35730314995308,168.2963158951967
61.83355730310484,-107.22590224412639,66.08677750963909
41.35928610873713,-103.87163926559357,366.99062966486895
49.50114789149629,-117.91023418432374,271.4524956886377
55.13369225137028,-100.87323153511318,92.40937988203652
41.832101357598845,-117.774790379956,127.26229690782104
41.06407123066653,-111.39627548635627,96.1405421506898
49.58686109391489,-113.55409261700375,325.6667637241444
43.43797366303669,-110.73724497619435,92.3946636256222
47.107243549233786,-104.47844199524984,389.4270498658472
48.77435585299236,-120.70059221606147,59.22991369417603
48.70247920368981,-100.55489658097271,162.21910459815143
40.744066853512685,-124.97689689457562,450.8000041513582
45.57026718375303,-107.82979482058994,373.3390931550107
42.80464241101309,-112.54235391147469,82.83574981655947
60.647066331199014,-108.91014985532615,419.5067470183309
48.89903952413309,-113.24581451560712,271.8658046930922
40.22450725771368,-111.61890430723976,431.0523622259732
38.254930300855385,-112.82934800652382,320.33289850267704
48.34114481813206,-112.19289012818065,356.8248644147864
31.760465897435644,-111.31674808235238,497.07570217806864
37.95769082769198,-119.19086388014273,154.55099566580816
59.158482775143135,-94.14419221128801,330.77550864262474
44.852086040547526,-112.29621807496301,257.14462552582927
60.87263980604077,-115.11480887823475,67.75337881521115
61.14118012326542,-98.83278149914226,56.511788676289264
43.01995731422683,-116.46332645160587,103.6528600180364
55.06161184269478,-117.05104481912605,342.09128324234666
46.56720324253723,-111.12125790086172,305.22338956102647
51.23674936433122,-107.43840065923753,299.0433025236773
60.09015467505299,-108.87225864581332,64.33554313771704
49.73783203280825,-102.56622770617889,261.1863483620032
52.89600971910574,-121.68148427442809,466.0802680291378
43.13355333716965,-114.81291930871255,228.91634118979096
55.064686450270464,-99.75326484119415,331.2151114048053
48.33869085091068,-117.40677196559245,400.9184040304146
59.75816031190418,-103.1404533931727,402.7663756138494
60.79469617358806,-102.57211392737649,283.67603707787214
51.647673180160325,-114.71380548622723,436.07837543105137
54.76672809811906,-101.06409269362219,226.1201420136861
37.89471894020679,-122.87516334079574,449.9119466531593
45.75694662652224,-111.0843803170516,158.10222487799538
40.69416712247728,-112.97516897708543,176.09738314575696
46.622523782809274,-117.65406037371329,73.90428088955049
44.40840067849637,-103.88569950489995,408.0118264440273
55.136125201579254,-114.59925619847982,237.6748563047175
53.66955753213674,-106.65250858988286,153.10247626012955
54.362012322161185,-105.92919818473806,154.30562492746083
60.324287454378755,-102.04270062855824,455.6299735531549
53.753083445250674,-104.05976708532255,425.2624702074666
52.11989424268982,-112.82089346285674,299.0888984107325
45.59908871485304,-111.48951102664905,327.2498601870745
35.94356536873099,-120.60726979205748,263.44650674763096
46.20398741922875,-111.4558032298836,226.249944295464
50.52808710879425,-100.4850847789393,461.9645965482492
50.461310528273906,-105.39179187806454,106.52571658413594
48.30118078578552,-108.01768130543014,238.30105537230256
52.79393307098814,-91.07985776909112,205.0528585945439
49.08181139020795,-111.8420530197662,274.1678241130168
45.64494707820193,-115.11689535738027,255.9343435453288
58.21787692749647,-111.19369721262657,283.50028924298664
47.48505914762682,-118.36069586443172,112.96353975214734
48.241624157816304,-108.0534965342063,280.9136756809747
53.08406932222362,-107.64398982775334,159.0884662492449
48.60508226474858,-106.47135500203228,132.94910704468606
56.512807316078195,-107.77886202294927,79.17539845378604
57.49590783673557,-103.10375444987754,393.1936514402634
49.35291443449359,-114.03215333275875,242.348864385452
40.634049175752814,-116.15411694068854,331.9896574902913
58.689398574728116,-100.02632477475181,377.4170044871345
55.94181506541673,-105.56027727119358,355.6924993910991
48.02584155829869,-121.18057369781876,261.725323590357
52.73556157937084,-114.68675997065047,224.5543380282784
54.502666460204175,-115.60498404083148,219.18195933829867
54.7720836292784,-102.51268071859997,338.02195861852533
39.90624461493172,-116.28910352315782,272.65745972384303
52.61639584928287,-111.91650629727826,432.10951159482977
45.563159932391905,-103.65233469602417,443.6158929470204
58.68730861587005,-104.38873278597741,126.7521701029333
55.04425472356374,-100.31895383923849,111.30514319557652
59.39310622754625,-96.18906940086957,333.6804167161998
38.96786363759966,-117.98031707457416,185.55158662802572
38.13143567968116,-116.81658738019352,58.35682344429448
38.58235245451223,-121.93444049603849,449.8892012133298
48.27970301122126,-109.17846321764739,152.10534525971372
61.1581973505958,-111.47589499728404,468.17629325861407
50.53864270800274,-116.59140271635212,372.8455028952141
38.333554393621135,-118.43551869355119,393.194070460168
42.902090381313506,-118.05718209477214,140.65767310692218
41.643261385105035,-111.57297457919043,155.38749152756583
41.09897640954722,-111.13396226872013,284.5704892208296
58.29979863553794,-112.10357110273016,127.44493369243796
54.03462532682456,-117.14810123834903,187.4442617073645
46.08804575099222,-114.7699647937753,194.658115076512
63.62948377885668,-99.79470940106626,121.83346996374384
59.5069528538409,-108.3769570807657,142.33227502782233
46.15369667838428,-112.7372322198604,404.8483289037154
43.2076751457047,-117.8493429531589,125.23813454627076
45.16162156032257,-119.07226050872139,62.80582632976512
34.17290700803557,-111.19167424477457,333.2097241830223
55.118713440683734,-100.71238632963801,489.1924037266025
42.41495802009506,-113.09305832463244,199.04621658040463
52.10380705489286,-105.2524794885484,103.39506643831352
63.38306924725652,-101.77403825454563,306.6742964153889
56.012976673828135,-102.72440341246167,457.8593949930408
47.64070201865602,-116.9578708061256,402.8278009228154
44.937445797465934,-113.81576405844123,330.1321407857222
48.4656714381952,-117.61575333810565,191.7754234734197
50.055142697818475,-109.90401151523012,293.84607797429896
35.763965081029916,-117.05200192487976,91.06017858691492
40.2819623201072,-108.60001552701927,355.5254409263015
38.065596267525606,-120.73912889545541,376.2932085039429
45.05674495769029,-113.42409932027374,484.2642303094634
48.05845393585999,-102.63217378672525,167.17881143528223
52.67120442218839,-110.27503452914135,58.30538856936019
61.29207558553339,-97.82739782424855,295.52380899221777
47.828682187765004,-112.34024048826568,368.0557269785665
36.780129439353004,-116.11749382532636,405.6833641473446
45.56657270874589,-116.8381318388655,137.18251986116476
37.20302417428184,-122.15686976906683,167.78879106666065
44.66471077875533,-115.63671778232828,280.66591637028336
53.230401287574935,-104.06410763175379,198.7703644865008
63.32073355591051,-95.07911433238894,437.23016896435024
50.23973992556148,-105.64573425219712,263.1920691824241
55.37310120161483,-112.38384301537215,409.8103898459013
46.642486135348776,-115.74710676829785,311.2788922170592
47.06845492252882,-108.86892914080175,397.8905637277004
63.34800190432868,-99.29988350837618,199.7028439386457
62.94159774271823,-111.66598045692673,424.13747986864
49.143491193666186,-115.9984326646339,173.5575419979597
45.346985162929215,-118.12495421896445,295.7444636014809
41.49004084438663,-117.9598694789759,146.3032009282434
57.58367071010555,-105.29572410429338,263.986934731787
42.89669109978538,-113.07387038518519,193.1788442789164
43.78589820784747,-117.08657998868225,170.0165437867464
47.91101198782035,-102.41051122091302,485.1432581126169
63.077426640467515,-98.24638309747637,122.03334746902878
37.09739272169867,-123.18679680475209,404.2966268558279
44.67813482243592,-120.50930682524276,492.8742317674467
51.001507307406825,-116.99240065576879,58.955667683035024
57.48087402259178,-116.8812051933271,364.5623363189428
30.280686376407946,-116.52445858375391,163.8103125003292
61.33084332919841,-93.25460601297388,68.219520947737
49.489479666011476,-102.26446017344159,231.30031053048387
38.53036745146977,-117.31573948644858,470.8480145768938
56.4457630198911,-105.60075701397075,55.29429246514896
42.053607209410856,-120.32748390622817,314.5485613684017
62.11613193866213,-108.66411092516142,275.628415367896
54.3843754656536,-106.5122599861057,443.02287396697136
62.113708860564685,-107.24864327296325,87.80077153428155
56.818832202215106,-104.68200134545441,356.68671344899263
47.45610346562924,-106.27699610183622,356.0493642949748
54.43332764191165,-109.30308247070487,351.0860075880275
43.15629323706897,-113.81945114204431,474.05052272076665
55.87181755144071,-112.1358566557979,420.3893880530962
49.00733821682145,-112.17546847481424,68.8877268095777
54.84715318922305,-107.27074775262155,261.9872828170309
45.12730358065505,-118.34611916227972,229.07887529060005
46.134344049942854,-110.37214313150587,189.5662494908609
53.8013662848923,-105.46715100238785,253.10152631934375
54.677737715897194,-118.2461852851634,222.88738321668984
49.14855250583718,-113.90464037502221,244.5502549453994
42.03837666233762,-121.11056884875772,490.66783952388914
42.041861291919275,-106.56113952165846,89.88483863731133
50.64670876665289,-110.3711122134027,465.0038914274284
48.76102298722229,-112.61563922377044,266.106521061962
52.084270845590055,-108.30555751807121,330.6840104747935
46.44371368746934,-104.80446951539022,423.5823349779623
45.50306194265326,-114.4944452289924,212.208363117165
41.001644102093486,-109.98476355283638,243.68985863958508
40.838085873268355,-119.76568957499337,234.2833161254213
57.30714990755918,-104.50583930696297,218.62896014109197
56.827947569589625,-107.12097008658925,466.4881947411028
52.48877232842767,-99.12594308941136,423.0184510368554
50.59426301123998,-111.62286663473556,99.04999543833924
44.07001630753653,-111.14831144155792,98.65550861469322
44.28648826938685,-124.51769212263984,242.541281683846
41.203069958632916,-125.41954106345716,94.39581952976408
39.31832608712687,-113.58217944574925,328.5918928720038
42.73670746560974,-124.5799284391624,114.66122326778026
54.59920592346546,-113.01293095229416,285.0679687850605
53.242970411360645,-92.07924672653593,53.24897615167299
40.11485367106484,-123.71664301074905,192.468356785691
60.043166800212,-100.14915746990289,354.7358256526949
50.211486370882824,-106.07803267367522,267.8175231025318
60.04847430241551,-98.78233317021873,490.2212686995446
43.74251409884949,-119.37171058492115,443.3467082297949
56.114461901077576,-105.78228830555463,211.58185056941804
61.40269220648377,-98.97271046840041,70.46894366252357
55.37531072399926,-97.97804859218627,430.5318350517585
59.37751937836981,-105.76952303972146,460.0554396416021
39.62544025194513,-120.3352880050431,419.28232703856656
41.96619714934556,-110.98362534889425,107.57747341389418
54.86515066548213,-98.17604127257331,499.0618104855295
42.975526951551416,-123.61343404764564,166.3628996987482
49.250601332337936,-116.89060250422465,375.8922107637665
30.372185288458148,-116.3743062892964,458.6156943510747
57.212120776304445,-108.87455288481347,156.05920144881924
56.36713084823113,-104.39723779419083,458.71634960467975
63.69525504690871,-100.54163031305072,189.26671063769007
66.18953167539053,-105.18167572408278,489.38595007282527
51.86556376307648,-99.05259862406724,176.56700917121356
43.9617251253717,-106.4798184921646,479.0461211410258
49.23236857698302,-116.3089927727735,74.09509290170371
44.13713527229507,-116.6182750463599,369.1724052514159
61.11099471451149,-114.39999062882849,289.45001022665167
54.98122600902728,-105.6223820898371,265.04468470522875
44.096836839133914,-113.04788456379114,150.572441415128
46.402342793115885,-117.35757388177086,367.51810539942136
54.54857161830093,-108.86542012716477,135.8642711508382
41.75471330601943,-114.42271087072182,298.77880819314566
45.07245501180291,-113.32252935003142,163.96041336811288
62.79501477528229,-113.76435493172885,480.0296209016103
38.081119028516994,-107.51778637719562,62.88403722604377
62.51974861295524,-107.8787315090302,139.87772605005645
51.96421691003279,-102.36847946843055,159.03977287435146
52.01850937818737,-111.85107514277034,236.33052159551735
52.105833363118045,-95.58464809776694,154.72860884152408
57.80189132903948,-100.26080339088627,271.1070906209534
44.54106447267358,-119.52706367800282,442.60948546634256
57.948180030425966,-105.6832478675065,370.4285396341269
39.89584634010294,-127.19086230560336,310.9828912408
59.780165262827865,-119.1477906519183,90.05143009220583
49.285145548116404,-115.67361788672973,362.2964487751741
64.37137288498576,-100.53991925867722,124.88642793992294
42.220807460984176,-113.42542536842744,403.8653236827641
37.47059162497386,-109.3965168784183,162.52554132956894
41.798854759247696,-132.0825201875655,237.6719277444054
39.52278096166575,-119.66765063993293,207.7115910430676
52.241068411072085,-121.23413581955845,436.4662616036856
42.15649510906977,-116.5204160681933,106.94500642103368
46.638925403560634,-112.15602522709155,304.5401970731549
65.69456758777432,-116.91157290655435,113.927724249378
46.57694883668877,-104.08153803076195,367.158126259484
57.37285024947485,-107.71764024746317,457.2851575075165
44.4581018845847,-115.42870208265612,245.57344424026405
48.732282511919045,-121.82010895400902,269.64151711923915
50.438777532379135,-101.94465674648904,467.340276417243
58.63533230920972,-100.71998239560112,284.4461248922107
45.293827891652946,-113.28725032977533,269.4192971223024
53.45753143543061,-102.01165634352051,310.24809621693686
46.41722864707143,-104.221719929859,360.1533813633284
45.05832861074628,-124.51121258659462,98.09751878916413
46.83280275352704,-108.41360516367165,419.4997374836822
47.44476256476505,-127.73651414428846,245.9772623539667
63.76073510091095,-104.54997807207788,82.55682945386849
37.13360909749269,-123.13448445464444,403.7822011391959
38.65774014587559,-120.68051955328308,219.62748725882244
54.077005836066384,-108.74808914924964,95.16537279277426
48.0912644178597,-121.22200241190531,335.2005677944628
50.737530788208794,-110.5933851282268,446.0591090451388
57.783983067789144,-106.5023186077899,449.4890792362938
49.99970955292594,-112.38416430268573,480.9485636640379
49.53241357756393,-112.10809212644135,440.4674568950096
56.215954077092185,-106.61758308556662,50.96341370546385
52.841204765111904,-112.15296069182082,221.1085248860256
46.3903245287992,-113.31731899446956,418.3441609574764
42.87354468489687,-108.40970477707518,214.8138526993134
63.12206490775622,-98.68500727879517,320.69682787086776
54.7472983037554,-109.17591414854174,322.84262631853943
44.82823284365499,-122.18962471255504,214.2613868174704
52.156595058269296,-110.67337418218794,457.0132672765794
39.62474697238735,-118.41129231238926,276.45275542375293
48.975002268334535,-109.34894130175222,259.1528926718753
42.69127352599195,-124.36150943579409,498.88118554785314
62.26533002827068,-94.63591614724987,272.0751638326775
55.99972676688479,-101.33865404429345,130.27921336786147
51.35903542993481,-110.77872147898051,280.88124028854713
54.67690079348962,-105.21680434185984,416.3075309839685
48.06838679126127,-119.57451463676549,399.5871471042266
57.08746356191956,-97.58886186057849,404.861794298812
54.747540966154354,-108.45249145073555,368.6107027990603
41.350932600630465,-119.25101696107416,164.3980230800097
43.47056413394768,-108.5008676168471,437.93783862810415
38.464250280661275,-108.29932675040484,452.0495594193193
56.09266223331031,-104.56891430229828,137.36871347834708
58.26047692263924,-106.45915783781614,108.70503644812726
50.64626281381165,-112.53748878949999,489.0222358651004
62.82020138613481,-109.68315953396893,440.7457836426656
47.16975462764596,-120.7224508946212,451.956266244476
52.89032491309744,-103.9474116533054,448.8693730809778
55.992496639281576,-110.05077949061801,293.7590708151778
44.45038135470045,-123.97575418781757,340.88078149960984
58.47722061723708,-113.27846281617013,295.4132834601388
51.24873174539331,-117.40649073729655,73.04285713564808
55.00544253153007,-101.05092927497998,385.4763884087477
50.684524073663056,-107.52656770892456,277.39941500114617
65.61085469023973,-102.31881797359472,341.4690836556034
37.56739650144256,-115.24633977421459,276.18791223899086
61.615810524197535,-99.21017704244427,271.3150950451052
53.38170321535791,-111.79354108766853,127.30509926499506
55.34636541919693,-120.21774358940873,175.42117181351705
45.83703200273288,-111.22553201315755,121.4837113747801
51.47238009641265,-102.65538914042797,138.0498330314041
64.74819234914827,-108.43652801650705,487.8398211891372
50.62893091618327,-115.40703730372461,118.90105059748927
51.4389107998078,-97.56564763139109,171.17169093734344
57.820812784424376,-98.50533665788382,315.7653459823632
52.39927064547841,-97.86848194172651,324.58035930648884
38.688604242291404,-120.36851976230226,119.28835838472308
51.758161838756806,-111.27732736226172,407.1728416033456
40.48504321333698,-124.5355393594703,403.34129056077126
39.82803483516455,-113.60426317498185,156.792966891751
43.90058615875192,-109.77738792567281,179.8998362039572
59.44187037044664,-96.30390746790209,472.0945394567737
54.405389135544084,-133.84824775344862,421.55215069076513
50.93580254582733,-110.4604840749116,364.0086648781357
45.43570265442101,-112.04321568827386,87.00494967977023
53.60363581107278,-100.5037997072986,238.21883640615908
65.48037518007135,-100.64686994069642,301.6858424345721
63.289210702562215,-108.56619959428697,134.33507959269963
54.49543955317691,-107.72780747891521,251.70196194870104
44.12419157235297,-117.27384629335089,320.46164486991046
50.78375169605675,-103.72946375114135,197.31950605192964
52.07467709356301,-109.76336809304921,401.4251685277192
50.216652416656444,-108.86317273648024,428.2023117374625
59.957542120744435,-114.25397215653044,195.62426124533184
51.16933027478471,-112.07638203423316,427.3957195216057
57.521236663077865,-100.40954009194236,96.60945474635676
40.902038334589975,-113.28927920801485,426.9780943801953
49.09426115588378,-113.4178958898778,118.73769425042748
42.573311586475334,-118.2368879965248,87.31721862937673
58.575001306358196,-93.51408701255549,338.79893199845503
41.98091430909268,-119.48830202503714,262.37181458988243
48.14472737721002,-103.08546763291857,458.5507701857748
49.86474718013954,-114.39120464200434,213.4351382408821
48.58867417045684,-113.48283824871639,179.2185185469329
50.035906979081346,-104.6435041250742,275.33070776488927
42.96386846132129,-115.8016373259729,255.1757835958976
57.71754800914339,-103.29676517804313,204.9926207977347
50.475255253040345,-103.08143891848509,362.18358441424783
62.186063944912746,-108.29147392360727,391.8028252612588
47.7122675331349,-96.62997415443363,433.8427860635615
44.73088602311924,-120.36327526157159,487.7854721196543
57.8299463926646,-108.91364755457163,169.995286459627
42.25942494608524,-118.61119923598864,372.24206712048266
52.75781748390294,-106.72208912312246,227.41620597308537
47.79321316056976,-113.92664643108077,354.68688737799863
61.27830243950382,-108.54829065189656,264.1917606571492
51.05512495685434,-111.79569762551101,497.1978962455692
58.49447372017529,-111.71738092730186,378.0059611058375
43.69207534152835,-117.39772502647325,478.621085195446
64.93375437421666,-89.70684703238787,425.7362972665336
59.179428263118574,-105.40737230045262,456.30545502351697
55.86440471756119,-93.23934426233694,416.4886387466037
59.099520961305295,-106.68857000307946,256.6216086691601
43.17562650253571,-114.03842776771019,163.30480400609798
56.11678240718728,-107.9070168893839,216.644078952735
51.88388536378442,-101.29803234538902,59.1063046879777
54.93384441995308,-111.03488957547076,285.7969253591002
44.155995489442105,-117.33766751573722,277.27601012168395
54.228644815520106,-106.94231678417927,286.3627091737197
34.7632558013912,-125.60305892044718,488.3140512374287
51.0547538426745,-114.07253455913911,460.15430155467766
51.68888095270582,-95.89971025710892,122.7707502485486
38.122241942643896,-121.79593657049914,215.99713470015013
50.56998525687547,-112.49536229463902,240.78028075846785
45.21148208106322,-107.13833283274197,212.2398130332415
46.929048286309545,-129.44495243853189,409.3231836217609
36.51832032250109,-103.59040984004338,285.81695144041413
57.813699592208295,-107.83716740182156,307.44491763723124
39.12035147017045,-114.28631702725977,433.8561015445665
30.621650450517144,-115.80765964363161,412.6676690369114
51.098799298327656,-116.19511893585586,109.49518526913484
59.36515597283617,-100.58897591423907,371.2615628376354
50.188118103019235,-113.20256049528854,245.946258005916
46.90182640345574,-122.37682480783633,182.5920063781252
57.98608187180965,-99.37568034394855,72.50846940598386
55.25832934576887,-103.02870157119781,269.26230215545297
55.18917257222168,-106.51505126016059,209.94650632603916
44.250200167052135,-111.1461222901224,163.18086785438038
41.971621013749825,-113.2340472515484,362.6022783186309
39.8816400382951,-112.60852181536526,396.2684242920142
50.946513605993275,-103.35767764284316,160.15528356324117
48.262514374643345,-111.30690950013633,72.25134650570627
39.60709578361916,-120.31785378029244,431.93871525435577
44.93803932812622,-116.60291659931437,54.4818835419365
55.965597712693615,-110.28697949337183,471.7006222646624
47.17053719437916,-96.81103200135536,332.42894329221764
56.97047415940972,-110.88903180610178,194.8309858405941
41.75598308215423,-122.67835381889073,160.9150593095313
53.0918384961969,-96.89009280066662,54.05254891901386
46.37566476547016,-113.04167274595227,155.96213765489472
54.21745978709976,-113.63868324500572,111.9777356827135
60.9986547405045,-94.5004897680084,325.4747993254155
41.84872312987328,-115.37976876007605,124.9455148672106
61.97886366739093,-113.72992499749459,287.8834268914787
63.01092242100523,-104.98028715892977,315.55239005501187
33.771267903934294,-117.43273042682797,184.11876425611155
39.95664787594111,-109.9598820736319,65.77922705842342
66.32878498738862,-105.66334716321943,66.76424627638825
35.04694618593571,-116.73108468556993,61.85629948726292
51.16673899619154,-105.50344811723845,382.6061002114458
50.27716217951228,-109.3023196189066,193.10436716643417
45.12759168471701,-111.46125362892947,408.33508368544864
46.97633586301289,-117.90994790032087,244.2797707292821
33.28083748403932,-117.41297843369917,253.8491453734837
32.032595849859206,-114.06789364307896,280.79717112930814
55.8654866243998,-110.14827082353675,370.86415536879673
50.97215169092247,-105.51878382954868,173.07628962336818
53.38572282477384,-113.35386624354025,104.7143072900871
43.43984648264691,-115.9415288696012,300.22580083615765
54.50469941750171,-105.33386308850014,197.13993045923263
43.654998143964384,-113.39735810127578,249.1210911506168
46.837935414677034,-111.12234720121037,341.1260187517874
47.10604350880974,-123.32371492547642,272.35658351357176
63.872656301357566,-100.41110262074275,329.1254676953793
38.361443554033855,-114.69033588794933,294.8900009511325
57.76597217994238,-98.09855865891402,382.9083673712446
48.43143363090935,-109.75373079838498,367.671477970229
54.805633424053646,-100.70969402068934,290.38545131387866
50.25446129700462,-104.1413180117246,355.5063593868681
36.923367719372294,-116.07395415823292,443.1018210226757
49.137041744335534,-106.66646384950715,244.52207950467587
50.174021439789726,-96.07160557227317,235.74338273695716
46.460661133995806,-117.26780606694466,393.91052938357103
53.08953475641536,-102.03757972470709,312.1492266688973
38.87191294006311,-104.99413318908815,81.95305110016486
45.10420432366868,-109.11351960533553,451.4504070609866
52.55099702332318,-109.7985755589365,63.85239600693807
51.77869787140543,-126.26271672386686,386.7783602943844
54.68460125591591,-100.13133740268574,391.4573642169408
53.297087652887356,-110.32883767795772,478.8999883768687
57.52387313257027,-121.2979868277553,74.36048378104434
32.03509352646659,-125.49885027735712,318.5855873530209
60.33791639185003,-107.07828467504014,242.52825678217383
38.232138347412636,-118.97335841791607,198.7848296867939
53.001474154150465,-99.71173726829699,90.64335213458288
38.46157116471004,-121.31996315159677,303.19435385208914
50.43172900555399,-113.44855260867023,265.5683265535761
53.512434493163646,-110.71527501766386,97.04950616796091
53.75364820064783,-98.74456161368389,325.6202781936875
40.341268871875954,-120.65011700198801,382.0789041138223
38.15884747673956,-120.38163066906246,395.2752354741417
40.56238450620545,-118.80255725019549,457.41793471809234
51.73248902038589,-105.26651666673435,234.2618338499497
50.812356043201504,-117.9057797109529,478.8827458799617
45.56413197317692,-123.99866418966035,439.44323228720873
49.30263750081743,-103.29100175486916,183.42570696077257
51.1918855920961,-109.0232455354879,121.67736680725632
56.119878705755475,-111.29394335681476,245.92522825760605
64.26439580465127,-94.80486339719528,230.85441858018496
44.93543531928896,-106.14617977440939,309.07368739904194
50.626837721425446,-109.60189350979009,312.5238045474866
60.335228458560024,-95.74112254378612,387.4941429709888
55.024086354299556,-117.70947298551502,279.4504766925246
50.79312239689459,-107.92385080548256,97.17018842334448
51.736395180821,-98.48354949197166,436.2311009988978
57.118442343389596,-107.31645520054549,189.39406243333417
50.79623584443856,-105.86552036543152,487.0838571379664
54.4815675184147,-104.88120918884792,103.03704890589655
59.66918474312455,-105.77707642100246,481.2130275046264
55.65333049892115,-109.2089294699043,90.95531309713265
43.45228867243215,-120.50989337512733,153.96626207617675
66.43448468806987,-100.23434703108231,70.96097393894371
53.802851577402535,-105.66833064796272,367.3009159875477
44.2867983638407,-106.1106328059685,432.6344314573063
57.5986269741412,-98.45004520414139,245.3319868171912
45.08971542140864,-100.54370842550131,467.83493376909337
36.63045678794567,-116.75615126208821,315.6345822900198
40.394723660937494,-116.23086697967312,333.50321095093545
48.31737403246332,-111.58042547595718,430.43864076534646
48.52232523914234,-108.90489294816227,183.5600922733275
46.09930216222339,-123.05567347639665,209.4195745974316
66.87597486169624,-96.03036219062072,457.67836363758994
57.4163982188378,-104.1844009047785,455.4335732174437
53.52582874877977,-102.03300979831,489.4172492903919
51.19757519606626,-102.43812218825961,455.827242398752
54.94738872744425,-105.89433866097943,107.3174162150124
53.514214782790866,-105.72901326342242,420.6759287616443
53.825955230199135,-109.68770280011675,234.4273151493173
53.14655618003178,-104.73061676131489,495.860610175672
54.52783986399892,-107.35761007207444,262.52643394796047
66.53589834144142,-102.1443781232915,299.22623712599926
47.10009452290966,-102.4189937221964,288.39871186555933
61.53299340404867,-104.97925742792509,194.78166343622505
44.13857476853782,-127.34808663190839,83.75994000181318
47.89851880927149,-119.89056007542989,453.04305368086335
41.674350849709185,-115.03082838317313,411.2041156368291
44.29409904003238,-111.88338197255617,112.78705125185118
45.26207193358408,-115.01175616213442,399.5457221075328
47.97050281084361,-121.03463674776363,331.6309997227745
57.882731037859095,-94.88380830349021,234.11470456293003
43.15085699399468,-113.48330007947449,164.30951709300322
41.87088951381079,-113.41020156919294,436.8779525760046
53.69458862866526,-108.73106624822267,365.0847166823239
33.56242336337276,-114.97972547890672,296.4829592611116
49.12527002777577,-105.17136527572434,324.30584025430886
47.49769553055661,-111.95773966504491,90.97978193698144
36.284980491192464,-122.76197912859574,263.2638924100364
68.06323314508217,-96.17027710396374,137.1651317535659
65.14975864213736,-105.77099777347792,143.77265555397142
60.079131514600775,-100.01059160833557,347.58678302909004
62.211766959787035,-102.4658933484616,460.06526832542966
45.31419690696789,-121.69093194356627,231.690474715256
58.309770214954405,-97.66334991584212,143.48717285548565
55.05756644844225,-114.39962650528358,341.9361217564944
56.41599406958563,-101.66244787429808,442.034170857643
38.7749858640762,-110.23381349764225,386.7434605051209
47.03990913236259,-115.31915318845692,440.9407537414642
51.03603707301248,-117.85321872860938,291.4496019548597
34.27678676309041,-114.97604384515788,388.3443099661359
51.30397815934479,-106.00161034680184,113.02905171152142
36.766809350238326,-116.52384839912877,206.72357691343615
49.88503126914666,-112.78139053884505,225.2971240166851
48.5972574670806,-113.10430512355617,280.0830858107156
40.396119856418636,-120.31877102647042,468.0843621155707
44.50304947544692,-109.47550957162494,443.4334520999784
61.051378569272295,-106.70862721250585,110.53647153013304
55.87089289457745,-105.72949840981917,127.75534334710844
50.43305569424688,-108.7319204886246,210.9382473150101
55.45612179504546,-96.64704185483123,180.83473965080327
40.92989928443713,-123.13745992217832,326.64692892031803
47.310264531715276,-110.05560005410486,456.2492214940452
38.52603439806969,-110.66773050477444,483.0311937526641
50.22837474687917,-108.29232640999311,344.1213286408519
55.89569702330334,-115.97613075829905,427.171640630489
35.37096854572215,-129.0812184391463,286.3409901038587
41.325840674945816,-111.37071617560468,143.74712608701788
53.78678467482558,-112.8281799030591,286.10978544206483
53.86060780731225,-108.45010517129873,299.78717064694297
53.726731060528344,-101.03353593414363,384.1059038961005
46.83699383508335,-117.35037715647505,148.94734536830708
50.343462376401185,-115.20456267497421,215.73967193902928
54.05056163382596,-104.21733946995832,213.81236114655485
58.18497057610476,-109.31502566961534,481.7478180835242
48.29155255581805,-120.11464226513114,249.77523214702356
49.871233289879555,-121.18404692158309,389.7922852841659
46.42335873905637,-124.79418649653172,387.8651216184976
50.36690087614935,-106.01766094351652,169.49488316145863
52.47152299084542,-104.22151022788991,307.34136021727943
48.30694389949074,-106.64228725166677,452.4363019933916
43.24561644575402,-119.06133478195855,263.83897375562725
46.531574556727335,-111.52980583603978,475.30287830414574
51.16553382239264,-111.210280942192,146.50620319587273
50.90597347132788,-95.13438327443471,83.37159759831383
60.30903497687927,-107.75559418971697,451.1542429151372
40.111189257060566,-112.9751732479229,431.4565390829975
53.46499190325798,-103.7470302540717,496.6654441702301
46.02314238222502,-113.62989698028483,355.7270696505917
57.570052390678164,-105.87466214260728,471.50956700021726
32.507466341997855,-119.83141700609704,422.1270612878498
58.22524489998232,-107.9134621740981,429.9918499040391
52.821118261284454,-115.61631563161916,306.11370670442074
45.76616251704901,-113.12643875063381,222.06406906251988
42.97430710888523,-97.83520300607108,470.5511326444768
34.53920060814529,-122.40012241630953,244.4527290271525
49.17744317523283,-114.7548202436175,292.4687152623511
51.86825935357379,-101.14164617595831,250.75143820633448
44.245389586044105,-114.3835932347733,304.1682412820888
51.373403500377975,-115.10231935907326,261.72728554654725
53.53939253374498,-118.90401553160413,71.58540136076414
37.59975876413359,-109.55962355068539,446.9216837034644
52.635914559822815,-110.51105915137259,249.9772185120964
47.68543279086113,-118.15365441008157,315.0246418283069
61.70568975543731,-107.54875096443368,112.63451124109416
57.26944410350572,-104.04684703834874,51.524531592187614
62.06209837176708,-102.89582312550839,160.38054213963932
28.972381892424014,-114.05213179488062,367.0637144600076
35.45799165266818,-116.45141175062508,94.63753855079536
59.772391257976906,-108.23772898764825,458.9993481739105
54.203946435625426,-110.55979948096913,146.76015621028307
67.69100018131527,-109.53554623611366,142.06712643129913
46.938487560339446,-113.54625609474476,131.678582729673
46.01229027911611,-113.44350394810299,56.291770837114136
46.50061514621699,-106.38970624373802,397.3124608152056
46.348017716095335,-113.9969403704181,443.7655390603664
44.64546207902873,-118.03473905362128,326.3732161772895
38.51463608426098,-115.3537605200628,134.68999175593802
51.32358381516613,-103.91371514654767,178.37509862339587
52.2937642871586,-105.39574509455397,264.1670138142335
46.18001173919783,-108.06760143704567,479.4556782304854
53.27609213330116,-116.8695411133035,161.30811731798426
59.57785807169632,-106.94050450928079,379.2406567639496
43.13020212585735,-119.2371486897437,247.7517004818141
47.24456925151814,-107.98474690383551,184.03130676200985
54.71314463264574,-109.1598773810929,255.1621716599512
44.55080268718761,-111.20047891368435,82.04302289355465
65.0031355394369,-106.55897607413289,409.4093169186631
52.80198562086707,-107.27860002425022,159.4858675923352
53.416526667189025,-118.80576714771004,376.4354554368367
53.209781547463066,-104.76023897712918,80.75676715168763
54.37050498157988,-103.30311409334502,479.7943502745587
44.97254306110995,-108.80622234985267,136.85674343256437
43.86039318339391,-102.44226140990801,447.2339342931862
39.98070220621478,-114.89013829692227,414.2629443269455
46.422091332386934,-111.85857042382118,485.5369658366372
37.37129898888981,-114.97881209756505,265.05079742558735
53.219871519272466,-121.65293455067747,377.3287822306782
39.85924850061765,-113.33307586248125,216.81979566700284
44.61797778052913,-111.17391875590799,132.9657071088622
43.88507421193868,-117.21411963712256,249.384169820052
48.16870153531175,-112.78483829071551,124.5870569248047
43.42337166042403,-97.99903869374809,491.9200802538728
49.09942748129757,-112.21241717530765,93.31092101332236
41.827514552627925,-110.36521137600234,315.1452755536792
55.39802189270338,-119.05297356173779,331.90873486432514
55.96339152860345,-94.82650457729106,292.1357942933244
45.514828720474924,-112.08109166044176,347.9836485703251
60.54026604252553,-106.38308934424903,102.28134875535092
46.4468689872715,-118.60985601430892,299.75833589238096
46.6813312870344,-121.6044117522131,179.2456570073127
47.09205494038557,-108.1400230684308,473.0792284854755
60.350043584369956,-97.1252148287626,392.93224404787657
55.933203049640774,-113.20391985742293,487.6315169718842
53.5588682856521,-110.50410366551516,66.9002313830853
60.52190295707714,-111.4673109930945,178.3099288313189
42.66011846593252,-115.974553575764,137.94016398725705
54.49791246236776,-100.90772685477197,55.01956429032373
51.13847766541131,-112.6894540575008,159.04657861084465
55.06775125922332,-112.64267996524603,355.449192584193
56.88885202597672,-93.61765847120425,153.99001496055587
53.78512806781482,-103.2100217260217,279.05155046717823
53.074377798323845,-116.03160009836226,449.5181517342494
56.20093618650463,-105.38886142222732,362.1910641570839
40.989260230988364,-110.47085031979039,227.5830814577144
47.476792699991016,-114.36846121505351,217.61102251044875
55.28339620113296,-91.83173191187777,255.0811163038181
41.60543302080713,-122.582476966511,129.66864847695786
52.41558157620674,-117.60416281256745,335.30034533719464
52.98950188440732,-122.42621033090803,213.8687685970725
56.02469099705888,-107.88996130104965,433.5644071679196
41.293381400245046,-122.35320329249441,390.4486970260173
43.7469015476803,-104.53076977767685,324.730923841472
42.78967733192375,-112.92855917016794,213.89100019228223
39.46049677866714,-115.00948184510861,144.46932425306798
49.58231324755444,-103.2226208407833,399.2683388475303
39.660587816963485,-113.8789875504158,268.88409454598894
48.38800103060476,-109.0555813103961,151.13751717981086
36.418234195384166,-117.69719029170015,137.8285767680028
54.07337405152478,-104.14125238793714,124.43040702561156
51.62528460839171,-105.8598763079155,399.72253829251775
63.19828974524232,-100.5349712876366,153.04423338514027
46.42470054277821,-110.2723756840879,286.9890185863389
51.202657008478205,-107.40465167284535,253.1958624378754
39.81997786108458,-106.01406234209054,310.8249046527277
53.97396973111037,-106.30458983137356,444.71970516703743
49.81090441478864,-109.27854925797237,440.4863255367788
60.57045252415177,-104.14454775642243,252.98423232118685
44.8574890997813,-118.37697973348023,56.914812830625486
37.17874138214613,-116.0496530456962,241.8997125714364
46.589109880651,-112.52096368666355,322.7870918408632
52.11607146260374,-107.53955402107617,300.99414159412777
40.93710390369606,-100.92491440069534,343.10124761009246
40.18432409606781,-105.04513712526695,119.33407961288756
52.186457608596434,-108.05477383160606,340.9407944513297
58.84036221852898,-102.25896102855567,132.19322843469752
58.79123266542517,-119.18410726577875,387.73579131353705
58.36553679604559,-102.33793026688187,202.589425968206
46.480467171117176,-128.8433052679169,369.4529450216541
48.76028006207805,-112.46255765776037,71.5395195077482
49.284249409928414,-110.47523333154152,233.53701151591105
50.09168901389547,-113.59870383484657,367.26553501849975
53.613514130750396,-105.13256474795601,152.09173234917236
32.892503091622196,-127.22643456919407,407.8791701587501
49.21832735190775,-123.87632848869177,333.8508798972194
42.53121052401793,-106.88164815633796,314.40279746740924
42.23022088572446,-120.33333598058711,209.0969843919517
52.416299042276194,-107.39264511747291,267.1031616715029
57.38713167903946,-102.04248236600952,318.8071854400339
46.91128554214686,-121.6797606815029,262.6079512617007
44.75065377659268,-110.40096165589183,364.24099577325205
60.931467643532756,-105.5361324286326,245.1636198981318
46.489780138487745,-104.2422739263233,141.02293178391366
47.5673325440521,-111.10730688813793,146.27020226047125
59.335844746584144,-90.42824151995228,52.61169597932349
43.36199007543664,-120.45073664092533,185.4309720014026
52.58553199426548,-107.867507282572,387.0129382153338
58.93222971577491,-101.03843128960821,407.3732189769243
35.57249629299956,-126.7771864124457,141.1103939430875
50.704573249274105,-105.86150605847793,481.5697985921335
49.80432408513075,-113.06952027248508,276.081257066057
49.771938331046194,-117.73435081385689,462.6404370583262
39.057190797704905,-125.99246131000399,368.044376837734
51.01891124745522,-107.97006110026922,375.0950403600859
48.10808934788228,-115.44835092356466,88.269629587732
40.4457006725861,-121.05831363510396,148.9960071036188
43.249126191504864,-119.87928637731258,53.966674982512686
50.501754569137894,-116.25205815132257,372.2574382145319
44.25122909784972,-118.29344185848923,204.9972297928295
56.033281851838474,-100.62239060947374,403.993632234356
57.13686598702453,-102.52299953386506,202.52129897166185
45.08200646988384,-119.99231920218617,418.7001885344875
47.07634902831923,-108.55399769458303,108.81421418674086
56.20709975008178,-103.47343382483507,128.0179205408787
50.43478993692844,-114.39076324183688,203.39444281277144
58.120200710812306,-103.58928001273561,233.819324997023
46.36870553982882,-109.33384839133687,206.91626487934028
48.71127591839539,-113.03225193058321,393.64116463544894
50.67333072238837,-111.03834584728797,93.62812668202162
37.343313978485554,-117.35618845799621,208.04765883731963
48.612517474386834,-105.0252613873151,426.7579997819567
42.955411471325995,-126.14269365915759,80.0586847679774
38.80084165688234,-113.24623262901021,474.0545784521108
35.7747511690019,-114.18004999700817,493.8425790224058
60.60189155384468,-120.21938607147612,89.85567822128604
56.42946852707098,-98.14471776612613,181.07263501508163
34.582316162932,-115.15422504576505,217.58029971591023
50.88420678310955,-99.41511052359537,399.3761158937267
47.878842956485805,-110.83808249531629,318.1670654525302
44.95426665999898,-120.04386165725501,339.96456522165533
57.35878613089304,-96.15973723082841,390.8794202683277
40.49815610901121,-120.76292412733883,103.09054974666157
36.46056283979445,-122.96540881504907,424.9442556096181
42.56854233274842,-115.15334131406172,367.5289118810648
45.74472466731842,-121.41869062626542,309.8037763383666
48.49566882142384,-116.0180509140466,450.3809006523755
42.283844402368274,-120.74264149624308,365.1378592477132
55.57224439905933,-108.10384336105679,140.76498318396142
46.68118105162261,-115.5633922877044,243.38542148405003
45.429542246133366,-109.50732190690414,272.31929012108
54.83974549491954,-104.04509127855805,74.84793203768254
41.85369590133936,-110.28246651498347,479.5868810120251
45.705362313613804,-107.78375163251037,107.85976735859532
49.06928739249978,-109.37263880393374,363.8575702520271
47.572675905534,-125.50137621470827,277.8039662408961
57.852196302070745,-110.64693782335834,61.53451244799017
48.328563151395706,-102.8259279511867,466.13636413896273
40.473802689317395,-123.29126462038597,433.32656396852
43.237225102142325,-112.85952294093816,285.916067556726
46.44489558399891,-121.20986592744083,153.02405126275036
55.71327560911303,-104.68612810761913,104.7303008060424
56.56349867420319,-103.88270394378745,213.52661574445696
49.82558668609347,-113.33127064808681,164.94272647074072
45.21443826396669,-119.97966906444503,278.01104045283444
58.73202430445218,-108.81426180789362,484.884183255543
53.68353732201702,-100.01497918065986,308.72907195333863
44.86366785930446,-116.42821096203173,450.46897515054405
39.15469010100608,-124.8345912849943,342.89547687309977
29.59910183052419,-120.39529245333935,263.8609369642402
45.80235866832835,-115.71112566505427,434.57340323001705
48.92234233935816,-121.34505876146153,262.1156495778489
57.328500184115,-103.6951316934477,440.8826767296625
40.228550370668955,-108.13682565692127,181.2095463090944
59.33564294245001,-105.92458077920756,107.96588319334464
57.74968135000891,-102.44313448015436,434.8915089633223
54.055306565352446,-108.88133889056544,314.33682370670005
50.78138061062802,-112.45981359759969,450.09157921203206
43.72404178289445,-121.00628119371198,472.02224314657246
42.540314859878954,-110.72158074094828,74.13277566715213
47.96872328458754,-98.04776913154289,275.4361858364907
58.776807603122805,-113.80999024064081,218.73404708353817
45.064342482863566,-118.6688420486148,331.6362786815527
47.838651178021195,-113.30189158193497,407.1160387410456
45.913980450686076,-107.9604593187024,176.26559718846602
43.412759137947155,-110.04046355277393,300.5592729679272
36.42194838284445,-121.8340471618008,368.9278609572048
42.134746980299255,-112.40133141308343,110.4939872760803
52.75009599369982,-105.02885963077429,416.3301076780701
58.106846848513996,-101.10974125461144,322.7493199338379
46.66361848630736,-112.85577057852036,477.2918467011433
52.98176032093199,-114.25657458333679,202.788013608812
39.18511090819754,-129.27383900600896,98.6656740517394
41.05520688212667,-125.62787651199235,277.9255404666164
47.47263108006254,-111.96968787086921,88.61484726924749
45.57139503642175,-101.74854591845995,486.2869354958031
43.682094438817906,-115.67622417968569,67.4082312157362
54.60532178529719,-112.26024985339987,389.0767554982886
57.034300165241845,-109.9057343551002,286.2960791640098
57.2490165196565,-101.80256042057545,215.87929362422992
34.1351663700096,-119.03272370206217,79.62897402889459
52.37469649457514,-104.94170830231131,329.97511587812346
66.82988856234189,-102.73457348123566,313.34914822592987
46.38653876939767,-115.56733885966807,176.39747288041988
48.414430037884294,-110.6963252308357,459.5997656346405
47.420627041657525,-110.82216842866367,186.8495033042766
47.5969724460696,-117.33707401663406,252.37643476644777
44.09939673666454,-115.7268871061832,294.69310516339505
44.94536346671391,-105.98825978681433,95.10434517932872
43.26212012873348,-116.11384893973216,469.47277364613456
47.493094720765804,-104.24336463397005,218.5412686029685
54.44936878963553,-115.42703953707523,86.35064624345463
45.008717133015935,-115.76016651274703,224.2810281538985
45.55352259011928,-104.25371404778983,320.0911461916613
60.410331999032124,-108.43703601966196,281.14370231959833
52.65834493557412,-112.56625810895756,362.5438883167733
47.79122792618454,-116.96553048096723,74.96777393055979
46.17726764080385,-118.45441263320792,178.04327462242526
51.61548029545285,-104.1506853873657,418.653759578046
52.74545126981644,-103.40429467393486,85.9521595061124
67.10452104464403,-115.00441977877561,434.9686796131809
56.89329688841759,-109.6748838195163,91.35324143469782
49.95063134041637,-118.5594868041035,425.5043967012633
57.724735248003796,-103.04919934532951,212.354780485427
41.673574464426366,-122.25008333912095,325.4940784657471
63.373466317080805,-102.98053647553795,118.79920204159916
56.0468687611959,-105.29923652313126,79.77592477633138
49.14218088191116,-114.36690486993106,147.1721918090608
54.05600393206694,-108.17056399343873,107.534218058913
59.14256511340865,-102.76273314239012,190.5826539558343
49.566725074560416,-103.76467406285853,281.4724609299591
66.23082926644041,-96.6599076007892,314.9417586042543
37.715231020190316,-121.70852199331749,405.4406483208843
64.04253292030188,-90.05402418531665,345.3079519617614
38.76925889061754,-116.83306530453196,323.94124630829884
47.62504608334709,-110.07877410431291,235.30191236859855
42.08298810255162,-111.15889393209454,263.2137957320624
37.78188018761028,-105.06582106260308,236.5343732255815
45.08588555573267,-115.26560707702339,428.9747135276224
44.76966888282141,-118.25005009265102,153.50020364677994
61.501619240591666,-97.42251788315176,52.57441919388408
49.134785353755404,-111.31502095954946,343.0939537518077
47.052597400031736,-115.41941531896127,141.10798263747412
60.1655191123768,-98.6350865383218,450.5518113394142
52.31142657967408,-105.74473747487876,436.5708483679952
51.60166768050401,-109.818119567806,84.52731736769266
46.54655549172963,-110.31196467488472,97.8747824363348
54.98142638962079,-107.0574681147373,272.82721651099985
51.200078916715185,-121.73133574087404,324.1501982462096
58.053719723830895,-112.74278569099322,173.70875186700837
56.096674463736264,-110.5912751240002,372.5589725147168
64.82600090431798,-101.0567752905321,317.7122094134922
45.82239902824781,-109.57460290076142,196.1708493868496
50.5666409176334,-113.40429298511546,61.41716961904201
69.41001004548826,-105.65526777201636,387.56762658433297
41.31514292078602,-100.59703467858756,146.63914962128723
47.05602930368085,-112.30248582638033,425.5131845581828
52.1341579389862,-115.91257406650271,239.13061702441485
51.53125016139377,-112.50875227310695,309.6848491842944
52.79826066655579,-98.49940129110098,442.82692868405087
44.03619438951266,-113.40580583501432,438.630350413979
43.9258561424966,-109.47862716963881,217.183808859608
56.45587893965932,-107.78618781071609,144.0000017216794
53.81011896751689,-107.39982099164645,398.8157349778676
44.84477767046853,-115.88395617171932,244.88609162095904
45.402733066861856,-125.64008973995621,136.41889710155183
45.82301644578878,-113.76972969708804,456.9914040427176
32.69203294492408,-122.39916171745467,139.1468874084893
46.72640276816332,-109.58394724736868,61.61322568605399
55.78976960516223,-103.995010926365,59.12598819533898
48.73099094010319,-116.42337489814416,330.0419104044189
37.264696961763164,-114.9405867995593,347.75377732288865
64.64243469911946,-97.94998658141583,189.9687672756428
65.75515843015778,-103.19208596643941,194.0049451611785
50.66400107539541,-104.34036788279965,202.77226177697423
41.343326894388966,-117.76980321616827,356.0713460414954
53.08267306963372,-102.61406720232995,76.16020596207287
46.55339547911228,-104.81135658206648,468.1023587110965
42.358003446372884,-113.7831911383895,150.13446987985088
50.025479823510096,-101.61014250963024,499.8529423589415
38.462966900876694,-128.8244137878029,127.18521220423416
59.22121416200056,-103.22872245872075,397.1959057905698
57.01164383246625,-97.4776838044251,150.53564521833127
44.61228620219405,-118.44212974721799,86.38106073946429
53.333205694512806,-108.23450849521323,443.719995957792
39.08528980375319,-111.41272105881883,436.43806663590135
61.89223381463219,-98.50183593610488,231.60667660232065
41.00491326855556,-114.59033735319305,366.0782641431921
54.69504957195216,-118.8581909432631,300.67966970776274
47.12025920091341,-121.16435734697494,433.83025115318696
45.4345282598718,-122.14321713398516,191.7751861933945
65.28925212040383,-105.99891403315941,285.6525799995433
60.49974181854581,-101.13943670834615,268.4175670420477
48.03028291667995,-116.96396782439717,209.2576218155864
36.07972756473608,-118.32922975400129,451.1547790503675
54.83759169261082,-113.87006368012096,124.64506609814096
53.034190449040885,-106.25263840707689,117.27888778431328
49.7172337833706,-113.29158372424901,309.60929089523813
45.17498998183693,-112.82713632038825,345.8724034932239
48.128050326671975,-126.63421332734784,137.57866444605435
49.4017658881959,-115.45014945884691,225.82284901458087
51.351073299313086,-104.55615804270339,475.9537293404347
41.0048968968903,-119.78462187070501,160.9778402108033
53.700729183374285,-111.4614359516495,350.7623159528273
60.1700418301148,-106.21393171955587,383.0672271639159
49.64753028541959,-111.97679221188923,251.65791475932176
43.055835148235246,-115.61954602019539,471.8866940418124
41.751771524505465,-111.40335132970648,381.4955308484557
55.60062373182028,-108.12684369111395,256.066060937404
39.05871758245043,-106.24575183086117,306.2008407992423
54.7458409193999,-112.28564037959588,361.6760495412953
50.369611575328356,-106.05745831252337,316.4855811931482
37.363615542921835,-106.7528118189933,445.41391272173416
44.4374509060063,-115.20606888678377,210.5998980261805
46.10067445566036,-100.4316044561624,184.9485830251122
54.35274603415413,-121.91993305707423,146.22750027286895
54.923340615073656,-98.86852106148733,67.00233562906782
39.06153517968722,-101.98057303517245,69.35628397102491
56.463336542102994,-95.11426060373729,441.5248368991773
49.122923461543635,-109.79594348232304,355.2769158826583
59.56335879757197,-108.33213285671908,347.23958694641874
54.06558114115611,-97.85477766524552,326.58926852069874
51.47431724729487,-102.75865664679631,432.1486151123472
47.441427095640535,-111.71507988868657,266.1201165495323
33.44684521227964,-109.64810590921209,441.6848728512351
57.344028544176794,-104.05655158700164,211.7502617820076
49.16291631812482,-108.8696725181157,467.0183769525908
50.08080424342948,-95.4275938613984,364.39564103655806
56.54451038190924,-110.4210953844578,165.72971121099226
53.13752123571817,-109.30710402503313,303.83821475988134
48.98626337161077,-115.14714734664507,289.86375266971504
61.31417017102472,-104.1436075298668,112.05446977865029
60.94928758474428,-107.09899641813854,316.05930758777635
55.75029924690544,-104.45469857301494,191.6535306726311
41.93393055220499,-112.37957084757905,73.5569450643211
53.45573384417286,-109.82236180443086,476.89527096795416
55.88849325380943,-107.15465177299386,338.6706660789295
51.07626107546774,-103.65372266512854,444.6135193418812
40.63951617562375,-116.45795472687504,354.2252022559639
50.684551025749435,-107.61975438068806,210.6426614630508
50.92534787175967,-115.55353673840052,280.7096325479652
59.00414744229735,-101.4076420505318,354.08604215622967
50.63602347895815,-103.59409465386777,482.1135463406469
42.45156900037784,-117.7905789256421,164.15125660476343
39.493720924715916,-104.3216359627149,443.7396763808529
52.91983391356374,-102.16737278211397,465.8350123824212
59.416738979317444,-107.76174877987187,351.6869815965305
48.411319963730996,-105.68860882248835,469.069982330602
51.897676895682416,-111.11165588474955,229.0453643648158
57.75333236150631,-112.90427404380719,478.85727921819927
49.158210865900884,-102.76115052713213,366.2522947246887
63.600042702794894,-104.07284019178653,68.90259533846536
41.613333525867006,-117.02806606151398,458.0927743185737
56.47031799355352,-96.04034890031716,268.0127640649366
45.12531334092669,-118.01188451255996,257.1471431500248
58.817779648357686,-106.15054726612273,304.9099726908354
53.19734241026255,-104.9798128801059,117.22304604705256
48.77764727813583,-110.95973894360714,261.1247218553294
47.193674327009155,-111.60980508906272,424.0072475229856
56.713070662785924,-105.7753719568231,56.9671066118819
58.556367398621866,-92.25518085627994,172.8127221459671
50.87091057431529,-121.06478887490411,51.1045638997299
52.86658327725862,-109.48059364316896,237.0700891174317
61.300497649581125,-98.44280632630705,377.7419797221806
51.56159266609234,-107.48890024812016,409.4473231015828
54.67263552335052,-113.61464740776321,475.33539250715296
51.575193340030125,-116.91375750132573,323.8270758368539
56.11721922324185,-101.74290152859363,164.58208999380298
44.97966203645621,-110.50126278607456,465.8665771115145
45.56987420799093,-111.9766715082556,398.8920892461692
51.94948672315797,-116.64756432431554,308.49281735141506
63.10457377691161,-96.30035932982223,363.0380970735212
62.14415151263105,-101.54188596291439,465.9423597533431
47.583837471466346,-104.90710957978959,370.57731281281474
51.88651345965099,-106.88668040970995,215.7685284131303
52.07488522662782,-103.18090911261102,370.8626910300935
46.796212699068484,-119.06506883312693,68.12517323092455
59.264542403594255,-106.26989309351839,223.88700282376155
57.82860774598167,-108.64038417582492,232.84536433051068
47.06393684163556,-115.77905897715094,125.0772054893756
46.47399476584402,-117.84197793431477,60.38846624829658
60.866684177329006,-115.52172504845556,110.02155648698428
44.786485900698175,-109.38032389730374,344.5796731086748
50.62538209007295,-112.37735356733943,411.0299673636594
47.675918594316755,-112.01279970988986,494.6915717271384
44.900015484463225,-107.33763643550081,205.86357639882243
44.659372853383545,-113.46815877682539,319.72065001749576
73.73066482306545,-97.74692049657885,471.7152350668049
51.35817947420818,-101.30351726017525,125.16880160216868
62.48158004415117,-96.32219830577067,372.9405138542342
49.53988817030256,-96.90021794028114,389.7404299171234
47.783556839147565,-125.44255927211861,90.03899114120227
57.38772593199558,-104.67694056224614,437.5622233323793
53.56527747852672,-108.83154266069603,415.89727119987975
52.87476809308359,-110.43685568329126,65.0313529598455
39.58754609797434,-122.3586638713658,90.98798669602316
45.664628256855586,-115.16449848809734,72.10710225133354
58.51932688795132,-102.18941232074926,200.634589309713
45.190913803757184,-107.10062879429086,279.1800458059668
58.90182768157866,-108.86202966183139,289.556477579583
50.193669906166065,-113.2140288667717,170.4500418962492
47.12683014807797,-116.0179172219383,460.2185989521234
54.593608093847976,-100.86597944793222,215.7182554423609
53.55154210496955,-111.47391229761777,70.49757018440863
49.28504696126626,-110.55478276125571,185.10220019362387
40.165202975401215,-116.05225658558648,288.99924014487
50.0417649007056,-115.87767197515284,233.6998201647044
42.37198362050018,-114.98786295328395,173.22913359466662
52.879082777164825,-114.25392899104546,109.09546239394284
54.691650000742754,-111.95656425794112,418.6240250433034
45.114529868255985,-112.59035780829251,498.2653589558863
47.78314332453434,-114.37689111959955,198.29396008574693
54.66489828675755,-105.85518610375853,221.72946987947176
46.98752551739515,-108.44739370844553,328.1168861046307
60.05222493680278,-101.60160975296728,373.2986636309936
40.08753998245093,-119.4193110269614,226.4132906616161
43.78492902626915,-111.84065066017884,457.21828264181687
44.31995634305091,-116.72829105992881,302.0017951530133
55.0190093021426,-112.85343743983975,252.67553438266896
63.253919311821726,-108.39945327116794,341.0027389219573
63.68095857787478,-100.02593824646553,478.7617317121279
53.795580426089494,-116.75322085698919,407.54853248976747
41.02243682258876,-115.35206969204854,68.00590874080595
66.22491162969872,-114.89412617099755,199.53945983298183
44.82697014181396,-117.8765733883136,261.7451082280502
57.280528778793695,-98.15127684040367,191.53290749409737
46.98925478659533,-111.12286203452771,365.0844023737054
50.555246335125304,-111.83809065497965,421.8211174381615
42.18405512268575,-113.55664940030263,379.1052928333722
56.63095288436901,-102.63654697921234,495.1999790727239
41.517250239770206,-99.5076782269968,172.6464415518631
45.50629323881584,-122.06628415762673,443.7452727609897
44.14363596066547,-106.90323257951441,394.9801993285188
48.39944232987525,-112.48016271759386,212.9804409011657
43.55136099979751,-109.62446262548832,380.3560446456359
39.511958745694876,-116.49865241084795,96.83418038821114
51.0369217768781,-104.04605175801485,405.2000670532486
52.51569149499949,-102.31526453165608,289.5487711641962
63.80754348712861,-100.74218961254455,181.53057771916392
41.03852156309526,-115.81648144678478,345.09978580288106
56.88286235446653,-98.11701606553879,338.72899942148405
42.941122405993106,-115.84238848339024,144.26880022381988
48.821497356129754,-114.52355203682,63.678836665186765
42.753220972728954,-117.59110850194647,245.13016410575324
67.17369299437345,-105.3649493837119,306.28034120498955
54.371664686244486,-104.413287847914,444.4723752667693
55.15327487942615,-112.9905525215578,467.6975580414175
43.557078378577664,-119.23859862543722,287.9623481705449
51.497984233640615,-104.63394786755892,389.2115676958452
51.81316627072272,-99.82203182057366,247.6864725475986
39.87988883103078,-119.9219078494827,385.7369704578019
48.34150164116062,-102.85349790579825,142.16068622262512
53.76843937214324,-106.37006047080364,216.97913066158912
62.558907010686404,-106.75081953874471,335.4025994661267
59.10591366246119,-101.9607392976077,58.17108452318547
53.0476566850456,-111.58934904358375,375.1075896525293
58.75304862554165,-103.39425656290153,425.9909755706751
57.11634434446633,-110.9740914440172,229.61374749227812
49.65135267044757,-97.94313224596685,251.57408772972397
52.00020583525257,-123.48020327813202,433.0769954974389
55.782104269721344,-107.6683308272947,399.04458589671503
48.71433361170562,-114.5658626756025,179.66727006501876
44.00382922504205,-114.3610378610299,195.7892479526925
37.23771747975287,-121.1885406508135,355.49520457576847
54.74317367934122,-108.17576992690272,303.43914160167253
38.151909509800895,-122.83225233925384,123.00330699342362
56.601891286859285,-96.87613028719312,189.46845915312488
47.742052480860394,-106.44994030677876,454.9924745953944
49.82961389132713,-94.93455705176203,359.67849652501855
46.42632503106262,-113.25552153625908,493.6884429584837
51.95072993694408,-100.57488411668987,395.1556384913462
63.63792762948243,-101.3672176469506,473.8884944646156
44.53336019126743,-108.7600738470399,147.28485824171395
37.24928993205299,-112.01454847578086,397.1681936676166
53.63573382104192,-102.27173665120115,59.09788406650884
51.55165428116252,-101.17441337579575,351.84200977019026
34.940226498644606,-122.08474420205881,261.1770251541086
49.438616743746856,-99.76578295173374,206.0420323640309
56.471813363583834,-100.8179051757312,438.0819585318901
52.01198554326828,-116.87540556073166,434.4204616958888
33.3466029879546,-107.96945394820972,60.035767204389614
46.94710950009061,-119.51565971680186,324.277305102244
41.103572822577334,-107.20464197591362,215.5245009444304
52.01602842456238,-110.52904571283999,237.04745067520213
47.39205937402177,-113.85659529246557,424.4183326484492
39.61157623115566,-122.20252715586798,189.4278971874552
49.869902616422685,-101.3521132192537,474.3719647869291
43.41131577588676,-119.12502771999071,130.83522186746336
43.684334349868045,-112.4853374781398,348.22509051568
53.99903311008015,-113.14919141257133,352.4472801561941
39.6425610126778,-117.55580930047589,163.48782264256317
46.25824350358303,-109.62993610054404,196.13777403524088
45.54252257478038,-101.95890242901142,425.6593216609732
49.215997581399364,-99.21618896114725,392.8123647297286
48.928149747106715,-111.05759159113246,198.0931461416418
47.33659514175086,-115.54538180460933,290.2804461207203
44.68549775492967,-114.95502526352377,77.75613331389296
42.29379506182356,-118.2399917825964,143.93564707938316
56.54258797498286,-93.22040127239718,268.61925148717955
53.22228620635687,-105.95481900338933,88.68818087564522
66.30239598284969,-94.1264016355244,429.4995597013719
47.81258835500205,-123.90176098132642,373.1027945484415
64.62771813876371,-105.97783508915253,474.6351517918226
40.34877306199751,-121.6783118552023,362.06010768381225
59.937873575480765,-102.33003669950007,473.1806175179835
36.769122490721514,-114.83589644893321,299.53065006093425
57.25432963094282,-112.18765925028747,320.09837497788624
44.3431337343923,-110.40839881997262,489.6369745818174
38.538394598040824,-115.97030996823561,338.9581160889172
51.29227750666213,-110.26213136262373,63.85395598733597
55.99233613647991,-101.63547931832413,375.71124948373546
54.645336931430634,-98.90670611999423,457.460911461837
43.34668076545149,-114.64302597059303,408.011112407447
55.30710101760747,-113.31481319285294,312.7249726814402
50.940423038876666,-121.43839442706823,352.08658089208234
52.08503021366743,-99.86179353236056,495.5863051632523
43.75853522625931,-122.67001501884019,90.79793982920224
57.287152475534874,-107.15346465759868,350.2601728849578
46.58565663637282,-105.63647872378637,177.52896255676723
54.40460363152375,-108.02484944732154,338.04067846377654
56.78762901928928,-105.03204438201581,323.43060914777243
52.471037889725466,-112.91235299656998,119.05557444867291
46.79272406202752,-123.48865599029406,143.0359905831076
57.10859134864931,-108.47079751496626,329.73331011944606
43.50136008038352,-116.06323070384286,107.70347628669836
47.47768524340991,-103.97203119806234,169.3313938086453
41.959250194729236,-121.51222425363365,425.8604964821011
58.95225003597723,-112.25996655581109,197.19117770073737
45.51632455652734,-115.30307112183095,269.6270703213484
58.60228363029232,-104.72588035620318,473.51315081562814
53.71968637428887,-111.03748463194252,152.21708997662583
52.114875498680505,-101.5287704667869,225.33170781110468
36.202340478310084,-120.8903939406716,322.9059989945955
57.09462399390191,-106.9460525810004,389.9025182767875
60.560812718610244,-105.37367868915369,455.7440240207173
39.923137112433736,-123.61710278784808,461.9628444080818
59.367077130169434,-98.27693786899435,399.48803346768034
57.30635209724937,-104.27409634085522,152.7488764669897
45.86700303724351,-114.61311507452841,61.16419851915461
47.037697933268134,-112.66989167560628,222.69826866003072
44.36211491357463,-116.62656300367101,113.6969829445205
66.73135455206555,-93.11416522700823,369.6744413472341
50.804447279977424,-113.89436654992429,347.50876407157256
56.424046242410675,-113.06318982977503,69.78723872965467
51.40788943243073,-102.51671150235035,426.467200608928
54.858661801676114,-98.053318399783,161.934469831032
48.16064283689267,-113.50643773944064,244.502183970969
52.845108977529925,-100.49507612466657,350.5701809550841
39.76214007366974,-118.2862068926361,243.238454083514
56.25611509490591,-110.15169708964426,248.5795112599745
57.85885260440402,-105.23879363115574,79.53259790108316
41.551462001858035,-115.50938245385547,230.6495971670017
39.609287240108685,-109.76476869600987,394.1815519489926
44.25624905722752,-110.061618502855,461.82935173396896
37.53865008874595,-122.82549770806423,236.0737116785173
49.742654672750405,-125.71335902820418,240.6136220955855
39.32181658589635,-120.10189155402368,366.1821978456434
45.802038155617176,-109.54215827020316,474.2474004973745
48.16686619506365,-115.25624500377486,170.17742310771212
42.608290746544775,-109.73917092092096,248.0648929420716
52.85583397408941,-101.43154057632539,408.18795959853554
45.7935549931504,-107.06235859143094,324.3621062183173
48.783287010289015,-100.93391225971735,99.76385478377964
47.78602074865658,-105.47622703708369,332.4797310030196
42.541040242064085,-111.58825434630367,134.03582806879712
42.94087986716607,-113.6849108760243,279.5971703352819
55.92027890171359,-113.60332267885018,288.0964704471973
70.9968678013134,-100.23309690951754,444.2915130012432
49.02068718679285,-103.96999986420374,258.1224233055972
44.80501039227274,-110.06644827040466,175.7490900061524
61.1681188741454,-102.86191100580733,153.9348566972142
57.08554732915011,-107.43778021364496,443.4133445079513
55.11372976520454,-125.66731694996612,126.95488448820278
46.51110831924123,-104.10732958013503,241.64085239741468
43.174659275312585,-115.56799865467138,134.22790171712614
52.45518570814892,-107.01159041513422,397.9868180514689
42.1301281474684,-107.64559377476158,263.4676879885785
46.6968031395221,-125.72043524083571,208.0146607505654
59.03356581153052,-98.28556001310743,212.4948382819101
46.74675514571442,-105.29191527466307,433.4963930253408
50.424662463548366,-119.33737644117527,299.19827943249715
53.260453727650344,-114.64506384614504,373.0405330090686
50.03707025901338,-114.89847960345358,453.667332312808
53.11729332863095,-101.94538609892808,455.7837542182889
36.91171170816527,-123.62779305119965,197.8290744520384
54.699170030502984,-107.79449139156834,478.6030684158734
61.75879969857242,-96.89503901455565,61.19414690657245
52.94204494338221,-108.81401059495353,219.5760024572745
27.727209473731484,-108.80351473573793,453.1094858789787
42.562050016420734,-104.94648718125767,173.5865959176423
41.26254140317545,-112.75914116437416,172.88665264459323
48.84005093981323,-111.38732990820697,186.18002828684996
55.670154824380674,-99.7894119500562,325.541023181115
38.203699009733015,-124.1188812312473,247.2497490264592
40.496750997545576,-107.28313515133152,377.0306763590041
54.19563659372649,-122.4627083011637,452.7097891540996
54.899396260237175,-103.31446269489281,353.38971872428726
57.461943927171546,-111.41589710704777,142.01002408890898
60.471917884337444,-107.24010389456188,469.706856062226
54.65227022078934,-116.34799627740978,169.02179300636533
48.55499452132075,-110.38840098971937,117.45243289767116
58.23601857225845,-111.66659059352318,90.4852754874324
34.721644930311804,-122.73806687954222,303.5226832997745
47.59531744604945,-112.2881121986847,101.1931081162933
54.02874738762538,-108.27968976020757,112.44914785068384
55.72303869888341,-99.28525781621593,185.01371626797348
38.98438987372614,-117.59410614052393,176.74385435800872
46.8858118832431,-105.28952174304847,321.90777964946403
43.45268604126506,-119.98700274212544,417.5353757627067
57.63044858685807,-97.13726757151159,392.6073452913016
59.31069889785695,-107.7143127777638,168.11800462241453
54.443326511055496,-105.26846254127277,160.38972409369097
35.80987124402674,-110.96645408542702,484.6061885481354
52.568847507651085,-118.7763207433402,53.70630871638205
51.04025268610018,-109.54335125173719,445.8742398770971
55.52647178776988,-97.98185080507392,139.87783360508223
52.95609917672094,-101.59783406509446,476.27794539039553
57.871322233262596,-107.35396860178707,204.03827817238383
48.254034225474456,-105.94146988936566,248.15829825196357
55.577481632737694,-107.20271478499225,368.20427627497145
62.891529254952424,-110.02019515268606,314.45107316296713
47.19986087512744,-118.82334074866964,193.07269836807023
57.090053303451434,-98.66324380034389,299.2239121405206
64.01800719134525,-117.36775185391194,378.8180979632988
50.734225882053565,-116.18095989729208,69.05072565612144
62.46079299870085,-103.75520875231749,55.03968736506685
43.03127313850554,-114.35873009521433,256.13012258280105
48.25133390765099,-102.75280720233201,109.3264780115814
51.40485600027067,-103.51150508087144,348.9549311591215
58.53364580478268,-102.9220230544448,146.32360530234538
43.641975199078836,-111.71936921462134,244.78299805805196
54.739535127561,-111.26115332799426,138.95192159342105
49.83315272169945,-119.56096113115966,296.81761358710605
44.41279094681243,-110.60631334548535,102.224056723056
46.0419547746649,-112.76947519584704,60.39808375436611
57.25526134371234,-111.57632949415598,73.00923714801374
58.81216537708276,-104.22202318006481,479.4162986818895
40.58849408190678,-111.10966991074685,114.02879837492112
40.651408795372745,-122.26708024904576,368.8152139115758
47.998241855236124,-120.84780259507335,80.56679190027181
47.79302654790786,-115.34712986871594,98.67215850583196
44.08947158717005,-116.04343926705627,278.99431313420064
58.73618142365413,-100.65103041119154,259.19191856945463
50.43045926330413,-106.62860065178224,478.2111392479413
51.309703515279445,-105.8500487773979,475.1759538593318
42.2731434545272,-110.02056177542275,400.8238891441093
44.148335676632946,-97.98418656397308,320.9458235573074
62.022766963623496,-102.8932966829729,254.73214282685493
51.31184861258394,-113.06076658233825,210.28034044778948
41.82614850578337,-122.67997186334439,476.189396139
58.074242939058834,-113.40313040305891,321.3089651411085
58.79292963727673,-110.04286889002005,310.5826374586975
55.589778637613456,-118.23021359957009,154.3555047960117
47.07072755618902,-100.89886660081976,71.01401804830088
39.08128500343684,-109.39318774808186,475.33486089179496
53.55333298640613,-115.98510440359479,191.18086648009427
62.93411471602224,-110.71060855169966,249.1650604960064
45.15684090788922,-117.8858002718498,101.58797461356808
40.86396726349415,-118.48813846461886,426.6159484591814
62.59793741764808,-100.76101747378141,62.43432478516878
48.39584220056857,-112.32966758623529,425.2958429445934
48.0243866701192,-111.48658096996591,113.12825575458506
63.82816038307068,-112.03983257368708,448.9538506840185
63.21220700731975,-102.18320198022279,378.3976868012708
48.171146881240425,-128.3563613650052,124.1016181282873
49.66942151485898,-118.34944288063241,304.61809678676065
53.64342472758189,-110.74269951072324,190.69534145984875
41.84395348832591,-117.26935579106365,130.20489451021257
55.177074214411704,-105.261273209062,436.6319897349988
41.896343087091346,-115.72722108185197,231.5852449282532
52.26338996038173,-117.38799145582422,229.3446714644221
51.25566305207182,-123.58179197619872,126.449003662979
47.96693725535502,-110.1098692388473,222.3795542386004
34.12594257249923,-121.71506818670261,442.22758084798255
41.77698809459253,-111.0401303393684,213.40791972033617
49.24691187219027,-119.5290976640776,478.2216031249046
38.3214716823826,-111.28421137072469,475.83900464377433
44.79183372827991,-95.86127436572694,115.2043966883057
59.60901149732122,-93.78036675406344,129.79006408519018
50.03147739999384,-104.64785531092332,438.2033316493501
50.00978047593724,-103.34714054321864,226.74241351612363
43.585755908311405,-116.3069514989377,51.9682920273542
46.30387840746397,-108.48522862463336,173.24231886741694
43.853832063664605,-114.03076187130131,318.933046938002
58.99643795362615,-106.70218159806616,409.6696846819856
39.50871362803673,-116.67437206624129,110.0248776919668
60.4936955679117,-99.66499903412817,99.7436139875309
61.81615820146369,-109.53162607070459,464.9416941075492
73.04005495311316,-96.17499575012613,388.0167655201622
57.465687067197855,-118.75682181054867,315.4008203501353
59.34997761109311,-104.57738974914086,396.1340554981677
45.14948471094249,-114.889396711603,242.9844625879873
46.493841012128016,-102.19441255276072,391.30508628910695
57.519551654034174,-93.07346426614971,217.3113460735411
44.67538686549085,-122.8910467285081,159.84255762167106
41.2746296705042,-115.79855082069335,378.0560395818359
43.48770849975386,-109.13929183920618,238.85253147077077
53.41904075263996,-101.43133640662697,491.61969694678766
42.78367010167445,-115.61889072771694,207.26833203864544
66.0688099107717,-99.74102416244614,464.77733923897966
50.10352858539582,-116.75987591816671,469.83314685518576
53.46184092405548,-101.42761707189048,158.83382617913577
53.65391406716225,-113.24827705493755,409.199531714606
47.43935033228166,-119.54538185762382,244.88352731505432
51.415824408384694,-108.15241515240288,462.88612725365664
51.2823430009506,-108.51512521007037,252.55592268585747
46.76344166360526,-109.93750858479939,384.9366728018147
53.58695068959868,-107.46996988365859,260.1353341237091
44.38309180993772,-113.80841617116499,152.51034007078528
54.2323015685453,-104.54605722531619,139.70755802510882
39.27225454310016,-122.65277450922787,241.4440374153555
40.91592529574508,-114.19765570157251,389.9725956563967
44.660299923432795,-108.63939532846483,322.2821683313451
47.497119136547894,-116.32214344484561,359.8831804552445
53.7303181940386,-105.48764910659432,177.04685782937412
49.94040195923937,-104.38848722542491,266.6459056809225
55.04375738648985,-113.59067941893178,69.97786923619715
38.36401434688537,-122.27703900173083,417.8895871811543
39.52111665046318,-109.45416596152369,495.4514730079436
51.93735512939717,-111.47502045306733,233.0955781811019
53.88264880836336,-111.18710992369613,54.93364390919451
45.31379873294409,-113.9515354630775,126.40668779792632
50.2733715806947,-110.16381645128675,343.6370949876885
40.794826063035714,-119.13535890519692,325.4356931917366
58.815190927317516,-111.42990314277716,404.5391238134948
58.66128847941194,-112.73572021919566,164.24780493248068
48.941022101104764,-117.45464333786353,393.6343619962103
59.17105845738188,-102.64106370021565,359.5928096856514
47.870185843248066,-106.57764500288413,195.26652397122947
42.30759824504293,-120.28767677088919,295.4696666256329
61.21267986929996,-108.89292925298044,116.27321382424702
46.123906429592914,-110.88054227028535,253.65402654601215
55.529408441183016,-108.46402780001927,446.5388028000384
52.183769941430604,-115.28586197561862,239.53612092142583
55.45270987051315,-105.15556977134811,427.8050179139399
40.578746485723485,-103.68996813238974,315.6140143668625
56.54402969035077,-111.45553267400112,136.34452089606054
50.150917955219896,-112.44497165418184,311.4978101140534
49.123248298521276,-122.40823765741388,277.6924981206786
58.75429885967893,-109.20669986078394,229.3886008383728
57.66468661187201,-101.55967411073502,103.83369778223164
46.33397954079899,-121.1557011444845,237.51889873125344
60.11679408318327,-90.92987222558897,82.7430693078322
49.967721929934385,-97.85752135681247,94.44607312943806
54.75704021808811,-103.87411957564262,237.1624398197222
61.544670940823046,-100.42604393528038,187.42166688580863
53.89496200306207,-107.84979321174139,466.49494663800056
39.378113046959946,-120.5743382601283,219.0676124211217
52.296620005708306,-106.23460149244703,391.0361549324451
60.28689486299176,-99.23813378797121,288.6113868648092
40.48324047298392,-114.37782079595196,366.83855088905096
37.611477796793075,-114.71937549511392,167.05219235692962
43.4045446378351,-115.89610465009292,473.8572377772481
50.14486753017253,-117.4152571033414,288.5398236114908
65.35118557494023,-103.14900117311423,424.0958320783623
36.14952370043174,-122.59349288319922,214.27056206425107
48.45681879992098,-107.89114379306005,95.09510707273604
50.42252499730289,-99.72387581258626,353.17024147438195
52.742870576619254,-105.30609220037746,53.491841751841015
35.78077016536335,-118.26920232126574,263.8818394544787
47.89537881588008,-103.32593512990194,136.76085619990664
55.4304992254572,-93.11571578281634,332.318976995913
38.7910788191167,-116.4995150739836,490.7389429120335
45.198268835844274,-109.36845890277043,258.98130784429065
55.79920021725137,-108.58207667233494,417.87421543655
58.63031361046448,-103.86817672345242,278.50288412800444
50.26254565497627,-105.48765100722477,273.12801399681086
66.04224855086953,-97.52596141501368,468.69057193045
57.83104576573019,-106.18981129745168,450.48464093600666
46.92077091285761,-113.24560444119562,403.6102093345885
55.56393312752484,-113.1284936836196,183.3150889925529
37.43782779544388,-118.75889338697189,295.25378707577323
45.02790322340685,-103.13258808339225,150.75375498755824
45.3420794857011,-107.82257030449246,249.7625141209429
40.37959029802391,-113.36409939930702,267.8958795919058
54.270166884327416,-105.7872367329712,424.2380180761989
44.310700641487216,-122.81861334374895,453.2127643962469
48.28638945384809,-105.0043858322766,236.57902807841504
56.15212881401192,-107.8584686962385,57.96700028295675
60.79635195739776,-109.20632718602867,437.7982279052096
52.329879845008115,-114.33899980482288,128.4254053256123
49.39307755596263,-110.85607597356072,329.8468837506771
57.65149009785611,-99.35511401785215,61.23690519535904
43.83148954753483,-111.78503098981284,229.77791386725391
48.39451036429383,-113.16257359245205,493.6821359519074
69.21736371263954,-105.10247734019926,95.3121204967114
39.76010341293596,-111.01575194117373,240.66191839983904
63.83936707268639,-98.7762288063833,188.2174775854785
59.97666720732797,-110.12297897708656,457.2896555247189
58.13817374981005,-112.15069732840945,441.2030485583098
52.56951533854326,-117.82801522215199,156.96444213780296
64.18587169630722,-90.53053520359757,86.53450417269403
39.07540180568586,-126.25290136461771,332.2122773275029
48.11356705035937,-113.6027597192669,201.3659203476694
60.58371908327051,-107.50402407521916,352.4379757727284
58.022373855748796,-112.94371246599036,64.45389023051652
48.874693914143485,-113.20681250668,110.02965582987024
51.82039859816153,-113.9590426049019,358.8675047476895
64.3181795724085,-101.93966102395277,145.566794886124
38.603554843993734,-116.46128150107582,435.9144540930808
50.81032475599129,-117.37849648185502,76.36589946956094
35.350131040633734,-118.89326965946684,146.96689225350858
52.593299372122466,-111.18863582618518,499.3521118182809
45.756959638639024,-113.56105301537401,244.8842461640567
59.202452878213066,-101.71974214442334,366.3345485950896
44.376938128279036,-119.09113479960635,132.19837198565614
46.53220385309103,-108.78955985150621,324.440930743492
52.34632639350941,-99.57409026354307,376.7477307662383
45.476436934915114,-110.36524718467962,191.51448613992972
30.717682491952374,-122.13806356532386,423.003700389145
61.58176554779173,-102.24589128922983,321.53791031252746
44.462893545259284,-122.95919034254743,225.1053543267636
54.6204410553331,-107.3476126982734,300.9390770044214
48.634779386615605,-101.90463919680118,309.54238134616594
56.59557944630904,-103.12395437077313,124.49088171223973
51.440972580636576,-116.59059555596079,231.2295664401348
49.12561783421381,-106.95454551216524,204.5437646087719
59.70036486602526,-100.23776470747235,230.40622516060677
58.20790573097344,-96.40674202718752,392.4997648183661
51.29905784966907,-109.79775293918729,267.1422833600027
50.14955693897252,-115.67377042276283,473.1422689576689
60.98684742550553,-106.54047422739374,182.15438601129628
52.911020726907616,-103.63586510230228,237.06661022821805
47.50837937051756,-111.8979530948768,404.1305647155687
55.05160116120004,-109.7570874615994,295.7110669943376
42.51574566467446,-119.87759225769986,296.1626658910015
49.84536868257937,-106.3576938092527,74.00307335233258
58.61700896138346,-100.86109971554801,229.36984822330515
43.21042690119904,-118.35154097074795,171.83017958977962
39.01823181631192,-123.21734825004799,499.70080527400194
49.577855262039606,-119.20025985329434,188.75978178453963
62.128395133501854,-101.63737318803736,448.02344065723855
60.598108701959205,-108.35973021630598,354.3051807682149
46.870893177999356,-112.17765735608552,203.4123841364407
43.90967087788444,-120.07364593678061,294.59047026835566
51.269004209005836,-112.43296863054371,428.2411459771372
42.91005959417767,-113.28627953916866,447.5157341139104
60.97100481106607,-114.41137928725973,122.17724375276536
50.88808176127073,-105.1712519655392,202.80791354367636
54.03057915009467,-112.70204420075068,200.8504310961073
48.08111379210291,-96.16192262183678,68.92015823417512
54.30641274887639,-95.78051610159687,319.20699193335344
59.222878875976576,-102.11739962311133,434.6690238464846
50.02795011501499,-119.83044902617648,221.708474521483
47.965820592606576,-112.36147526704227,383.0161752428797
45.00275462390621,-113.81857575647243,332.465186120333
48.82714340580261,-105.21943151666511,219.0419309718504
51.81495637792511,-114.85844771616794,113.47690977153368
51.36810263147086,-116.02686270384413,369.1957337491853
59.42811252181339,-108.01082892619654,434.5543260235582
40.08050296895197,-117.75441661465912,358.63452158067133
53.29503740927436,-108.52068531572198,58.04531781566813
34.71087404239787,-126.49135122554289,147.30480247594608
46.52380850099461,-106.51120396886085,81.26599319758935
61.20647521699378,-96.6777234557002,306.67374480930204
51.60456675884204,-113.17249936548461,390.4149554781856
53.51237823228199,-107.54237066472894,99.76063418089674
44.72587569990026,-123.07013029878516,427.25201926702334
46.554720809081196,-110.93723396207766,299.97904027796744
50.612669018711934,-112.92748148351006,360.4860554637762
41.179880379887734,-123.41307680028217,487.1308318738908
54.00379331087201,-105.12249464358001,87.65644471146379
38.916281435494795,-113.55471462486491,455.5508103400052
49.93705989848756,-104.56975876036671,106.7462131943342
48.958559877099646,-98.35515324729714,226.831462986507
57.80017684723416,-106.10141124604509,433.1474133490015
39.28511164414291,-124.60695689644642,457.8144065320407
35.849330161174564,-112.39484903551026,277.8672530953154
67.86610015283675,-105.05293480154327,317.34708722394134
40.150655549371386,-117.81467756294555,368.6663005693507
49.872810835609194,-109.38073651952851,424.7414008037214
42.372184839439726,-104.26698703428744,104.68002629194976
59.882343703824475,-104.36615730850528,414.53118870315245
53.454915392320416,-117.36906994076365,266.5742677302276
59.628094912622984,-111.11640244091106,252.78054129867604
37.025916125904125,-114.1035890768453,240.7548883986492
61.88381967252265,-105.12137540661972,279.14521336071914
54.98941514697163,-113.5480839474029,475.2727490275716
50.54768343726404,-112.20025447224779,296.6916977564682
51.96504158110967,-117.6521050322959,478.9298922184127
57.341205673542504,-101.87171581116196,131.13055877703826
52.40643546264795,-105.52422255654503,375.8611904746849
38.89922608870111,-106.4550820656989,415.5077923739362
63.88052689693845,-102.66327611294221,355.60797410068784
52.41591391718247,-117.96992570933136,323.1150261019432
57.95612878768844,-97.85356409484318,304.165751488782
43.041016326162264,-119.67761297873069,437.4187171604132
50.21879877057067,-120.8008882174582,419.740968724025
48.68689534209565,-111.56824675655547,105.02992453126978
52.449132102264116,-107.6767200345552,431.8644456638952
50.584086783422904,-110.75459810948658,236.33087874819915
51.199028107696805,-113.06683836183126,164.16357349811486
54.62082071408587,-106.04923614854606,441.39585560626665
35.48649309475916,-117.59453849064725,244.41115983518367
46.201150497954586,-116.92257210259382,413.7641105795675
61.82593200498253,-110.30388142596018,168.53162538013004
60.30046746956844,-104.67272771580274,51.76819463999801
54.00099202105781,-109.43530869539077,272.956636806325
46.382761386474755,-112.46502637277116,95.10271548929792
34.315097441068886,-113.82692895027732,389.4691799862093
67.8521767843549,-105.23121483187856,174.23381123123465
36.12616241029928,-119.90354020377379,249.64054097156543
48.17748531094136,-111.31388010398312,89.16510429119941
44.41952729291924,-124.99014292230504,178.99666180126368
49.30864877533865,-102.62213733853564,401.6706094663574
45.57110501276625,-114.42963578395694,118.21456035604376
64.36906436629316,-106.92797748052928,341.2218025071308
43.136247913868885,-110.95180239438679,462.8416337620256
54.60142552954764,-101.59013955466901,355.92654189097414
53.07545583631186,-108.68571548088913,414.9597601815021
42.26745677678814,-107.28837332787434,99.03723318676212
59.84927045153978,-103.96257163616298,162.8293217009245
51.71654349698771,-99.9308711931797,452.542483508266
46.7342761316074,-109.52817296769321,371.7975261281401
46.06860869696082,-123.21051173939695,337.79922186979
53.46284412365076,-97.61011486739397,348.695031254765
49.546951671913135,-110.42290641386278,236.39024943708955
68.09165693587423,-106.35660976220345,70.05048422794394
52.31290516666092,-100.0797992215801,402.9986939318281
52.965324568332235,-98.67778578149178,355.42095629690925
49.13997405372404,-110.58236794074362,262.76200885072615
55.89219935808151,-114.9695699854841,454.8918269157159
61.44299388347828,-118.38346058126106,201.2718492432945
51.45188851611214,-104.33208207601663,182.44478490405612
48.26144633647371,-108.09578918725711,442.75834628574927
48.78401956537045,-124.7598221711538,408.6444446415435
35.431002984544754,-123.51621600464362,281.7409147917552
47.48158799245108,-118.90907803316296,108.83063275603249
47.78973831864008,-119.44393379684804,146.7821621592736
53.29075539322714,-106.37542362011565,345.302595683963
51.02758628029126,-111.02446753450421,223.26855702818528
57.03391209841641,-104.95780666970911,426.4129362496871
53.910156448696426,-109.1242178559224,477.4797541994919
64.10766046387394,-108.53709077742863,412.5366163737132
53.87674618594133,-104.40884877302322,219.89544034800076
46.93915831299953,-104.62088179961093,404.90889315414086
51.03473351475794,-113.08106063189696,208.14875306180755
51.45900745516542,-100.31195816046736,125.19503949453524
38.485892575995074,-124.54473838820141,65.02694218963583
41.446626323139924,-130.7647194594952,223.572520742459
45.4755193247985,-116.60701244833089,456.6016866637768
40.2830992042513,-116.31620394306002,157.5439644900544
52.115148002619925,-102.184959595139,142.9309242184028
49.227791290310826,-114.2553120734508,486.4193533584681
46.06228671709748,-110.08254962632401,61.25185078276645
41.75906193563733,-112.61763944110979,403.6019676771895
45.33269906392644,-103.67808360593762,194.61648008339165
46.43768099995539,-110.10557596765555,66.8695805913467
34.13463551273785,-121.72625574353405,463.0111430943126
47.18423727387433,-110.98906501919407,112.83904859431264
53.38323738355729,-106.13705186481104,298.30067767656294
57.79996079743467,-114.79364827586869,173.3243933432965
53.4235197416767,-115.03893291370218,79.33676098311096
52.629544077555444,-108.7571290225917,72.46511854852059
61.60968849626953,-95.13173178789512,102.00051447635246
60.63148854040098,-117.5612171864033,82.11515625022102
53.27159937626809,-105.74352963971504,392.2511519839653
45.228963923564436,-114.57880127809393,268.5047910275431
56.06412047751452,-112.29674052259101,204.3014411070409
59.76037319284616,-99.35281372582446,238.2660095594032
49.510981931088665,-108.70019882410195,468.0260310076805
48.00858003526266,-101.79702373901574,459.8383157321662
49.35082408495868,-112.63524073133308,372.0544160551596
38.67200841860569,-115.24954290438956,448.1070698397595
51.32210465579725,-119.287069134149,193.84161241443115
60.807323976925645,-115.05409868537683,221.49919670372728
35.3526082536674,-112.39956598901148,326.1704818344026
42.28758644866318,-117.08435838092763,330.63167628376885
45.72475180826405,-115.16660322984234,266.7649271055534
40.52031971346008,-101.75605233811373,230.29603179707897
53.948089669289494,-105.04412422889376,493.7811402239128
62.18240434994086,-114.41805996820139,419.505631752976
50.8131882677396,-104.72634929244137,245.74108904962037
55.075787242518984,-106.51896898910854,377.2816147578058
62.657736846700836,-100.52056078117565,171.30276196360677
46.098442501806126,-110.24441893323313,95.07619680679844
44.22556282373915,-103.21928336739047,208.59396149873328
44.001957183003505,-112.02383657506931,231.33776005552735
50.70199492111088,-113.60915998135081,57.44170605230186
42.70026677546023,-107.81753697904215,416.6564007361532
46.23058325459327,-120.05590904103973,211.6370310751317
40.492895014606454,-117.01816770218775,311.1881746010662
45.27622378267688,-106.35208889081338,83.28343427193019
63.99497378280278,-103.00175390887344,128.7485729377628
48.841036218323026,-98.0709643278523,450.362176397402
54.6779341275223,-106.84399956629483,323.90938754726034
59.262183032877765,-102.7206524263244,477.6278225767185
50.88547700476938,-103.05463495789367,499.43751547609264
50.89580359060762,-118.79755790359019,217.3370518998925
47.543741622380836,-108.97004814718207,184.4613788374736
53.77810786457718,-112.09760897054748,436.2602248215935
44.46888052898949,-105.31332120484622,499.3751421668544
39.40889574008866,-118.1146918986245,333.3385554046058
48.213607411650834,-103.78858842353166,407.813325130185
44.61185221058365,-109.12490651223821,401.7856364668736
40.87541172551026,-115.19833780227788,209.9028686987961
60.55107061207659,-93.62949815092442,308.42167111568926
54.80747956970015,-96.91014234736777,424.8756235688961
42.8793067984074,-109.18776904254042,359.65124431747495
58.16833783475467,-101.00730550787952,59.52371629191722
51.38195666367746,-112.2095963728514,201.51755100389008
54.39115504772069,-107.41031448503014,115.0140634675724
43.45200396722084,-117.87341522942057,154.8374954351176
41.08563096220304,-110.35476274591477,457.47026487109656
46.439884666037266,-112.3215895382171,66.60198000984568
49.798379731263296,-110.97376796754658,148.91032038286568
59.25487970608775,-102.10790477684323,189.30620850720416
30.266348158913175,-122.4548494125628,327.5978323848777
41.84396843510938,-104.9890510366651,290.34576053863947
45.39813105048131,-112.51243855800402,148.22126728402372
41.79760926308188,-122.60349355517668,123.9084802504195
42.31622722816711,-119.32521815464114,156.55911556825345
51.55738282814814,-104.15413327063268,276.13833201574505
44.10794652376437,-119.07735624641535,172.03000357004154
55.932299690312625,-97.46786236822962,476.421125723475
52.31566285508395,-107.00668792924868,258.73934964298144
57.39929292075834,-110.39716702219265,76.45820744508669
45.867703806686215,-112.93702313182624,378.16988262648505
47.429736660221636,-114.79508998803541,197.98037969404533
56.4923057594462,-119.4024877606772,344.0700194262114
52.65361427031326,-103.39601232953615,175.8174667354544
51.47511167676922,-111.33000348817468,306.83468377999395
45.58265282763569,-105.00642991405617,397.4686271633591
46.556265811270706,-113.79707153886558,467.6039337985493
52.01259444559936,-113.00876812033913,167.5072149948847
44.809500081276894,-116.64914006808158,200.68562794954155
43.34617233015845,-119.59270477574778,258.9198891286728
47.63352591982678,-103.92360741584363,467.228676981195
44.09620782113971,-120.89375888568418,455.6240855647957
54.89012650814412,-106.49699527385678,90.44522604528711
58.603039277749,-97.91387464613275,109.36842158921488
38.456285069309445,-111.45058101412293,272.9791297987872
43.68189544097384,-104.64988394502649,97.97867276244055
31.602190247567542,-112.01799626058059,205.51139300691383
36.92620249068769,-108.31522726677561,116.77342019786497
47.50195518233008,-113.59167707198782,336.2181598093486
35.035164892948266,-110.14719840408385,477.2729442826228
47.44949135231572,-109.93277993040934,498.5301966324717
58.38789698623438,-102.27932216892036,218.85850962361167
44.354068216448994,-115.93676327539362,319.55568670157555
50.682488635161775,-110.21875425055293,435.3204440858366
62.488378747463656,-111.47981874421436,102.8579327583728
36.56607499371917,-117.01511371735478,360.3039849733842
53.817846241955074,-118.30697496316304,233.9796477762807
52.612883810772324,-105.84230084085723,142.76577212607384
58.845426320466714,-104.69737635059046,231.2391284363489
48.70291919562215,-115.48659855624689,84.18212913421259
49.364523032893906,-105.59485146548545,362.9332168651876
49.67886327407133,-102.05807255619378,163.7342009368039
49.51190074125884,-110.87689714120383,190.1325402701951
54.01233926345803,-109.21307024331183,104.48658420865824
52.46295494598044,-105.55553490044021,439.0966012504513
58.44056250622846,-112.98993253768374,272.0499256772324
61.506279804609164,-102.47046747664778,307.4660950038801
35.717400014606156,-114.92161930040588,306.2447073926846
44.84294646749636,-124.34787224446455,234.7219015436038
52.37263628179674,-109.41447579933445,136.63846194716274
34.98394285752936,-130.21501313923775,385.30973682428
52.269616988586606,-113.05987094134605,107.17531941095343
42.44035084098336,-118.11566449695283,96.74320562546473
55.797313694348176,-116.8305583080749,369.5652669184265
48.67414659842001,-119.76376579049811,143.97665920339273
43.74617502934791,-95.17369850624644,188.04773810877452
42.780327508282035,-108.33400804912091,263.8523601507831
55.79381995577717,-106.12597999248338,252.2080925282958
49.856108903935564,-105.85114865827946,368.8606062792496
61.97341783218369,-108.43432620840372,330.54430704951244
53.09340016646403,-107.65931951504724,339.9782730268396
40.803760434807366,-116.37817203725,371.3244487949558
51.4479683740188,-108.93699422290648,181.6757273405594
49.45198056660473,-103.65963844677589,195.04999031021316
65.49335702465852,-97.52437394879091,247.09898655299932
46.2295707582576,-118.48752164520519,188.35797786508672
57.73595192650757,-114.08714363582487,493.2220410368885
39.60014476114884,-117.50984403542455,416.32336688964335
53.671643420394915,-113.91432147368965,124.09460971521332
44.088502174832314,-124.68134644439911,52.51737014684128
53.20884002770682,-116.69417062347466,69.25247071127053
60.091133470893745,-103.23964909384716,159.82855296931638
57.921043907611676,-103.94932568911334,101.43107862658545
61.72035737427353,-111.68901031292482,290.00215170165745
57.09175873035063,-108.75988349467359,436.09785022731137
48.778330020643295,-107.51271477568108,381.53759941095234
32.72975702012557,-117.1773232892205,147.02407838698568
43.71001035759339,-111.92436212101006,229.68466521160363
44.93780999500294,-102.44356680311284,278.5523942890749
63.77732612986911,-99.64199018336103,414.592632276501
47.366150413771926,-108.62742576691764,427.6047213977741
53.82903497273319,-106.35552676087387,459.3732403584992
50.43454132534134,-100.18381828349641,279.1603627262938
56.95932752978562,-90.20516790642844,362.4236358961383
56.606830327288314,-102.91084417242011,100.31016705527172
58.298500691884485,-112.20383208210721,304.380031979292
41.52576072380577,-120.24990244708077,161.91131426201082
52.62597307195217,-112.26320084681824,244.272598261975
42.840383465977695,-119.70327079477784,335.3227287380237
62.61365093801797,-102.25105946752848,165.6436720342015
48.30961224483503,-114.55046772133863,73.48327600854249
48.05014359911287,-112.02537926326822,54.60523538394088
60.680685754037896,-102.75880914878351,59.971790995034695
47.9797477392028,-96.9621864372218,53.757381881196345
47.00146251947164,-104.4996679877682,99.65977545104396
44.26267504259784,-111.32632090714179,157.76992155655844
42.357465226445086,-124.70808322243995,149.54968138203463
52.01023845295437,-122.69162515497555,494.0584673809535
45.844396619240825,-109.24179335138794,187.7027473440245
38.3856842450905,-114.71792886486429,107.3393525117296
40.08136532343774,-121.30934252450314,295.5031448754911
56.24609441486636,-98.02393852650374,436.0808549288788
39.39534323566371,-115.29517769114918,355.1271695544538
52.32913852482958,-110.46302476006159,183.23694011095264
54.143163483587614,-103.07540478455125,302.7272719061547
38.325438380885664,-96.99160857547754,371.6851883901841
55.67581160955525,-93.71550458526409,377.64702156548407
46.78910751939047,-117.30299405380138,349.94230488396
53.1455626247847,-109.84517652692747,441.8646911490281
46.7229418576444,-116.78288727199333,441.54745625484696
52.42419140928358,-110.57859751177338,310.5214517331515
53.96258390103741,-112.52328320319415,243.4353661000455
56.616307884056134,-95.93245535823166,338.70663300429493
59.23772209834369,-101.06104761920906,418.1954006167084
44.457230587301034,-108.40741083063416,52.54344717853313
48.01915175378079,-109.8145341147132,496.398654056683
57.507686814642,-106.71426351200094,132.30219754813965
52.615973574631504,-110.62945917151313,261.6120435469893
52.79027876488461,-121.53714327305724,442.41338067929
52.44476962278365,-112.26131422390425,151.2681795698897
57.53980439318264,-101.27714340993678,264.55785075517247
45.982713981073886,-121.15453314071944,109.66198108153064
57.07022057492061,-110.14660500392651,227.78434642468667
52.27661287113002,-103.4640841451204,129.71095465685113
50.58535972638228,-97.25990247359117,213.63248694702065
38.591096815469676,-117.94769732685769,218.0588975567249
58.438428125185965,-103.81940079739867,496.92685531924974
55.62901293616233,-106.16619885614621,497.6658631866975
50.13406194987976,-103.49163688105536,101.6538253972756
60.12912341580129,-115.25136424579249,376.68595069775625
57.91145468542978,-99.59807416195686,73.28546585109552
63.4101811854712,-101.82136819859242,63.58640690173488
53.28929845019352,-121.24428227032044,97.40025241023396
47.98038432436349,-118.9306332767602,484.4685456535703
47.29771395760403,-116.8222746255436,473.3885965526138
55.86157445624211,-98.77873917585215,137.26751912630618
55.06755244307746,-99.16865138802538,122.75255099917018
35.72192796605255,-103.673031202242,158.24078893217614
57.576909818825484,-102.78316016308688,281.99614733381395
45.72466686981535,-121.83617792628897,306.36708441593447
52.42965826539574,-107.48325840837003,149.7170436977513
63.156003527691766,-100.18852928117222,390.4802546404753
43.7618017939025,-112.93039342717037,189.29892623119284
54.44861239077026,-114.87751072637354,464.95909648823465
48.477381372199496,-109.10716950585066,345.5252179055288
44.8903908649335,-118.96687216365709,246.35803743662527
47.971580033864974,-104.93272272036452,405.4604007662804
52.21942796007008,-98.60277231217705,418.06158172099913
51.6183779020958,-97.8140092582013,180.71672252402465
45.20832943386512,-116.15694722317686,202.87154472623797
58.918048655043904,-104.52117234037537,471.17981917787154
38.00100193842588,-124.12582185466347,124.13346726347235
41.228095276670274,-120.0175480736499,68.9676876333204
45.58212132202516,-105.54549631019225,254.32489517429715
41.289626051455414,-116.89497993498681,410.544455109633
47.09776662047029,-122.2563376039689,397.2506478398356
38.76228037021333,-113.85818676643306,463.7887830107746
46.49052156300276,-104.29874089525103,289.9402989660681
42.880691806819485,-118.10071050153083,95.02910220494
40.483070877156905,-117.29581758111316,314.91003845120724
40.596419439078474,-115.55235951690096,400.2780264589452
48.481710222789125,-115.10291766603922,91.99765412142187
58.18866602779183,-111.58316137822973,127.6958304939154
60.71183815859288,-106.0997339665408,55.53079752005191
36.94760288621822,-102.51421127312162,317.14366075106466
61.14415677195011,-102.34781839877483,449.030476375657
38.00843748871599,-109.35025609030778,351.7984922009448
45.1333039048814,-118.3538610262694,491.9180394159419
52.783005319901875,-110.08881758477007,78.36514362489271
54.629606669964446,-113.52173519976714,456.3504883181733
48.25555265670535,-111.11351810839038,416.3307293240063
41.805586167435074,-115.58493839716989,191.40868422477723
61.477308816207795,-107.31895517992024,488.0869483267633
49.29757680110028,-100.94738645456282,179.57198667713678
57.41365254024645,-100.98904214563649,450.1871257226983
46.385315927219175,-105.2094801040996,446.3368596833852
46.7364443185129,-109.30166900601745,390.9459274713376
56.71419573417235,-96.68993726489781,303.56171321578336
53.42505772844264,-104.83111270885611,104.00123732759964
55.853956922447885,-89.57421353820367,289.38728052342424
58.67887605509818,-102.80862312396864,210.55831504472056
56.208972370994424,-106.8420917042116,406.4976649199083
39.280505908486006,-109.14491390972978,391.1581429235802
48.72647193367313,-109.80290159459688,459.7756283176724
61.47774431384583,-103.99546904162253,56.67357309426854
44.41628589539499,-112.34154535923516,414.09644757037074
37.90110695228223,-116.51786660361283,472.30792390610094
45.715884402251156,-112.60775035139916,405.1852020986676
59.49714562440654,-102.24572485087378,108.58750694166504
57.06060166259279,-107.01686197536304,86.57559717839948
42.03818809085933,-110.22811440572637,59.38035791346536
50.07930568592878,-124.97286655735759,332.935351622632
47.30145502419517,-112.37043392171927,333.3526933369493
55.04268516542235,-114.64290928167281,494.1111713981956
45.60527861509307,-117.99147961858097,229.11942834684308
67.44788216794774,-100.4205214361781,199.35782820387357
60.1114238546065,-102.63583681216964,330.9912172329766
56.52561038721528,-101.04993446369677,421.52390262841726
51.69200608632277,-103.72460872075155,471.5482772853508
45.9974479189818,-117.04521869930645,411.4058747805674
51.253930754269284,-116.41473690353449,242.0032912771121
59.90020506986585,-117.45263053989659,335.71140589042886
48.674713257451586,-102.37978643941922,435.3346970222526
33.517917645969355,-111.00232340869002,270.7743597402828
55.92397290153106,-108.45514571834654,147.5089896674267
47.95899596466307,-111.29408086278934,126.37554788654283
64.00611297550134,-99.28715593886551,50.07098506012553
49.26332798625996,-112.3552830140213,373.2070977415779
34.81193792176837,-117.38372160129263,99.99374398069573
53.4656082610372,-105.58723059325513,159.72759486317318
49.364462880181584,-109.33285381290176,184.044349185257
51.93333183626748,-110.69155043350031,302.1709370615457
51.4799802881934,-100.07063253077199,229.08077478309616
34.2578198186832,-121.55818273685357,353.6032964104228
52.36946060582844,-118.30920942208907,75.03739669791622
62.05789573070681,-107.34394763396648,105.77263741899776
53.55338125694486,-106.4180555225928,274.64517658997
60.084401877049814,-108.37547374658782,201.63415453107345
59.62183205762878,-105.25215646404828,183.11601323811183
46.95822351983231,-117.36162741554496,80.16263556688523
44.90368252542392,-111.92441305242741,453.07362863660063
42.114978239383376,-118.5963607303966,361.3183637562728
49.197222640041986,-110.01960043942577,104.72817056884222
47.0460186273819,-116.81074764373288,79.27068098171327
50.363746363602615,-107.93063295048486,488.6926400440594
44.136005800621305,-125.03020274569543,356.5276476977772
47.71708282243085,-119.26099166162021,237.8552319921837
47.545605595170684,-122.14584632980197,365.7789683401032
66.04720575107628,-102.11736076763674,390.3493039160716
60.84241937900385,-93.62283163507847,400.9829910749507
41.930626072675125,-116.69290587974531,265.04478754387594
47.79641837585572,-114.79910587468999,243.4472411561816
58.267563443612396,-110.38046709595696,54.962637921005154
26.615869739738777,-126.3275587993399,466.9507018138271
53.79657925786826,-107.54046910653766,321.4885452750244
49.92950490612616,-117.26350798422222,141.4192717354857
50.2459699753276,-123.13989008160046,463.8215387396465
52.065099230098554,-106.32085507717915,461.71935579663335
53.862752265078036,-114.78075966018328,495.1328739647432
40.44732200069191,-121.54638144603518,443.32545341254047
51.5077068653543,-106.96218591936048,499.0029745190291
57.39726553432464,-96.75657966859741,160.10878465547268
53.609564456540134,-109.41778599108022,429.01231333965535
57.013182979866784,-101.85223030637674,420.3627389580941
56.828901083876794,-100.55318650629133,153.92316164933018
50.76587427257681,-115.17817501776636,94.29689705044584
41.99552908902358,-105.36273144060026,490.7392311549198
47.23849663229144,-113.2108610247397,183.21104818427463
44.45662531307277,-134.15650767162523,441.9013057105128
55.56759456638519,-111.77001323491127,51.85721960357175
42.98455623622099,-115.94412151079221,59.461163248821
42.40550303064948,-123.09410953140414,259.6420889133658
49.209048201859666,-116.24006203740639,157.42160777077862
42.402102039985195,-129.35078653232642,360.42857754618393
40.721595517076544,-121.49966423550957,304.50394650557945
44.763275021386434,-116.0663287732767,84.86860885272115
58.30046854597187,-96.5804928413465,123.18273334207268
43.876114347848,-103.54966392965528,224.6221715262864
55.891966668063574,-92.83987463665218,133.52182877994494
60.3599087832829,-99.54530999477443,406.5000562597679
54.25279208171593,-97.85717013445844,237.231605998976
44.810975897538256,-118.79117676779985,92.04434007912468
64.55714366112085,-102.53235010731403,267.9543060224562
54.5835097163413,-111.13280431076981,90.87718147763638
37.71204216662704,-111.59456148630086,108.02178743891773
63.85787660668507,-101.26489434973539,157.8244244126924
50.304006378887046,-115.96972867943262,436.7874673613704
42.324148468740404,-122.52382610234594,466.0756395498374
43.16128650431126,-127.57097474039008,421.8159781994311
51.71254411570105,-103.53578521620076,200.3347478380313
59.936154301328784,-103.7815218903354,172.60089849897423
37.258714153216005,-108.95655758485209,297.1200608556076
56.866973358712286,-108.47733836598017,374.8339222399006
46.57187571056205,-125.43994154780698,497.0177546720787
46.55351924706289,-108.97023754767494,109.2068203455168
50.08404143271039,-116.5341554824945,72.181399560712
46.500158197623364,-103.11915397416749,362.46015004787193
62.426436806611214,-100.75809094848881,424.5016025767575
43.663292640799824,-110.87350060932185,430.85695093989045
54.813246158320574,-100.80007900861447,355.3085970847223
54.246796376089385,-110.55584678046107,479.3071118536342
38.908817389339106,-125.20518820101502,279.9521435950641
44.70570306058371,-119.85912924857836,461.2166592512956
52.53444337689197,-108.70686690077547,485.5154616461854
54.85023262791776,-105.46959638223277,431.2208556513985
52.96822463955255,-110.48320172424525,189.3913534663793
42.35442497629021,-113.73418348024708,138.29704302663288
42.081211918121284,-103.80596932353457,296.6540292418183
24.461089317246213,-120.03616919382448,253.8566376710848
53.42133228729814,-111.15873510731011,444.9912539867298
56.82034450637594,-102.14732480019613,95.01425198021916
50.79989598881745,-98.81723172174603,165.98302759018338
43.39601163808445,-111.23736120585988,388.3095250334188
48.13804645311077,-108.06094828276451,92.74399023979046
39.99561626588253,-116.69057885080228,194.34398630976509
58.37036825200447,-100.56549438547165,224.2199273242924
59.055420333104756,-109.08340197932165,330.1672084532105
49.53048804812679,-113.7441403972835,121.15969057371406
47.26618660698645,-114.6500870050131,437.2720206573693
39.96738178686051,-119.69992957653957,251.3940059598234
44.630978557920095,-118.5735387186709,462.6597703462504
55.10007674158446,-100.34423772069844,260.54146113526923
53.29467441608079,-99.02606801506771,173.76811652333
50.37650264943596,-103.85557194869423,113.8229729094537
62.63424902633751,-108.06880414012373,51.685292620078165
38.30985898452728,-111.37270588073491,289.470868243176
46.73340307723805,-115.31807718095327,98.22051361711554
35.77587804744728,-121.45764321370369,226.2774936340302
56.166395686018085,-112.34679124209846,315.172292556689
56.25803653444756,-107.9691871103739,174.05865360621513
61.14421811964158,-99.8279423973322,128.85093156475187
54.09540872955053,-106.62362822711772,398.62473017420376
51.672852226723144,-110.8215189058573,476.0560275267293
58.585615638433005,-105.17186022261266,95.1981880378847
48.09409627424271,-102.4508421900753,120.01564597325354
45.30143883985285,-116.41452666757253,482.0056957637234
52.43273184728008,-102.71108363256886,67.00289981551083
54.63745539043728,-110.52987171526823,489.9345514477125
56.82673629777106,-113.69726156448894,52.09001738824495
57.49757783947416,-114.43581589234097,443.1508950430991
49.49412045466112,-108.46491814666454,188.2963314444873
49.88174810526488,-108.97735820921729,472.3649861797834
39.80552985651118,-113.7195999505204,192.62537988601343
52.004524915035574,-110.10790723601316,344.4378446903252
43.202749005987116,-117.6374331561504,86.01465639467149
48.24458952465063,-109.97434310127129,159.04841515418255
31.116356293546506,-122.99348426940966,398.1557059156629
52.05361187800794,-98.90708275183265,287.90863415546886
47.849056853196245,-111.42026849805578,467.58607780417015
42.13596917853236,-110.82410687704602,242.93813375360943
43.41383381441885,-117.56794127519154,441.4155646162654
40.08018331004522,-122.88319545107588,252.02994686520688
56.79329501280759,-102.43464732556251,490.6617254158934
43.97671927757487,-111.88749934105354,481.92547162949455
45.960157940805736,-112.41873348265828,198.11151750023612
40.85542252939573,-121.64816091019819,448.6656516875614
48.80171141644561,-116.31222731238381,431.4251183970422
57.12160886383233,-99.02648507340618,144.80617879740328
58.98517050408858,-107.43806721292226,330.93068035247137
54.91921812626299,-116.7545363985058,82.70704201541669
48.337214563163236,-99.57787601502723,426.5198242625577
54.32350980989016,-109.39768293971696,128.54564757657346
39.84090218423226,-111.29231505560165,81.86661562359403
60.390746324651246,-111.9349627041,230.09859299246503
54.19937718317177,-115.06138784342573,309.6149623698396
40.94004198656628,-118.4306021923446,434.71263135189696
57.63434116936221,-103.14325228714478,488.4091364847814
51.70164793922034,-116.81544362370678,247.77163065643865
49.303613818189966,-105.08045003900057,77.2011153433716
50.142258433567264,-112.3173400006081,387.1020105616418
49.57537940471613,-99.16219311482251,304.32796530077184
57.6855707816414,-117.9408141744999,251.5511051800084
50.64136631324553,-110.62233036940684,189.17099545648531
40.72806746788688,-115.63975756656036,276.07933752959104
45.009531447208154,-114.69657627070903,202.4058220056639
34.01430537110663,-124.84435097310947,390.6553404863121
55.044143374247774,-102.08540631310069,294.75216342168846
51.43702313830828,-107.56865037836575,444.5814983693504
58.1999698856051,-108.17787280359153,294.5947615922489
39.887286617373476,-117.40894728363301,157.2180860029685
47.272757928324225,-120.23846364787371,432.991347004465
45.5612294654485,-119.118661737418,300.7485702185198
57.669964702174696,-106.02380932453838,143.07846716460256
48.26176083383777,-119.20067114883939,330.5785144803
45.587881500979385,-112.55330140747158,210.9725442240924
50.71542125247923,-110.76312716495973,429.9825255314296
48.552554771133835,-99.26937603214905,253.98488239094428
38.92023096489018,-116.52187304009233,376.8986111483375
44.068145950500266,-119.6262624474367,92.99129343630672
63.477248902366284,-108.60335735540306,228.21095583605577
42.40495008299084,-114.66582838395897,492.4586464125794
55.07605705821274,-102.87255665801455,413.8071302647168
53.206110820808014,-110.6313690053477,121.97336106511789
42.30379985290904,-114.39086813907002,174.9938222647648
46.89814771088877,-116.97322229790396,198.41711398536248
35.54025782399565,-120.10868930542438,342.66450222295055
60.24319750703074,-113.28812512979285,390.647641770345
53.600421780140664,-104.56925149148876,387.2869739635594
51.98678055726118,-102.96556180450371,279.4433253378813
49.9422904084971,-111.15909846110782,414.86924202716807
40.17938013116373,-114.86796358200682,246.68513724086375
51.34381941766601,-110.55669996362187,105.74625438300284
63.98109240097222,-96.09321960733246,303.998828744216
58.08294249906187,-108.9056754058332,478.535623070498
41.016053438349104,-119.74331744565154,406.8471431266301
43.66643329181599,-114.6960767899017,310.41529146150907
55.024647918848046,-108.80409439863159,341.0625471570936
46.16864635741869,-106.85756883905903,468.7529121660077
45.99392525412492,-113.83099411425871,242.75425749573225
48.01087879648265,-119.9255567202759,199.1273625241868
36.73304816937513,-108.41064885037949,489.7587042502021
41.58653123353556,-117.71102820697348,438.5494100796501
39.75637308333632,-108.97174552224594,195.36961307837103
43.64858152594433,-121.86568263732984,258.70126881241526
51.44406314534138,-122.29752921709031,236.7851580535096
44.398591504386125,-122.53388961326063,117.09305540214528
43.96728659905802,-114.80832621054682,481.0186957159666
47.51848435110031,-115.0105282221436,231.94059404889143
42.556165008268,-111.58795561312144,443.8980871870586
46.040171606039905,-106.52435793170909,135.21030245629927
57.34454028574125,-107.19408704003473,296.5418647867489
49.257152026645436,-114.91875542826118,60.78262330592142
42.74990559249663,-122.4279631876134,393.89921772903887
42.86899952960364,-107.93923252364267,311.4112542108253
49.19775462926084,-100.69199075080782,331.5153125613887
42.53951658711011,-124.39100959244111,73.27439714959405
48.51054234253185,-103.67163165814267,144.96724859387697
62.26187659068476,-100.5525287015862,83.44889255911107
47.460708861117816,-115.84248613384666,180.0114421117153
57.91674897627519,-104.81769954197945,332.34755345696794
57.43168924726756,-101.86008389400892,304.78369294281885
56.491112050127654,-105.67647093669542,325.46741972602564
61.61656571827849,-106.0757258839199,297.16307212005245
42.57497201301271,-121.23920323912446,172.8629580541367
49.205655011064714,-98.77569981144592,160.02837380499136
51.43974789245074,-107.81914185940037,111.67685759146156
58.248254544036115,-102.14803304572956,432.08189370657146
33.13751920150404,-105.68365874298873,327.41571134356
49.60234256484294,-113.11303873276137,133.92995562682688
44.13387089582104,-103.45237390724326,129.7442209195578
42.26497754898745,-108.03349342159893,442.8660206867615
54.513793165670336,-118.66045104653436,384.2288886934937
52.08962545809918,-113.52024584385498,346.7295859574171
61.022471477424034,-107.75585407012942,233.08884839268487
44.96242980256215,-112.32567594671924,167.88900392533287
43.681141885285484,-116.29054463025763,490.7528434007707
49.99875719688648,-101.95591620967411,408.7578087602601
64.35972629811485,-103.07816351220205,185.80065041132443
52.18471598022761,-102.9803456292457,431.4041583253226
57.89300221423378,-101.96591563265989,391.51937687660666
46.35827711294957,-119.17545684391243,183.68624744509927
43.586932247532125,-108.40756884656031,241.94878440873785
54.11097819650889,-97.61039893390759,133.67905042596198
45.35933261917988,-119.60812832744041,99.9735999701492
57.03111244027214,-99.43127292511036,375.2429147778635
52.436168296866704,-108.82055550200405,170.38033580923997
52.37474152207238,-113.37754980522682,419.02671458581415
51.395587616825765,-117.43979840089389,498.02392018149175
39.427524459009675,-112.71929179108227,84.4789162683419
47.851011987593374,-102.55191720446051,262.8658062876651
49.614847352711564,-101.06373325651484,410.92815168986135
61.563646582996626,-109.32401215726841,405.0279034435551
46.121229950880995,-102.9370295274823,391.9987212489358
46.455773821901815,-108.05417920735833,207.04772088585992
55.106179123412424,-103.92316871367785,254.23396505827355
39.03056780484211,-116.63231499547969,317.7357608036616
42.91830263657382,-126.34180845609795,488.27326260796576
38.372674485893796,-107.66258944881918,197.3962719223218
53.474270028612494,-95.54696714540275,465.414749472586
37.827852121162486,-111.04958875005812,171.21061318122236
55.738421841395876,-103.48268338067486,495.0835094631671
47.357519559727905,-103.61804388117557,351.6186590724163
44.79970635699431,-116.36413503834164,258.580166161348
56.76518710662461,-112.67927808441479,326.0256926286222
45.359258106666864,-114.01322012344036,172.63902606809307
44.402661822065866,-110.62832502247855,173.37823588016
42.855461116654034,-122.19930365030915,101.09954472957224
39.3089075908922,-116.15225731147487,101.32263396742944
57.22307694801546,-102.10662104587485,206.4522836610101
42.66130539608514,-111.24003297074731,393.2849650533672
48.85534820406299,-113.5584444208878,323.5870254191732
42.36348989488873,-118.79773685482928,96.16305214895937
58.25675481996063,-107.60742177655949,433.50643623916
51.19717469563556,-107.88756090608801,320.6154321455299
59.67384439164257,-108.59747013986743,482.3850095531509
44.75921336442661,-126.67957697228445,351.5834603350434
47.3302009749512,-111.8921583368249,128.82868866688145
41.170862331376405,-112.60301966734741,263.20251303852
45.76478814046616,-108.03134516923623,341.8239188962419
52.63836277364452,-112.2633881563542,62.71911547248996
57.74615667693035,-103.59246526486434,56.70961886966355
53.07062329395887,-105.24133268730544,108.23135026935556
51.97991747339451,-103.8986473525542,163.24899577046185
49.94408022901503,-112.69325094259798,243.297105584304
50.58989243712047,-116.91181390609788,269.34821319190473
37.22386037205216,-115.66797021966835,112.11242402205356
52.32331207152838,-106.53055435943564,353.02621060212385
45.337727567728706,-111.9178925155259,318.2621277634407
50.31165774475811,-107.48299399161444,182.5088444785221
50.816953788398735,-97.47798581404362,56.1469475458814
63.88397006395698,-105.05837459738139,84.94156190898083
46.73024886061138,-111.88667929850155,226.26264897987772
49.53810763328357,-112.31357253192904,119.28845802455776
57.07142721312372,-107.16050678952425,219.5688227665869
44.98911813544544,-105.91675884514025,332.6821720296598
52.382043470777404,-108.19657586822305,296.2568425456776
44.262220456929875,-122.00873165440234,154.0291474118274
47.140968227635184,-111.47217443516726,204.7201210664386
46.88435046549216,-109.73840561406189,326.3140393018928
42.2764824819119,-110.04204426760614,437.3847626195519
60.75757861019116,-101.72115999206925,388.9460474324948
45.93690552064344,-110.47997125680992,299.0300120750367
58.822470685443854,-100.8366164479171,213.0318492424188
37.93468101511576,-112.63195252178943,214.27307489381243
41.155239049793295,-120.5940136542905,445.73778961897824
44.18461712666668,-116.64986369150867,67.65960921824588
55.5298225009068,-112.16345448725738,494.5921899891175
54.11804720438302,-112.31413170328103,348.968934883203
43.7199130262341,-112.66018009835224,356.51196458257573
45.62451015437472,-113.8106891418925,67.09902678713397
58.285900302589766,-98.98214894127811,322.48817370107247
44.850099044892914,-119.90250368113811,268.15012704070114
39.00730467181779,-113.26393439640854,97.60050810233014
50.805048375660554,-115.64314865937536,175.0649048462116
53.22085651016192,-99.74140910692104,450.6415052961431
60.18119397479645,-100.18005939735568,297.4947871396788
54.93185348988104,-111.70531940370577,236.0374588282589
57.2800440064828,-100.09026964132606,82.70697012836493
37.646513668065744,-109.93428500257889,371.3546873310376
44.15284409063438,-116.09504359002054,366.2828705282146
52.47455545348865,-100.92289949640731,326.3196231376536
56.0146842457516,-92.46698681199892,279.61819079929217
54.4205632246085,-109.39559015561336,245.2029809933177
44.40187112526425,-114.20792477185975,316.9719918445965
34.76133798656111,-126.27768196150842,155.027953277783
45.73336765384241,-113.59920477631965,473.5665788799415
48.69654276474202,-129.52169996628527,314.9575381311033
44.24693639239188,-128.79262372806653,190.03659995946944
46.33048001917062,-96.56242367079781,252.3559328983208
39.863893063536636,-109.51004683280836,412.5581549946015
49.05361250223615,-114.57060845138959,122.72722732863384
62.36369421347422,-101.58564674084286,181.7760301071172
52.04780232693444,-110.84153136514774,355.77861023144993
39.688691826539944,-122.11323058874518,191.97014291700077
57.03714902590797,-102.00087138031152,406.6257568376597
53.990553033872956,-104.9461289539747,108.70406922981238
53.22304324049527,-106.76022460673262,393.2087767045738
59.1420787919097,-103.41434431955483,80.75827168275481
53.25136179656724,-110.26040716863798,55.66667570037265
56.0383207084364,-113.17452862935201,454.200583474473
49.17034598657766,-121.3703847714576,311.6026476195344
47.53239542202689,-112.05607477163994,208.3221036890652
48.663635557508165,-110.04079504774236,154.6675866337327
57.68684041257693,-99.62976302200893,327.59860246736724
53.10429797496645,-111.49204569343141,279.0509825915322
64.33383730800256,-94.80403203821596,496.21899898849335
39.04537209166699,-121.89607138448403,492.4471939941856
57.37633177299672,-101.87612205904404,335.7610547637244
42.57104120426919,-120.59737432249045,249.29172774765075
48.65198974850853,-113.9967861067756,271.0134361105979
42.04100118389594,-109.55532905941152,357.11557980658785
45.703899260509864,-123.95641490993862,95.7085449059216
43.28593046839591,-126.62732031740877,197.7584332148232
52.08284496993957,-100.51173019655357,83.87250845162174
43.51443174389039,-119.0361860246457,83.0123417826138
62.23837408563927,-123.62852955675235,138.12765885240518
51.10074642605514,-111.30980650903257,268.36396456695206
47.731897211528356,-114.90860741636762,403.1484445232552
51.334990699741944,-108.04433812510004,268.4731510246427
49.749790221416774,-110.99382339197338,200.9644747523914
40.07685006067436,-115.27350892258276,87.05884565154116
54.25778231725241,-109.94369522212021,297.6329854324083
58.410075964679855,-111.24209713196127,172.0708639174295
48.277602581306624,-111.48128770869309,326.72038006271634
44.877146446166016,-114.71111752678375,489.7344826095882
49.031991669677694,-112.93628955504269,100.09144466489758
34.79251920677069,-120.4078411223997,145.45642942487297
53.0476780907831,-120.03647820928484,262.8925421447186
37.78570041373329,-118.61374707183074,485.8762169056683
49.54330682702485,-114.939684238256,397.314399321498
46.283180684271414,-126.83937278771482,454.2031369232736
46.811427192554696,-104.018302367493,200.1716818141068
39.84503542281931,-112.98109343266039,496.4173132003676
53.62632295576484,-101.81841857226487,96.27476722887084
39.477077435170635,-116.56924727516257,73.83780772074537
65.04984992204983,-107.56166095316877,435.0211821743126
41.56070269022653,-112.49938458910515,467.2691915931438
44.57246180072812,-114.77623380577685,90.76341089574578
43.66713389649809,-102.92726512919445,101.04234203562868
41.543402040466354,-121.8458733983509,64.92837099009822
46.43401918811436,-102.58236124643791,97.02840318922584
41.425180190933204,-119.43520661660405,144.2389175601264
50.00204584967503,-113.37437994981926,486.5344785095005
48.458532050372966,-115.79212129150048,350.5371000078562
51.72599157530806,-111.59009816625698,400.348861483344
46.11473182897755,-110.19737232402323,399.26273166118494
50.93241400062629,-97.70006934681972,290.78318740064657
61.27412623105624,-101.27879877412349,408.87003997085776
56.04647864595276,-101.93307179468285,318.11338957548634
43.43178233237846,-115.91098377909584,191.54574392151093
47.501285343491794,-96.95969973476329,302.4995489457804
45.430317626474505,-105.3297107572835,290.078863760531
48.6801699494407,-118.44836350970704,420.5538741916943
57.45427202524955,-105.04076490488626,491.7772478217466
37.882542341797794,-120.31986511245627,234.96915443941876
43.81398665596459,-107.30612710478235,393.52580529861183
37.77527236218431,-108.98764160809051,94.8933518171601
39.728236245437174,-117.38696275985072,399.5741162517298
48.86824736895275,-107.61778121063973,217.13761039695444
54.36742432802862,-119.02221418184497,67.725573300359
56.20070340851392,-112.04080139716632,213.46078035297973
58.81029798868566,-94.05431926081054,324.78923791474017
51.98673895460729,-105.16853736906384,103.66257545665997
57.822374285445896,-104.37480478386439,465.81552159361456
37.56329917511796,-116.97848858117692,84.95258597277737
55.40962137394855,-110.69601915276348,468.5030239249248
52.14092169764292,-107.3521622049303,368.2118830710589
54.53143832938682,-106.79756347183363,198.37047893639163
43.8703918592137,-113.27585827287704,225.83765646909197
54.334707919128206,-113.06454184042713,383.3642141297349
39.03634884903177,-114.97392425460248,320.6619953965433
40.51775257813235,-115.66088679215275,352.2393146547253
45.64757515235896,-109.35184918423202,225.124077431066
52.664822965113444,-109.31231637910915,269.5160668134196
52.43573363761753,-102.37973039825631,495.440367817052
46.90316199517102,-111.92635867927612,146.26529172487295
52.1627406284681,-106.29921467900542,238.03528393495912
48.52410135164369,-111.8808234001202,181.32043440828528
48.28182726826584,-114.2463366923991,394.3001796979325
48.70833599515036,-118.79847942412205,393.80568154957433
40.83578608021661,-119.66687907247899,181.6004574488281
50.39730998460176,-106.06272760880972,86.6256424848423
41.64177006753352,-120.74700168208639,55.14470450249182
43.275268972046014,-118.75685859292275,242.35273995911848
59.48679234009968,-106.85633307564876,234.6519174510969
55.70825100272517,-105.13625825895654,494.7754453879383
40.528957322319215,-116.35832064838705,261.41093406395584
44.314680739720885,-122.32884110613571,165.38826630893928
60.2886329094658,-99.53208989480153,451.05324846416033
51.1320843090758,-110.52223341392101,270.9805773441103
57.0806723668417,-100.54144144566175,319.62903584476004
39.72938915600722,-109.31273161325765,93.05091969269571
46.40270706218386,-113.96940652304103,222.31238329839832
36.4749391628512,-112.81847681165601,474.900653513204
43.35254802515678,-118.43609946275852,315.2774228789414
49.75212008139,-116.0561383700045,205.02583481410772
43.0278537288733,-107.90852636383093,331.5502312842169
53.608226551555894,-104.45692903700986,459.6849903101523
52.146032604823006,-114.3703582356434,173.2957702126655
65.54950349534354,-109.9928442174309,277.3025233118035
56.164847367586866,-105.71884522717812,481.4107942602899
51.527340720976085,-121.22056787292452,127.57826448430367
49.01263180378973,-116.31537827319282,373.8487665185202
39.93905905485677,-111.76689635599209,326.51645369134206
44.49141853374175,-111.02025379583347,355.8538090132857
46.84049574739002,-108.26044230965434,208.0488338004064
43.047298926944094,-118.55497668494552,191.2457180676942
53.304995985637326,-106.24828315550081,357.8943517647667
44.68447735434935,-112.8420202608128,146.99447829704542
49.77835219415026,-118.27386080140187,238.8446351865523
56.20343198024506,-118.28515287300398,134.6785907238131
60.42894070891611,-89.25707500886344,53.73717850549839
42.15083040931718,-107.27022971928403,486.5258120171312
40.104830060538106,-127.22574127527515,244.26634039538857
49.94722735982067,-112.50448492451791,486.20732648892135
38.89946514127169,-116.9135003849691,113.14558389552174
55.30794267979782,-111.67131044183498,314.3150507558687
43.55546012682526,-111.02649079700087,140.43831475605782
58.589663836160156,-118.19564970084971,405.5333571334736
59.334301089626464,-103.1432973975263,402.66634494243885
61.88283614632411,-103.88944506433565,100.6732170676903
34.18141773791508,-112.97768657764503,460.4290037943751
56.051837944735205,-115.93346211389616,137.58334124145108
39.07860662078683,-106.43957081620711,325.83980371521216
49.047603862648934,-105.76760197709609,493.5351290394668
65.71446962802978,-100.01444983713219,447.0784406448637
45.378616749676986,-113.8686028017473,480.453767852526
55.88841238270426,-102.96263563661176,204.16944704815376
44.26656791124441,-108.31494097464879,97.50903899875853
47.67578066609646,-106.22499352558474,134.75609298025256
41.07743849817151,-117.79606517259494,275.2227027844762
39.912734005532926,-114.81540870584105,406.95335522299496
49.493821909484765,-105.77960486581777,117.56913988274384
45.777455468123435,-118.27079422433253,346.8791895173407
53.251304172879856,-104.529837344575,195.60992181778036
51.137218440130454,-103.29700340780525,203.54093257646903
51.76839022233643,-102.06605102841864,347.86297857106683
63.863240319593665,-109.79267411635547,260.1497387899491
50.916852943603516,-113.04505713304282,415.4149818616973
55.82230717881363,-102.0052371161392,120.16332934827216
47.63468054199886,-104.98539812902847,405.4767213951673
51.095945280888,-112.80597634829621,78.90586162583939
54.27454623768746,-108.24727103860737,137.32424611052227
53.52579638585146,-104.48190169163537,345.2673715264244
50.25238648254712,-128.28511438978316,434.716545429982
59.66552811622665,-105.54033538410027,163.70583248270708
40.29035201610108,-115.49491797215184,197.23622262301083
36.29262587636663,-117.53894428346507,291.704336729033
64.09922303339613,-99.75806356506295,145.20776292018604
38.37656958790619,-122.63767941752258,415.0203177143776
58.86308811538715,-110.51127535394927,398.1364902525924
47.030725451591294,-104.77377612446115,115.38127038460172
67.64795330882738,-99.45994194840448,258.72337931748444
52.62566504027081,-108.44064080109878,398.6724949945796
43.85258256817527,-119.399358416412,201.79828899653663
53.899071135182275,-105.11800715038464,334.89807022297924
41.142326414581625,-117.96963494988863,72.59590465590773
57.78042577779803,-118.91183219877962,323.9099422381931
56.53702400314401,-99.24197580391238,118.69384100027315
33.42988484600923,-113.63064672504764,423.7624963015031
52.9007307349375,-102.52129853703121,209.9522586112153
42.01952083603898,-123.22416852940073,176.69923822768806
40.70559836060739,-122.11211203394336,428.40003952016826
41.48320778560178,-120.9796066151568,72.56481038231459
41.49007758195716,-109.4197203351035,228.47395970045517
49.196303625279945,-111.80060884439996,216.50159325876413
34.93202706913718,-122.57585316322223,178.16016841229788
64.48975687542423,-99.48982467438617,460.2894494006647
58.22984574778929,-95.78045863087503,387.917777082525
48.70481136088846,-110.43761319083829,78.76542388637245
51.35992173314187,-105.68151642075334,371.6093522457293
57.987094372797415,-104.4154600158594,287.28460990795725
58.492957605485664,-99.55666458041247,455.39055248071065
48.11439963422635,-111.22584326006545,190.8255278067613
53.29083932962575,-101.89327780141474,308.3728998243123
46.34112451897887,-111.17271576243226,275.33987363344374
43.4711452182745,-113.95454188754428,270.3024078024226
59.27526750367366,-112.9240194443808,255.24742978274568
49.066952240342104,-107.09445766887666,142.53326398952655
41.69988235587071,-114.38461642266104,390.0694651215768
42.105827435743755,-120.70994242657176,253.10121473267992
56.110265458065555,-102.71909622565093,481.33232375117257
51.6752532005674,-99.1762344419762,167.36379223674933
54.48160181482583,-101.67914174557406,357.2347278321685
54.801350567875936,-105.1640237525842,473.3226858375988
58.17363129992592,-107.02323060946158,348.55624535724166
36.19039127621588,-108.82297884908631,442.0728084278276
38.50543277939548,-119.14263290930003,422.36643189065273
46.24077802313238,-113.72570871101343,212.0529719700517
60.53371450203648,-95.14934571525647,320.0557729727734
50.718262403349456,-103.26393156233416,120.31760291511002
43.71019479150582,-113.17130306272509,290.9866472130197
43.0524582432114,-113.44381505197875,153.68988731645177
48.73937583090856,-107.35388200492396,384.6815667286005
55.63182557656744,-118.11445521713448,287.6262898514561
48.63629002279987,-113.21849571230243,235.05231318424725
42.56542050667149,-105.82661714061042,170.9586932751399
54.454742259603464,-102.3532761471334,499.4143168285791
43.077302628756755,-124.6864719242394,82.2697343982197
57.5621851794635,-115.89046774974061,69.602306257589
46.52528040186143,-112.92107048422632,147.76583022223906
54.70916209962925,-104.88767683176316,486.9826063825189
49.19984438197528,-110.27407469698261,490.657175743993
48.62962255805376,-100.97020211321671,344.7174806474612
48.82212483299172,-116.5467757694899,446.04800024288215
57.36963468021769,-108.26920895197941,146.28277887835793
43.879395321362466,-110.76416128159201,487.4189423794806
42.882875971625296,-108.55500484035937,114.2531825628041
51.01640705882123,-108.40824777285911,95.50633468174622
54.294122456412396,-103.84110040616592,100.4951926612728
46.66646954923173,-114.7493713029645,307.9075654726541
59.69055632601357,-109.41440610347006,401.43848032312354
36.704112769615946,-114.75526057913332,215.0002300435849
41.47623992339576,-107.91239391490484,490.0531945037569
41.62615461007674,-120.34391298874691,245.48906215324823
55.393960406306405,-120.84747469015419,117.70184784794732
56.42070787572919,-109.06841044811509,259.6850366837615
42.07700873192251,-114.8635726523876,355.5667244400979
51.299443144602485,-111.09216643464578,424.5016012269704
53.944284791242595,-106.309569421567,256.4457304804668
54.520383799710594,-115.12303913719649,317.12307172212536
56.95264656323235,-112.58535540505596,170.30512047148403
57.813271193121764,-98.71394213768694,340.6624368824813
47.92315846295943,-108.28816265107399,493.68737477765467
52.10255042326614,-106.10840310529075,72.07410766450724
45.238382565230815,-120.01811048149888,448.9388018173255
32.76662581937264,-124.87156954126337,303.02712624538526
46.843132117534545,-117.81176290807096,163.44439680303498
55.515136135403466,-115.24809455074245,479.7003695041661
53.57764195640584,-109.35726029139255,267.5094363765045
51.240367154201465,-119.57514276736826,199.26061325302356
54.3486038698863,-105.84978037783209,131.67393272187851
57.8829599888557,-98.85786039362958,160.00349461549794
62.911921955812275,-101.24070355823898,424.7820687161492
57.25504234768589,-96.42578296866076,326.4845041927246
64.56152601638345,-105.65159538817147,460.9605287697422
43.79826953373407,-108.93073854637369,154.3858034710036
38.44359891659441,-108.93414118508349,104.51235823200568
40.040984684623254,-110.44522011479391,52.73938893901551
46.712533084042065,-108.14590844711265,278.5379169271972
51.5193044582151,-101.30307849741644,499.23811867189465
53.62604574215824,-108.40250345278817,362.7343709683875
41.67802386173589,-126.59175264193489,188.7775663843157
53.44345582411124,-103.80678189762351,444.5863623617773
44.358930281550236,-109.44924919194152,401.7750196945819
64.20249579331374,-100.74908414617555,56.936824734442666
52.55911037672554,-109.40558417305927,417.5872162434601
65.92122037027647,-100.00605382987645,185.2370407573232
56.02545398475986,-99.79659769362547,117.35305906262047
43.482735655065895,-112.78727988810961,151.84887788168356
59.13471559681391,-108.0217678633366,260.86091196881256
60.90185169143446,-98.15216959099673,241.19056718060497
55.47199200627684,-121.10397355133343,179.99928471840204
52.033176503802174,-107.2622157521954,127.49824499316472
33.63409323394469,-111.5901709729089,393.00385533897617
55.881354640938504,-103.5872515780707,495.5494026807127
44.45856532882134,-111.9215452439308,400.0062111888607
59.71048227381465,-98.88167948714205,183.1716354521936
49.60055955885894,-114.97456502739476,160.16403263546002
55.41466868788666,-99.36077879279192,147.9496442296722
52.5586438947014,-114.79135930037447,111.51278352006634
40.10720272277911,-110.37636935081814,298.0987473615355
60.68945482936624,-111.63811021732762,322.4301673790049
47.80693282206395,-109.15978018379818,367.47619729841176
60.747241807181304,-107.12827959096437,356.0960169201506
58.10397056033006,-107.83025065530458,181.54999007752207
58.661428925578925,-97.04766306162126,198.63995242858093
61.795887707173165,-99.76252967748049,356.681540949052
42.528403815211476,-116.18294540351525,207.2514383526328
54.49264476862563,-104.65140404461354,145.68043532869086
44.134106661564466,-113.26339557684958,218.4512691635328
56.81553788547723,-95.6569484392075,172.43787091008994
47.48880014014635,-114.86030324707241,89.74072454836002
51.20491290522425,-109.6895505808149,423.5625060244941
60.19564599266482,-106.63264987492187,433.9001251206664
49.44480914469983,-106.1684653471466,148.88763507509577
47.37520492949144,-104.01654807252164,79.14748978634078
53.68130259971066,-111.46880149267692,382.4723468080308
47.76380955857788,-105.29155663246647,145.18788163853617
40.34399132180313,-109.77362670359325,227.0459702465871
42.56303393443469,-116.32387582324209,78.86086350682247
50.64129515769517,-103.83209340640288,151.82131314129583
46.122437952550015,-118.77979185134934,406.8060252483361
58.93077646183361,-103.0820005706296,411.9784011118408
41.43622128761706,-110.25359824255698,143.18817119946968
63.20136738576409,-106.80967862960955,201.16123029801028
48.04792304486536,-110.1107290279112,110.4072885921846
45.09583649211952,-112.6825409292997,83.37768362821507
47.225679112518186,-101.74208514543629,496.4772715017842
49.69782684010069,-121.84657602517896,345.01727806017766
41.615197811944405,-114.38714742505579,293.94342913924345
53.727161812734884,-99.30910418823692,394.4743251823848
50.99580073008398,-116.8377413134139,428.03472185947584
49.0808195257603,-110.32537618269532,413.0216456201274
42.6766471193149,-118.04679417942388,57.44275218044447
45.266793968428814,-115.12912294190264,134.0635541857243
47.72461089388909,-111.92885539524035,344.707385953024
45.11074264159217,-121.45190750264759,219.0917065117833
42.20712009659004,-107.55034116464748,492.1171929774981
42.13458874442331,-102.4320514360612,349.4321566872144
63.87624738546268,-90.30566254206869,480.4470089281429
52.47506407554526,-107.15609986638749,140.65091674060722
38.81427061802052,-112.1736700373221,438.7806626517604
56.985440515621434,-113.43100371973064,194.6085376168514
58.63348535583381,-108.33747744326004,495.30416370701306
43.77602165033144,-121.4687233488776,120.95990243291628
53.103399697201894,-113.07149636973949,282.35291847724693
60.899110928545646,-106.68803641247102,406.7800402267049
39.121677917535514,-117.3062978097635,244.68911627181612
56.80238740061918,-104.26971440859303,260.637827084441
49.45482725007302,-110.49159149890517,493.8601079775835
50.95227294605958,-108.49914077626731,241.388667635519
59.10203004352363,-97.2239178547719,321.8324452695786
38.118448561743655,-107.9818286409753,74.54284730381781
58.75433690141176,-104.16217269127175,428.994536094617
55.995164143841514,-116.89782749737394,341.67562204079456
54.72946231470657,-111.0399104710573,231.8090462882661
49.121278886656484,-115.81904658540314,57.27629297953389
49.74125170348635,-109.7358272338861,316.25096926707675
46.487864820142214,-126.92107280369942,55.696022817872986
53.09339783415693,-108.07463286097875,50.541626259058056
65.01475709954468,-107.2415237931919,327.2443529672096
48.030293603508234,-121.28492149117561,135.0576803005494
58.896485134478255,-110.3616910515394,136.3493973731429
45.16842313427262,-112.16301199514362,343.9722046247347
42.5849090718019,-116.34933329152203,74.16373457271843
61.53402097566909,-109.90632954210744,191.0325026635504
37.65279020093831,-121.57160477183685,117.24435596390856
51.259907475369396,-117.42342999539326,311.07936640844025
53.27175564614217,-100.17513322896994,347.7943196273281
43.40386964045751,-114.41401113132929,374.5111341195696
51.335625127603755,-107.86488388219652,164.85404761335445
38.06334059944409,-120.98810008609419,90.1623882364628
47.78510597229837,-118.30021046552545,85.40764562385402
48.303563101923956,-106.73824243069139,241.7681968028257
48.441912695074365,-114.26518856669617,475.62998407822175
58.52446328987419,-104.66524470871782,147.97806541116108
44.557206399513774,-102.56082321015995,165.5337206036972
39.44325189928898,-124.31314809126047,95.39996094763652
50.53281710183184,-111.59744626054547,322.50662325226864
50.99255166405563,-130.02188670666925,355.9427932762287
39.65574795899613,-122.68824740025964,339.319043672342
45.07408153257935,-113.867017832738,437.5086093701516
48.97415063610438,-111.10776582942013,268.89162576173226
37.26718534103689,-116.30759104942196,110.505668345179
62.76302465516473,-96.8210758409618,180.2323088169857
51.63237785169277,-100.629762921637,348.0934880396083
57.69562235582825,-116.33880714663945,325.9048881837019
47.69064821595668,-110.29995715322775,288.95140838433315
46.868410418831225,-104.66722996673398,357.33398840990924
52.05941901403302,-101.34531035054336,336.8258826679848
51.36263912628682,-106.87890440608922,446.5962002592283
50.476638329538595,-116.53817899348083,313.7073698652335
58.883281048139224,-106.72763143727293,400.3706114152504
62.881894546237874,-101.62524309097914,161.91822018491052
45.648632865658556,-112.88695121064082,355.1821630650806
58.81207662949613,-102.92712035094522,455.9873532722041
53.24228676806898,-104.4735192160241,223.57954755492497
46.02404543864045,-118.90165393181766,400.596884302391
49.0242249909756,-118.6834095037804,376.1551855379459
46.740232587311255,-110.81397632295698,76.78678859232011
49.16305348133416,-109.89092357196934,311.6787393308325
41.412329285425635,-114.2940381269882,108.58520714036106
50.08426398286521,-104.12342672677671,485.293627503766
46.751457209620966,-99.09886779226863,415.1333762152953
48.637139439340494,-105.10618421449044,99.37571056120404
49.620992735811306,-112.47875753870606,104.78839894145528
42.112983694167184,-107.11372147721086,317.51323471067855
59.191590020443186,-109.21235261427799,205.2001283779325
47.612683760680866,-118.55766824392313,65.70763658289917
42.060130300800935,-115.47331272949071,293.7386785248739
38.09386760160077,-119.99873693031363,224.5302948586311
44.83958839589406,-106.92184369883626,95.4844215672842
51.59274487003623,-110.86565643234039,410.8641765151922
39.04918637557316,-115.28520290965389,461.7845443754627
40.24985904231609,-126.12107240503279,390.4672703063585
51.58005450192278,-112.71337993700392,420.0900395073248
50.67961198202347,-108.41441316130488,147.42075526975282
44.39507331635276,-115.60445583705965,168.60782791337044
47.92572028289894,-105.50143601203838,143.83739313463448
38.048617279632566,-123.03077922766583,394.2785441145038
44.46979625665538,-121.99064565076974,476.5626855205237
42.25147856816555,-123.4835236673909,372.5767430302562
40.40773829521711,-119.18960964146017,446.6600441958002
47.363363896809446,-111.33526346185478,337.4145926974277
32.97713246407121,-103.02748074909587,224.4469552514596
45.54385391840431,-112.45632131690392,241.59272671863727
46.1135021195258,-118.92721930846012,83.89464447533217
50.202451782020084,-105.70234384329241,64.15573786071174
48.50640485616653,-117.04092307957168,362.9640218850848
38.61556651918218,-116.82211022365267,247.29300140503128
44.59854285544251,-115.81668817183056,298.49678062458327
51.94855452071557,-110.23168381622204,300.9475614300874
44.357342463177304,-128.64926486005638,174.81911599998563
45.969279940326146,-108.98095624431913,264.15162987327085
47.60043124342359,-112.56187552427323,261.842099750466
54.88383071583622,-105.26669635295251,224.79224955253565
51.490461612474576,-97.66338389592674,419.3039225304817
46.98701545625573,-109.6224579210169,253.02380165941813
45.91450297475051,-123.21461170263461,321.6400360276945
58.01268040481284,-102.37060498909226,452.9840541713717
49.629108893178575,-102.84958912961467,439.8051302865151
45.121362703762514,-127.02589465840462,450.6899917006243
61.91695429176734,-101.5823634844264,171.50224840925628
63.425422582487364,-90.94265475793576,65.74211973862828
50.6669573357877,-115.15839758626758,167.48005995289816
53.60857396646516,-108.33428568978516,175.4183055293189
46.19059259594474,-111.16068652365152,459.2121470262356
55.43162456898598,-109.46930068918252,342.1592297770868
52.219207544820904,-113.52454916824686,86.76678182100295
39.90730265026998,-99.25485433967638,110.92036820499553
51.560805885396306,-98.66841953676614,120.05425649388891
49.60570071808817,-113.53348548328802,333.68978667601544
38.93372716408208,-113.57171252800794,380.93631147815137
55.29571940369627,-106.62904279222703,436.83975975442826
49.39249842099804,-107.07354312882813,473.2864478628094
46.52405617287488,-121.17604456185862,140.76705082389878
48.53463408659118,-121.44229602497838,189.39761812582208
62.451084689233774,-97.01423628953401,158.14529633517378
66.90309270500545,-96.81153592482956,211.442705359762
54.08125010695633,-103.4652931535543,461.59929834068726
43.40081398822396,-116.3682646202144,308.80065512271267
46.78088690615726,-109.1104215739593,382.1863537960246
54.44258727687203,-109.59356775176212,270.5536562570519
50.697029714525954,-105.51600308462204,62.98606100125604
55.095415208284344,-107.70740085146868,78.88796869901645
42.32275330917283,-122.57159593530042,292.0653640705486
34.20932072715991,-111.18653532014679,373.4550656690116
42.526253672034045,-124.75480508910357,146.89873738792917
49.5959573192252,-110.79568363379802,374.8593082965368
52.766819199052264,-117.40990194448037,414.7995980675806
45.090199984757156,-106.42187306137235,235.35386526295005
42.90435901420933,-127.69923583969123,385.8886547798472
47.1496703787107,-114.02964546198122,231.81347764780696
60.59277730224807,-101.07093638051442,355.257783254759
51.595893753660775,-116.2773161107115,393.7986721937944
46.00789813018709,-117.20359732701482,496.3669782386498
43.35609803727459,-113.1381563906935,205.42849792861824
55.140349324341926,-107.1775348136076,234.96835125857515
42.94849956445302,-120.01395585176051,124.5290267345771
64.04144206273013,-96.75579428532411,141.83287628081308
46.68838526148796,-106.96425235232526,362.02775116927
50.23678965651494,-108.49480785314148,462.67051556951424
47.53087523690818,-104.19620209918502,227.57222824755823
62.30769809898629,-97.79459974986489,130.93000107599357
45.49731703710657,-102.56651654512106,178.2947747223473
45.91579999827984,-109.72432160594416,254.7732671636624
56.467553800721035,-98.8255171067512,180.79264821441575
47.36851776858609,-93.27929278333463,155.1105874048398
39.65241843265029,-122.89385213246014,381.1930199406858
48.47204032774715,-125.24709901680424,53.530214558280434
44.19755675603404,-127.11033718706172,292.65373730141744
41.83187896127525,-118.5858600421842,407.1950631633893
52.603295665496745,-98.23544714321991,169.8027288428607
44.156419722619155,-113.79013152696743,321.48117977540784
47.88940872032333,-115.26878189959986,351.005047528378
33.68549330255584,-114.64240638789612,344.7611133822905
65.17568189987357,-101.1734381178886,250.63233538942296
59.48059021379335,-97.52257798352261,205.96009454410063
62.115033807618985,-109.14199608346989,426.1658328625161
65.41832787361037,-110.33444999936738,391.30068064993895
53.56444171030279,-95.94522859285911,194.56482803626065
49.978806689375645,-119.04652420120766,96.35863749899274
41.44308284522472,-113.84952468545207,82.31339545046114
51.8047611146988,-109.96633047543057,92.42419005452122
54.189684047352145,-105.41487651172211,312.29121253641927
56.42122598652554,-110.5173470469283,73.24797912304535
45.548478544220195,-116.11744127681743,201.61709373381728
61.289414816039795,-98.82778484363995,388.9398658614032
56.03862095320619,-108.16580227390895,182.45667493192013
51.052675525607995,-107.76039840364547,393.4886347310584
55.65456828748579,-100.21284061254313,385.46016719317487
38.5709385731173,-112.96852981256308,160.62220968494734
56.36376279346457,-113.6483162932899,377.9699810417355
47.546832352306375,-113.39947991364133,386.4994872224453
51.56976387432998,-103.94991350985511,228.8542665501621
44.20279072415397,-113.23022240427926,144.68921768368318
52.682281401556516,-99.88557654923184,284.57186310134114
63.065356126064174,-96.79131282371083,464.6289146000884
53.312241825140596,-108.6019959744175,337.82752959442786
49.9562968095562,-117.9464439483327,127.81512393226754
50.34140069546477,-115.59670209722991,357.24061613008394
59.14533679016137,-102.69509504752894,242.24136227682555
56.786684101895894,-100.8195135350696,316.18795880991786
46.4731596535018,-116.38876264133,380.3288157603986
52.65361829731554,-104.04670181507268,281.72630818150014
42.90369859823888,-112.07236027212852,416.2927885579889
39.624839689435845,-123.42490462078881,374.9700106924825
45.29765604566276,-110.46739744533507,326.7830030083298
53.029498077286554,-120.76920553380525,117.85676712455816
49.146103343924494,-108.59614347822189,426.17709991020575
48.19423645537637,-106.58551070437288,471.1575133939172
57.89521601986313,-106.24138190349373,111.63430571418266
53.689107698337224,-99.11315083262551,269.70850824504373
44.47140980504081,-122.76561358212773,166.49993388672704
60.9758683790839,-101.49590431316727,389.5354883415041
40.053722171349584,-119.95778846625227,374.73333620211497
51.292983295579575,-109.27822631182197,113.3983042566794
44.923872096881674,-112.7157102596059,444.6622720677367
42.4724598974231,-123.29904528310078,131.43787879010102
49.08991570291509,-113.242626098141,408.76656154164834
50.11288022398141,-117.70670289274477,255.6411618326022
52.63632162534457,-109.36235948390583,197.72253210116807
44.87547697269124,-111.42057724527717,121.20766820339608
42.696979374790864,-115.62771434948633,125.42641526598322
45.489061075152996,-114.28291216352639,347.8507496154052
64.63550850524823,-106.73500071638898,297.6936745762042
60.8134455350097,-101.91204904475569,104.93843974305472
37.95975496213494,-115.27651472150119,100.71403719724634
47.230563922585155,-110.3830712899762,82.53975864775616
33.66953771900437,-126.6812448417329,384.6953063180948
56.879991281471966,-110.88825214660503,370.3469383531801
60.617602099543035,-91.93880671065968,76.29394588455881
53.6232113989444,-111.27579493367547,302.1215340186378
53.96963885502585,-97.91290595347849,88.10426985921046
52.360147793707995,-116.97916744950807,456.6855967740237
43.81855033749818,-116.23611824170403,458.2028386310596
55.485786439787354,-120.14087643739278,364.20484541590855
51.948416908999384,-111.55889809687118,466.78501464775246
48.9976973862985,-109.3744118873547,415.1538636861607
45.200417295642275,-107.98785387845842,422.8423591671722
39.327611716565144,-116.84523396174131,306.36853275647
53.330309980225735,-107.96671271046067,187.7266391972792
40.05855589564973,-112.5510504140677,148.0096018023897
49.44048487762188,-104.34274574931804,197.2400099175181
54.46726407337862,-123.4168660841452,332.8229435400779
37.01238740591097,-113.3094783243349,127.69544112457952
41.42555493741712,-119.29333059795022,166.38810648679473
48.7788542036874,-116.27332583625726,260.62738825795896
50.32794927787142,-111.05580185960916,154.872544336077
48.545923723515855,-112.79390910903471,314.8896513722277
46.13428436865646,-108.66004556069522,465.4292128053484
54.161868159739484,-93.74962895358505,386.6402145664069
30.264044536071026,-122.89118400646787,349.89197636701084
34.085358080707465,-107.87775486734955,312.22466419270046
42.61113756135042,-116.02287622918608,269.5765591656792
53.71624149760318,-109.58446982690162,133.95373683559689
39.316341855226305,-124.24486593712251,452.6197049420895
52.021415475794996,-107.34979680343034,161.84120090577636
51.72581583511449,-106.06877068995007,91.08899491017236
61.27557799688485,-103.39415037175431,387.50683065291287
49.73997971302263,-100.67422068503612,129.02699044902488
39.49074712279126,-113.49071274573467,217.3531997935292
61.867811093231005,-107.34747743800658,62.72821773094088
49.44364711892013,-110.32455648971508,111.68057414320162
43.41674179179906,-120.94125415765362,127.94163384196044
36.80259691820447,-107.5784162063056,74.48455748758008
46.95828812770622,-111.04380915078028,345.49563048028034
61.11836644917196,-104.56400774626418,426.65350811140274
34.689633802876585,-111.10497974239748,217.99193286467343
58.54106113529984,-108.95163759292187,443.5594145231903
56.93951479122894,-93.1904624951415,146.00595855205694
52.14186037034025,-108.36480129126609,196.42569060255775
49.191240166572896,-114.33281394594474,117.83164686402576
59.64647396115154,-104.87938115888751,329.2516379385494
47.52370021856122,-132.05876291531382,238.94131589163808
48.72570957179905,-106.09202408752593,325.9775060788544
48.80140968165463,-107.47852985445057,392.7537074273826
48.40128918181693,-119.94306545577248,295.5663572148268
58.18616171699191,-103.6888114323839,332.43365970580453
52.25519799579747,-109.04921909456999,470.8626414774498
61.791102957646025,-98.3016558187081,184.5789393239794
51.03613584895899,-103.0178553222361,211.6237723852789
57.0362041609069,-113.76234340918994,372.9665127692016
55.42731343815829,-112.4097033405921,325.08748267492405
46.15516713760441,-129.11880978393344,130.33980704287166
43.29700233802323,-113.88415794093861,219.2662895047206
53.5361949600462,-110.98413034067084,260.52710590612173
59.53159941165818,-101.40447841752311,238.7254270857752
43.58054212294472,-111.26169968950015,130.22366374491835
69.05827442339935,-101.67673183416032,465.993541302918
49.55785036449216,-105.78904541115472,393.0434427622892
55.69918431596679,-101.73054085493749,266.6101244485335
60.35848405187036,-96.37112562211067,356.02746273807645
50.70874109337994,-120.12380965428675,453.7772024609848
53.103325886301135,-101.60122880394752,111.27836406270706
49.38994572217038,-111.54740869222975,162.66787281813995
44.07913403897849,-117.57950126444817,294.21556126549024
60.1875040914835,-98.03622415628888,409.5546671085614
43.53617942547829,-122.11998166714362,66.31470294868731
43.42330877780376,-122.45788404276831,492.8081675883622
45.8222916742887,-121.20244111820386,254.70797129707876
62.037687427611935,-116.49642340582429,211.6540132797753
55.193111451394756,-114.21984189612525,181.7259970278973
53.540420296822425,-107.19264805171348,128.46051844289224
56.79439541795349,-112.46092117555476,406.2082590185125
54.456590981310875,-109.27058798408865,479.93637413574345
53.617649900291944,-105.02594713484491,236.1401396804292
45.120206043082874,-113.5940140803931,478.5893126390553
46.210663205339024,-111.0657814623967,420.70892694576537
56.83320392979177,-112.79387504688829,266.47300736434323
63.0640533025163,-107.72091889881679,353.3117806067597
56.68411916962311,-104.92150402339875,245.7428806267083
45.214920095803265,-120.7390251244103,301.4255336956486
45.0681681418168,-121.12111965271836,76.12085165832671
71.30842473965686,-92.88893688941124,363.3185638852399
56.66033718694374,-107.09447161016868,73.77109001786152
41.881273918744846,-108.92520151812263,417.6882261138423
56.70479190989383,-110.38876689204696,421.2261182572509
50.598241567663536,-111.05129666997286,156.68477940029658
41.59677206270286,-114.71687790903314,195.6482514661101
48.54184567461335,-105.99208597656045,266.589670351232
53.362784576987806,-104.48153281921951,318.49830811961664
54.43676293795988,-106.56549614028229,179.30914778389854
58.74792333190553,-99.80603834903235,316.61888208436625
46.70011030006136,-97.79381874464875,184.00418295318448
41.932599723192524,-103.37040692799123,74.9708244819773
30.003411758873984,-109.27815825897345,51.13739742435903
55.57069969934934,-111.65124375183512,95.51797606329288
37.00215233187153,-110.77905147752081,406.5128150738082
54.688373200444936,-105.77572546143611,482.6440905725017
53.87761167125763,-101.9681803989294,242.13478967654868
44.149383786047615,-112.34162593174162,280.7077790524743
36.45855673397716,-107.50255552303047,116.08167608304176
53.98660755496433,-116.24434875511822,297.96410870607065
49.685428674664344,-110.20269401028263,115.09470590313958
43.451189359070035,-115.36072244404163,325.04644903947354
63.611079463036475,-105.47267788772989,469.96640041138426
42.049221833962775,-108.98698950896495,138.0643426863678
61.87508832985916,-102.1628784182023,394.0536731256959
37.18531044340885,-117.26210407164444,60.57609026824582
48.121339570799016,-118.56484640065393,218.97375859472945
48.15067608210195,-108.40520242307782,99.83682852372908
58.404693458613515,-107.26902958269152,208.61394871806476
37.32253604962459,-118.11605899423714,128.09161383749756
50.18586514323335,-97.64327822767194,217.98724555529932
52.78112078024263,-119.570940940482,237.88526274838864
51.80134513869723,-107.08671092517007,185.26600525141328
47.28077139044133,-117.61365822366359,345.47987726290813
59.0525718412101,-103.6436889092544,463.4834230665094
44.07935327935503,-119.58825026483127,230.26791834737256
42.41538140091625,-114.04585854925617,136.55442041375966
41.665741755727154,-121.32607206751054,171.8252411881925
49.58425730947242,-116.38259617098176,434.300370573366
51.664992044418916,-104.3211825083695,307.2378754715665
50.96311357899714,-110.78197431385388,254.7549645381308
54.967131294985506,-110.98188651042756,117.33652467901702
61.04436819554515,-95.86238285993879,252.37728874570183
58.16456449979002,-105.07524654792861,175.321401510824
54.88056610709989,-109.63599024021637,474.4234075340072
51.3671775027478,-110.12694800197282,447.8315492370791
45.01723194441808,-114.91616685996662,87.7561438226891
44.07477267758179,-115.51183860948456,282.4940701675593
39.17965195562157,-117.53284622241121,151.27625548160245
47.3581660631104,-106.72997791295577,234.8496902859308
41.18709959350473,-101.91545039758209,444.5815992131554
53.92571451172594,-119.44779530673648,287.3815339498452
55.569676275402216,-103.60173740602664,200.39688201684191
44.764725795893696,-116.54860489513149,143.54975934724868
60.3812859406331,-103.89503778726717,410.14618673292017
44.320320595554854,-97.17698150346465,331.0331069139562
57.966449265194065,-113.92119380188164,260.629457191804
47.96192589773154,-118.19304877062939,147.86795923834012
35.56879703643405,-120.98329339268209,200.4108683707091
53.10897155229932,-103.00748737664344,481.92954203233336
40.454513721323096,-116.55201155377073,284.04047192262544
41.92529592228638,-116.65853692792525,230.31467655946383
48.9266527198175,-105.30296102367112,284.6399190567457
49.63431550986192,-115.28615251881013,400.5448276548239
44.838764660967115,-112.75143996899604,203.04902142629092
50.484606594960276,-103.78287511807284,130.417754419674
37.392601482945445,-117.13135075417394,313.2212532525715
41.84230403792733,-111.20288328056023,349.3418465664802
40.76480524251415,-99.34643785873156,370.7231013313473
37.42021361065597,-121.10087100703129,446.8944158447583
43.041810308012394,-107.28428287967496,217.02835431010087
47.948374781739076,-125.08472890924607,83.90970330300131
56.35593749838008,-112.20554627747985,481.256862633924
57.84347441003399,-104.955743014816,245.75536734686384
40.68265868159324,-122.33570977580166,330.4658793529091
66.34606339898176,-100.48789667841868,349.83739540773155
44.96480104718409,-107.51578648696415,295.93116891554155
50.647852357096,-113.6333815146795,142.36588838132155
43.464374169763595,-118.95701857674382,389.8143725522637
41.196926116931365,-106.4088054729933,411.6883884368368
41.833947104357435,-124.00864855157964,298.8390137078479
41.21936443177452,-119.59413247825596,269.8525222631787
42.780880736349154,-100.49736120715843,101.2721824075934
63.15120877842318,-103.77790794788109,87.77824767490273
46.50002589535672,-114.35779092367414,202.80418050358796
50.9349873933793,-108.28535871866201,189.88076998282696
62.98481716604223,-107.16594434188235,479.145402933472
47.34376345717398,-123.417954192845,402.6302340995434
56.128759685281395,-115.0572579937159,346.96593286657696
50.77765844253452,-105.16064039584676,282.9416400579223
51.96499802451674,-97.30968758747467,125.3153888269931
35.81866119050537,-121.99347522777195,490.30550248292775
57.6914204491286,-105.88340431231885,218.76831420809447
60.226228129693,-99.3661396856057,98.11652110126016
47.44387092378289,-121.40024679115979,272.20950307208574
45.395551513724584,-116.93525080657872,443.2991052258874
38.37999668201619,-119.19234944704952,449.28095079979823
51.478203645483575,-101.60795635408451,54.93466222540127
50.97179335683594,-102.69337982955139,448.8330851381299
48.513202490719294,-119.41686168261943,172.16789787493633
55.48559551454982,-108.0989765420779,67.53756378579038
53.34262784742664,-109.53755368834211,431.5056216632935
41.6648648748808,-112.12436913427321,438.7400401946937
51.64391189019345,-105.84651263889751,318.3039859290575
55.23820158082787,-111.40441390380616,308.4951907833613
48.615096136839774,-108.77310178452288,415.9041226796387
49.99815286121576,-104.54225939957746,403.8392987196259
38.028349609622865,-110.78960636196673,450.5474630492168
43.52521176437003,-124.201063148398,298.73635141851656
46.9115794228848,-103.29441814245348,485.4411917297639
50.25294065159992,-102.34710658261962,498.2660739200023
60.823121196007236,-95.18550945378955,102.44507449938467
43.579595971320366,-124.04161367951046,432.29469179935495
41.34702145595286,-111.39460334913085,274.92001598686505
42.801194831459405,-116.0394122279098,224.40485223492445
51.20984471445485,-110.8128473534658,325.88253944722175
40.07351254337792,-106.1916426510829,75.18450076790316
59.99118478394473,-111.03415642928003,277.907503445186
41.36238785262792,-115.17897090318097,441.900756512
42.96679028066212,-103.56020394592866,146.05768226253596
45.42600367151619,-111.40198569016151,241.8754526462413
50.407067679205184,-106.7627709447379,472.76639947169394
45.83190259709714,-115.06221133602179,242.85372701256375
48.88762887732152,-108.54166575581662,211.26543454957925
41.15581308555326,-123.92438687393205,248.2414916555202
61.23912243634351,-103.71653547398395,283.7537449329004
58.72914820025713,-105.37432367498862,334.39610485916097
50.246026663941684,-98.51390512742853,410.311760412529
46.220942370069764,-121.65436966252526,253.4459925939414
41.914214593507275,-110.28353884049436,417.8664207905632
45.798187816817354,-105.51722824136449,290.1742976084363
50.90409580364949,-103.66343308966397,202.31622966559
45.37469547628167,-110.04598750735572,346.0778726537364
59.79773866837118,-111.43278253402183,372.9750146345711
45.87314440921748,-115.5970306466849,301.1220390332694
51.84790949380093,-99.91015046088293,75.47673791062553
50.804084820799766,-107.28867564691576,126.4472938223712
50.041625941925865,-113.70470226156785,178.38397440060268
56.257085486163206,-102.62887578466814,177.18152267817192
34.25693153649502,-118.4306650876927,353.0393601110917
64.42940176427308,-107.50139032833043,58.256897753134666
60.25716549290745,-94.76400969138945,390.056799672284
51.58097081406274,-116.4517683972533,169.40411366311992
52.323641944566695,-114.78447495438395,189.50983079724608
29.24601163113701,-113.73914008405386,287.5594225747659
44.833128428146544,-103.6804827902324,147.16652042253088
46.598045844290105,-109.73421315065708,448.0120911089874
51.616320564149824,-117.36533035140287,88.41595069695438
56.26797616427414,-101.42982605760167,249.9720630354792
42.32127299598953,-111.66420268297576,432.2400212547005
42.496061234544726,-122.48481458325465,327.1297524895561
51.98672175923754,-110.74071553106018,181.54828212918505
53.88241031220844,-101.63917517490896,239.34209349940733
33.50198890092328,-116.45505171809383,368.0124711541316
43.77884307267972,-109.94799038576072,487.9673345137547
47.22709042525037,-115.2227315573998,451.9124232707451
56.96961921132866,-111.15772556203999,204.09476377206957
49.24519761919107,-106.19257640082745,499.1890456795359
57.432245434156776,-108.80010969200595,51.57709858897622
52.89405492423673,-113.03417304330952,62.43339011378679
55.42540760772836,-106.81988649218322,420.7282318270372
52.175565775985945,-115.63766480392638,139.7582090748734
58.99731750261256,-101.16326966399905,77.34617077830839
52.37933171509568,-104.21304641888038,156.716632956426
43.47768026202066,-109.94074333034483,241.7450692913871
47.29179043709155,-106.86775377040195,378.75482169503215
57.173197626078455,-105.15264461078992,330.9509869480425
44.8718993823482,-111.661537599682,156.9295479021892
47.930646749054176,-107.56804469826054,276.471701645263
59.358649999944944,-100.3623830925561,466.79634742935593
46.78424084790414,-110.36613308886261,416.7534996426909
38.32060928291041,-113.18187424861271,195.43540317430703
51.602407253904715,-104.63648993323316,492.01905261006334
53.33277852931385,-102.93051514006507,368.87918019580894
57.31962031540629,-93.84895699616388,78.10221005005181
56.752101648244306,-104.07154796044001,65.82232097988741
42.74446947120496,-124.43782131826839,125.78357705451349
52.77129242458703,-103.58469371223886,377.5351406225661
54.32583055881207,-108.3958085162176,132.68251662909256
41.472349622343074,-115.66533457612023,280.1690461439751
55.41405696042525,-104.57677161520097,91.96705408137429
37.463924306733205,-116.67134658953535,464.3987710235878
47.644723195042985,-117.71597045252607,204.7822761126054
45.37748851203855,-116.89694377937535,458.6594254522839
56.00510689415735,-107.61055876215899,475.1940388597449
36.415000567701966,-117.24040065834015,52.75789129115636
42.50071092391942,-111.60377264627323,258.86083423942944
54.23297108692974,-101.86477976652192,61.0952250681018
45.04377952380653,-110.3052096038889,458.91174483630766
54.839825548369824,-118.00301025341892,283.28339513055914
40.04606284604339,-108.52910020201375,83.72480571432357
46.35179421557234,-112.00888318729321,99.62452772445508
40.551615619773,-117.52935972841276,222.57906102173257
47.455254867526435,-102.54559397416185,473.1053867928002
46.48629836425617,-109.248578023851,361.8091182056364
51.5169355712599,-102.96710186248882,440.4284897851096
62.390781368592975,-102.58881255813225,214.90549085299085
66.5014116773188,-94.8939442404502,69.44616479749925
49.92468583772318,-108.15607832510598,488.44293674198633
55.092549631919866,-100.20422012703719,57.7278457980663
59.79872759468635,-92.5479865084636,476.44324388649005
45.2837414945666,-111.6905569780941,215.9048407321151
49.113016239736716,-108.96014646713411,54.54068225984668
59.601109879219464,-99.25569100682183,360.1207542760287
53.30952360033663,-103.13739897276353,491.2431368141094
41.95595454240932,-128.89272943967876,484.5315752769166
52.73964703081678,-96.88963250880234,122.4216550410883
47.07643306715922,-111.61155807409286,131.56151272976973
48.51668298579638,-116.33416693019751,304.49251157884703
42.839256401376126,-105.63656488463668,336.787171892746
45.412622327233436,-108.14765985522598,382.7380611496395
59.38523298742979,-120.61691872668406,131.4726622124664
54.11211739897918,-109.44573959385615,481.55318904399553
54.0071943283339,-113.62915024463813,337.432665330157
45.39338080953723,-109.64281634896129,431.1711134917497
49.01341432610654,-111.7313982396782,293.0295718778773
34.73453517234788,-127.06579735634068,236.4245814154472
63.40426048204979,-103.52689236821436,489.73230796774817
48.589125425260285,-105.82819468818047,311.9546168689262
56.61548091455635,-93.60937912672236,440.0931122596305
48.86216245718108,-110.56472426788233,478.98157836483045
54.05482379801312,-94.44425059987307,353.9095821538967
40.0165046247698,-113.93049021818003,297.0224053334037
39.36658981063913,-116.71464964079459,51.57988290979278
59.209588848176644,-105.44387741908936,68.0088383325527
57.07937377032452,-102.17989821932318,140.38304722300234
47.23878061857415,-112.58429472174055,133.70379433519787
53.69312073129086,-100.89939312103031,164.6414578399304
46.90016772368731,-102.39314241414156,187.22058696394737
47.498530657833776,-116.69447976244892,212.0294720978277
45.22308971600079,-105.59841632083504,239.24196053099445
56.64628313083028,-108.12682639190601,94.4898523052066
55.90703617232743,-96.05536981829634,69.06286937875191
47.55551806995368,-102.74510030428318,353.27500208286057
38.17554188804956,-115.52347008750408,291.8006711793849
33.06950526068963,-116.76921670391965,249.86489099905384
46.228273027024784,-107.18672589895377,335.49797352575854
48.388816991259084,-116.82776807516811,422.4557332415933
46.157245276229986,-104.08876797410164,242.46180910229208
47.30064768443038,-105.89723867844644,338.5037592733907
56.0753589419452,-114.90127867776803,479.1075007258214
59.84664551827876,-88.19213377037151,427.8310231377024
39.17140334131058,-115.48612508000011,241.70036472608425
44.98305383204921,-102.55495977014424,340.12257701663435
53.28526351460695,-108.98714998847512,129.6819148621729
42.85531984689094,-119.65566723801035,302.23498320279043
39.13837768436848,-116.72068044768096,491.5977310122993
39.47110853094965,-113.38217270405929,283.24180184113504
45.23345205469529,-115.56708274787393,467.4372346355663
44.705353137905874,-123.41973020149233,233.3007142264673
61.77800503717419,-106.56691655308441,499.480172233084
38.85772728888152,-113.87630735230022,310.649015852401
61.06605047377543,-109.41342615921245,69.02104740617055
62.52085710944928,-109.65932217576342,314.0396585111246
55.63331162711618,-117.44816119233197,173.55771305581848
41.63391667855702,-121.08228486596904,64.61659491615262
57.52837175373658,-110.26999572758382,419.3839871125985
39.66123540927265,-115.08664656592583,174.07833664134017
43.569838359787624,-117.89006908372411,408.44684932092434
45.89384351194174,-102.00248963658296,179.69791233014013
50.70630169828491,-114.93382466683767,137.44685924319845
65.12059744132856,-101.2639524545137,488.2710083469924
48.279825993828574,-111.1269940154996,212.7403974897588
59.390520552462014,-107.9193177480955,320.6192951494222
43.76841573528868,-117.24762008726023,324.4916717665122
51.56176235714709,-112.31628274191254,302.2130669780758
50.950812435181525,-103.22601250251135,461.6130845845466
61.72757653006058,-101.06407171525119,353.49848211509084
61.969417213011965,-105.44210559639299,231.67985184721857
52.6897495978575,-109.91484766784798,438.0711730359233
56.46914330912392,-106.2166325767917,131.47830460218398
59.1415178373546,-102.39696926187187,294.9065409246879
40.22219727992071,-117.27616403610482,477.7476673746904
53.57529579122726,-101.04685141618631,331.42893344618574
48.97156763505012,-107.23651242774159,417.6358027136943
52.584465878757015,-123.99068915708284,344.1023264953368
57.43621619519657,-98.2810723476021,427.7168885920507
64.41135716440387,-106.50395976597046,475.0195459303597
42.34233014323105,-125.14541985204382,172.81477738973155
52.28599120845644,-106.4440206251956,126.34748656552348
50.33729276606319,-112.80114330547869,267.795837649643
46.969897375864825,-115.69614706936771,365.8380920708971
52.30088864596943,-91.68039628137427,152.23606393199725
50.738309785876545,-108.2779416637041,51.84565269357518
54.54639465864621,-99.37581600408828,204.3208021265174
41.501613118549365,-118.8859213881751,485.9867009605048
56.147470870445055,-102.83592023947048,362.735357272631
55.92788912483969,-96.47323664547518,230.5964497735508
44.84362478014492,-111.67471628282682,136.65924380607817
58.36324381221601,-111.32045393498188,210.24035318963612
62.855688324106914,-100.50850956824235,126.42774498556156
54.41550946256925,-114.92375174677407,97.83761959082813
49.69016984907853,-110.97819930829293,458.0340676576493
47.034592738312696,-105.65927733011355,498.9426522689631
40.988391551108954,-114.25877514475792,123.85149781810564
55.236304691303744,-107.05554977348696,74.53515149522588
38.645447790086365,-111.53237467716075,198.37899821579555
46.57052033297577,-108.16391644605463,257.7466313426369
42.11927372145698,-99.04858017270993,142.16956118413452
57.494950998107214,-110.71123669798786,185.6412103093513
48.882291222311565,-113.15465234919698,140.39183106124597
47.615932321992936,-108.36950842907486,398.4172557946031
52.346797963588855,-98.7838827089113,370.66007446126736
50.43857238793028,-105.63861626107938,335.7281820924418
45.63055550751628,-110.79149049137466,224.24803568564212
57.877859602078345,-98.66265745469588,459.0684235914062
60.79349980300925,-98.4943441570327,486.289643690759
49.8093781516455,-111.12054312950991,128.1376906814354
49.6370879328955,-112.56359002912728,150.35568863534513
49.718414820749175,-120.73202600300955,286.5339626001663
52.29988024475009,-109.51429785240893,91.0627561770104
53.463443288009145,-114.42516965476854,246.40177947040075
56.57273408196514,-113.08937019115112,311.8060691499696
48.246189615104505,-107.17839011792788,284.9331070117999
42.28434677357945,-111.07137314771293,198.9088623851117
53.19764182028521,-93.8676971274186,294.1006127347431
47.057423560053415,-109.17567572094002,481.46042941648153
36.99986207020977,-116.1388961421861,142.70783193111922
40.244970755028085,-117.8072976127597,344.6741112773016
40.9044539335255,-112.60126174382304,69.52851237022332
53.75042144857883,-109.54824187511244,79.88738201664572
50.71031723887474,-103.42316980389835,298.32270090061326
40.48535297593243,-113.70271240864548,97.22263114757726
50.07154777869761,-111.9868371512846,60.0560547920858
41.57367975501293,-117.17069247333316,127.18084894160998
38.431266231563235,-123.07150895866997,304.1821269498085
48.826287070532146,-104.60937546523131,366.5034295335196
50.22579736697323,-98.62549893552399,141.115353863621
53.925897105309915,-96.44030133590626,350.7167467436785
38.01364171473903,-108.79982430245924,132.1143489946532
43.14270037270269,-121.94521789683014,326.0558419840657
44.79250342603847,-113.30778489445566,235.3818559531095
55.100281690945295,-104.14688220105317,344.2097792001275
49.367759551412135,-118.06261505561812,497.7737386156613
40.7170626626655,-108.00825469878303,472.0176343546529
36.07844471896552,-116.74363479140278,51.92679102624663
46.939832325325135,-106.2851964093851,448.4474439630376
58.789019238761185,-101.07910220049114,79.92085782864494
49.68759313944702,-110.24252364157293,478.87096377193023
45.15626180339876,-115.28935090375374,176.82155559485813
47.464310821078655,-111.74606741866914,221.91567368507197
69.12161162289871,-100.67800050871952,91.23719232907752
34.589293751479055,-114.88471940213134,100.52274124800932
47.67937310937639,-100.9348009573663,377.03325435319385
62.21970355798145,-101.88350979917965,474.9495060867312
46.47437921433958,-118.47927543569983,324.8368227294393
50.82393641740761,-112.87538996808615,372.13250698706497
59.87220412940539,-105.82990398412467,392.8863850687191
50.06449311809091,-120.46306686159517,168.26642354882375
54.000433778390665,-112.12488929835965,70.35333391409671
31.835802743832307,-117.85474503718973,50.84273476362586
53.325001588449915,-124.03385892985625,207.7921773293084
57.80112212289865,-109.73798929663114,158.65890268964722
47.79983379148579,-102.11468476291206,78.04297627213354
49.0446808246194,-120.11551219323823,130.78773162215003
51.29260590576898,-100.48627434907311,106.02450422057652
47.314639680091155,-104.14859909972418,461.6952712778167
40.198026349881175,-105.95769269710158,113.12024605662602
44.16459523869199,-121.12977428073641,291.9418087944556
57.422323424603,-107.67350207657216,316.89767980047407
51.19927953518967,-117.66275290311347,294.5702559688852
40.503277822510434,-116.27972605903196,94.5753953971946
48.81736289228012,-124.55002348636066,193.45926278774803
40.18459346036263,-119.65704686407449,73.07164960841897
47.495409788246256,-102.8708754376493,228.0514613433422
45.351816221827185,-112.69666847856988,134.8695190722164
40.094097319420285,-111.15626082808937,302.7346399779709
40.69388948926309,-118.7181851883446,361.76377723209526
52.203433849968654,-105.14753896661587,289.45393709211794
54.665893499903675,-113.54876220029685,245.4065134751281
59.261060800152684,-108.28090675931577,224.3000393855116
34.777521378846444,-120.97645757050658,428.7612956436517
47.41712819078305,-119.90383736585318,148.7156292793715
39.14535212197674,-120.71859031666092,380.398252787991
49.64475477105908,-110.87032492374506,390.8670461330536
48.814530259910384,-119.51031682906076,238.64000327183047
43.97937674662964,-108.25403966366592,183.7852696515377
33.3010570432661,-113.28870543502586,261.74366872068885
53.33999122732994,-100.03408936910925,91.94626665171432
47.25096803753694,-107.8387178952355,70.66851450309049
40.71842265166896,-120.11292384009687,100.2214397533513
42.97097126666106,-120.75686206705551,134.2152641580018
38.05250553656535,-110.59227028839894,276.87956915211936
50.695221927100675,-103.4792791400208,432.111486272505
42.395128969970685,-113.87906899571827,156.03904939985915
59.633361594555794,-106.03325587546021,470.82290483605016
43.952785850367746,-114.60620166482344,479.7085590207515
48.619987026820105,-107.26280101919194,481.50707218034233
52.458242614276905,-96.55689734370071,426.9032306043457
63.634384935348855,-111.80775547623765,213.72126835897427
38.46129886094039,-111.03579152583967,82.70775995118038
54.03867606554548,-111.52733741544493,305.9684292949227
36.340035214219945,-113.32801999909572,301.4066497717552
51.52917409533612,-111.86937841153274,432.489095199318
54.60466423631318,-99.33529378798558,498.19597292574736
42.64036591159348,-110.22378520479981,278.6707879520664
46.35735939969779,-124.43560276922153,205.3418139679029
60.833271187563184,-101.25324177606856,133.65577020032015
59.82885520939469,-110.14928157154436,52.15992116781683
50.714348311812614,-111.04902590655121,279.10116161999565
43.68280437311999,-114.80888593565041,299.98340001616805
40.947318689073605,-118.22328751332142,421.2223159178288
54.97431040774993,-114.21137475876439,277.05963555176027
62.16182372985424,-99.16154041453245,462.4107568997254
54.18296639914803,-107.39328748562183,332.637564457146
59.27911453000424,-96.96826050906543,428.1513071994874
45.5162543673496,-114.06440630766237,116.7357806634862
51.13824883603542,-103.50139008497675,434.9012586360416
52.57706022088196,-106.61697057787777,353.8147344997318
41.714070447094656,-127.55876069379174,126.60486459724876
51.075776195573624,-121.02741159492874,135.3936011657049
62.02325695730413,-101.72210548354383,466.9252785698996
44.78087771974811,-113.9454765988087,64.4969122026678
45.37986637135096,-112.44753332696142,258.14072448306774
55.127054589787356,-112.43071890665415,191.0638804703457
38.25988253631066,-120.957901995784,349.28484799929265
57.85821083272031,-105.68918830914897,427.8332244060464
52.25370367750212,-106.0054605735335,212.1701547004563
48.45531937840962,-106.03718623752931,242.10593929527676
44.945931154447116,-119.28806197120271,491.8630030256364
52.5884186783152,-112.00616985640343,402.7624293556413
62.12164583018683,-115.06596221550578,453.7418589193061
58.2557997811749,-113.92549911302463,247.44299929323336
38.41116668444801,-107.03204092601338,155.33429179285184
59.72973085042966,-111.51172704015264,235.3385594239033
52.552557299814474,-101.9858488108101,372.24136302418106
45.652496776450874,-110.49282422274852,99.2436821761907
46.27190158543088,-113.59071693256155,171.711097527429
55.991493334696145,-103.73300309749166,70.98615520771567
41.21842672663738,-124.98808644963279,244.5564822521592
63.88528033833609,-96.26849091872317,422.350581190826
49.70609097687017,-107.4176629339225,61.09865973410486
50.41809036701921,-112.68597491613075,353.8955870632247
47.77737917033986,-103.70947053418844,469.6231435311829
42.68761922771551,-118.46721257385326,156.61753768003203
54.92430724887538,-103.90706123727745,362.13567832744167
46.86565375676862,-112.49487537530104,488.79585549509017
43.42000781578661,-109.50259907002685,483.0251270686084
55.26947806121361,-107.99259272150613,155.71813686311447
44.12522740964374,-121.66430033885133,95.14897394543092
57.12255126423214,-105.75241421918528,116.72714205316215
50.79341554282184,-104.83570429950151,365.916050816964
39.92818595919335,-107.24197173895624,376.591493953974
35.69181689711488,-117.17080560606975,353.4064527326896
47.32160389792399,-106.93850212420308,201.23527448400716
36.423330009120264,-108.6698346822937,126.39962289115496
43.559280710835864,-101.52265516080502,311.3424913785139
62.53277443416403,-110.48924152179242,267.6562005910399
41.48119915039018,-106.97488095416446,377.97536620503655
54.969923504765774,-114.84781785245272,248.61203540852964
43.01031553679897,-121.24476179924811,202.3878626089108
42.87794345577656,-112.00203477881306,182.06535981155648
50.42946259755701,-116.95116293537868,145.16164402238593
47.797511106451424,-109.7909250486058,169.58586928399762
46.426939569181684,-104.89761230359467,92.6736974798456
51.556018920888754,-116.77538764611266,206.0856549180003
55.7957676954979,-118.5010391385113,66.45641556333119
49.0682864599261,-115.91629948150349,133.88623122484705
43.400836822982285,-110.71682918137023,386.0467000787431
48.5354149331845,-115.54754200222204,196.4610449044802
61.9301139693596,-103.13475985847589,350.70665763980475
50.61437264503925,-112.80719164618331,372.5978790187748
43.1630347591801,-116.89096363244889,311.5334042294511
49.8415385027108,-106.03250079771813,481.4139836144293
62.04859169778194,-104.29623146338126,59.64793998040096
59.120637082502064,-102.10191659565598,382.393692764664
57.368604605930614,-107.40691098580908,481.4539897731836
53.20355746788657,-105.34347444762986,438.0222782088227
50.21840671828109,-114.6234866511524,125.551711312256
61.64415513098719,-111.08199812213319,197.06913781327944
38.85258596365856,-101.08895217095764,127.60332794440944
56.71567114962805,-113.95372464640262,320.5887637166168
39.81841343505186,-115.85756595933549,370.4845918907715
40.691157799043815,-125.15559745185013,192.6831962133762
49.12771689935292,-107.9258597019554,292.77795829293296
61.49503788643928,-104.03471939590773,360.91425653203777
58.20714257502223,-106.21513362944899,239.60291747497172
42.64138427050767,-115.42126215558145,434.3069887049567
38.544126678895125,-116.73194630245403,397.1974708795177
45.57641141904525,-116.44684696427524,79.0994947327568
61.194328090384055,-108.6628817083601,329.50638459087304
41.77822087367289,-117.25096617064878,155.89649793188732
69.76332861710927,-103.6591430625305,300.8832191002739
60.64038542545731,-109.59038011455654,480.5997991848348
67.58975392609972,-107.19900825015758,445.57790204851256
62.96031154043037,-101.74448126677791,232.0323814018093
60.58676765200027,-102.03508486877455,181.18123625495903
51.64377837828886,-102.55828544072408,155.48258498371655
43.20222194791722,-111.2814349370919,289.63169139043407
53.606882881866724,-104.39747090813051,101.41180396612536
55.313528709688306,-118.05554485630024,297.17375365771187
45.83955059064493,-106.23840156592533,50.600137770856406
55.805660577264305,-104.85133457494666,195.7323338356302
40.22228219776233,-110.98455349071472,148.97044122376155
47.84399033021187,-108.50085253155194,487.0484554823519
49.850897407660995,-106.22341807432105,377.2590438064905
54.83910158566476,-108.98079302166393,207.34402120800695
56.931228013241295,-96.09901472941779,91.78028893877922
66.94439625885147,-95.60066888354298,282.5602676107808
44.22664144930196,-119.68294276430392,146.05154659671905
43.92709400576602,-115.73337576596506,291.393295654261
59.48925853431279,-96.54623174071608,425.9130593805016
48.942050641184196,-100.75468060484674,327.1066484456234
42.219743041423186,-118.51301371778892,335.204788795251
52.33823984534403,-105.44597267831742,293.4636300782652
36.257502212196016,-121.2377766561254,467.2695346841341
45.10318565903138,-119.94900918216375,469.35620798927147
49.74255865673227,-103.0785732173421,280.7254404830985
42.68793957996727,-117.28681454812255,187.591769214577
48.523884071479586,-110.27830005281577,256.81415264574974
51.80527383276744,-106.80968737647446,133.95106048802705
63.72267691672335,-100.4447401078295,336.3549418931402
49.21304502674654,-113.74418953420799,275.041551102005
49.58638560181405,-108.54921598587472,96.48521501597595
44.27510829499681,-109.11346514695474,138.94150150382688
55.638772615595656,-97.28697139311421,265.8343802897871
66.23937106301794,-109.03341740171685,449.4150458234863
48.77344143657091,-119.40101710730237,304.87582428399384
38.65768195208145,-108.77493236083927,356.69075009381186
54.36099016459095,-102.7973417599896,202.56284738475935
38.34681498601799,-118.58710546684804,307.13512686990543
46.87640591633548,-105.6286076656548,251.32092018713035
43.34240312382927,-117.92124547207194,346.6084606804223
44.90383580565109,-117.32733845196572,72.75900473555467
61.89398149757925,-109.99153366869923,271.98509730753165
63.942066379879456,-103.63447902354227,183.19668131478517
54.63507193208552,-102.23941212080048,196.7832775750592
39.06123816205496,-122.32235857268805,482.41284420112765
55.720510021644905,-102.55307681450923,132.21266572012223
45.05585000201078,-116.13351979243899,190.0603636603686
47.18589745340252,-113.50415522304534,279.4516590788923
50.495873101268785,-110.15694372111302,438.3621266673306
46.96597080326429,-129.37155532690292,237.5015374428667
51.4889564593161,-123.87369428121845,384.739376399677
50.93042587174331,-107.88535068870225,435.368344196661
50.33465209906541,-97.50762662167323,189.507360119832
49.47150420638501,-100.4474609620456,226.73758259241947
40.17441140970731,-116.52017256802486,210.45030065976036
42.6230400408218,-118.97943769771116,424.78511387806446
61.83769391917527,-90.42937122994167,69.95608787912052
42.80780182995541,-114.538680619391,188.789489972906
48.397506979305064,-104.83231071166821,355.7338509178084
49.2859709635253,-99.84478978920718,304.44957480440416
49.77425328914451,-118.68453970842154,246.33021168216243
57.45473490589197,-101.3267409138547,292.976702249623
54.853486835015616,-121.20641498158798,138.9130636227432
53.54904153130813,-110.4987836519109,243.8224797236047
52.908552329635356,-106.35725068015165,275.76634287935707
54.575291932356656,-108.55627604154913,455.5351048795707
58.87913816197623,-106.61179027324799,167.37582326178935
56.2661538239688,-101.96543709009632,440.5228259742197
48.9505957516667,-110.17096189123873,339.90863037169186
63.28285173581869,-110.24326437603999,59.15337398042044
64.45652186931187,-95.78757609355121,376.0841016047272
55.577006766701686,-114.39574028130097,65.99834489707479
47.22294729255248,-106.70193974705924,498.8215070662159
54.59848293336759,-110.89974827376726,442.686509461039
37.90272188646729,-110.34225091468235,183.80468639302052
29.92462690136442,-114.80139770923589,165.83505358851744
44.93593198641681,-116.27371581059666,221.648486947524
50.34199318953212,-110.76934188023804,210.27513439149936
57.0786344067193,-104.16809227184636,217.55201827342148
60.53376731156867,-103.18075752073376,193.2244457537662
53.98287836575898,-108.44406390551158,329.5100330817492
47.34828260307103,-116.47731694889177,123.91864867428076
48.250595412543085,-110.23146463155959,430.69158160070594
51.544380565711144,-111.36601967600684,415.5811178140919
55.32655126283487,-106.93624100360486,264.4174435348717
47.715904756486516,-97.80189994845054,433.7284843753464
59.36862268048972,-109.03701658276427,161.21528151363196
60.24757274420165,-107.62852066215679,57.904455066785125
54.26911972818544,-114.4869594154084,328.6435662634204
47.19615176589935,-110.93695608637722,256.0592331341219
48.22566569437389,-122.14433841746381,305.22404583314176
48.47509615035516,-108.64274676704729,454.70273405828135
41.39874027333768,-116.24395075201379,486.4665081046746
55.466775101491365,-117.02486363171197,335.5039128900213
46.94077199450516,-108.81340971172318,393.8250154335973
50.14949043389226,-120.61495424312972,87.71379506922392
50.99744299494269,-99.07395117710469,122.32201320117753
51.60435232352693,-109.61573812257588,379.9421622288394
45.13755158739963,-107.2900866405745,244.11445537460088
56.585903583226056,-99.16658719318794,250.68437168198253
48.26510636729766,-111.29946708207268,188.8734567359465
49.71617072577273,-110.50213086771733,323.31037256498473
62.32220181795581,-100.68604454363093,133.32427043729118
45.8140586863515,-113.9802199249397,332.11232569125303
53.085503705485806,-107.618116775598,128.20948571085785
57.282987191823985,-111.39494423832198,78.72171561937111
45.18289822612667,-119.72094649071252,198.66095991457743
58.38440894700574,-107.35842180668766,154.01315390443145
51.88268525427704,-102.48891771869441,450.0462373503496
53.52138072647515,-106.63324380064579,74.72905424088196
59.67536828521647,-103.56888268112573,129.4761616583553
44.285409819705606,-121.3491453236898,296.9238225123722
47.150669633493145,-122.84300316647555,266.4802358813631
49.23624056989797,-116.54215765158301,70.6334082686157
58.89224363305277,-108.71258805646232,53.26359260681501
58.22062696061382,-107.89270413133052,494.6305738825175
54.93917652388155,-113.97178918158667,346.4756151614772
49.20941795660351,-112.57161919925697,214.43275890570055
41.23387715132195,-116.16647930150289,261.69451144845857
34.325113759809305,-127.3956011449354,169.94755420442914
37.23874553718005,-129.4178185864852,205.1932026619444
54.78755087997958,-107.64499070724465,342.0700102706963
46.42230742080736,-129.01777306334336,447.2653094903168
56.96693991441824,-101.02055891636148,132.8585103865332
53.01557942951344,-105.41240242243884,428.1626774233934
54.14450847984223,-97.8166564134505,104.70048328322108
48.71603741933271,-112.09311788449025,146.74650061477604
52.30432021088234,-109.4704330883693,66.72887962234068
49.811007721683524,-107.845771315883,113.36533794184976
54.82268955682688,-108.84758156937244,462.7864154588228
55.20758305677352,-107.28133905927348,256.74743597827035
46.80080004813714,-114.62405002474492,84.9496378002591
52.19452440257153,-109.52535049901883,481.87707711753256
41.08037442665127,-119.47916601667711,445.5465384913925
55.571931547943855,-107.47466651587106,389.6071343906636
66.03686919161544,-93.09514681496691,470.062756376401
40.10708573720868,-123.1536745650699,149.0582393760939
55.15119927986867,-106.55398647845975,426.36618185453887
43.291014409830716,-110.18728012776555,360.49603835943776
52.00011964862933,-101.82775246547996,441.39166230545976
30.9520509256537,-116.06619124445831,408.6102045841834
37.250420478939084,-113.68712003703824,205.92277842957125
36.532069386254854,-128.29233139815838,398.479341657765
45.12957923392207,-120.84489265417591,168.10533634320063
57.700312862515844,-107.04775729750071,197.86647336262467
48.75179772783974,-115.74350454852546,98.55757275033926
52.00800601717823,-101.68469022883909,470.78447719121095
50.65312963062319,-98.44936015496555,180.9515135301267
44.54622778093462,-116.27917397643887,284.2801093271533
36.6821193927478,-124.52808334540366,226.0997764097867
56.5519995896419,-101.70058956835528,481.9676542625757
60.18347584673501,-109.36579928579394,200.77212692231709
51.02006604954325,-116.20983018956989,400.34561964021
43.0445464274888,-118.9945001226284,434.937269584031
64.85897013992513,-103.58649255880808,246.02292386643467
49.41017503060435,-115.88334317587729,220.17731650381907
53.954633173010485,-101.88024668015115,386.48561941968256
40.07801313362367,-114.32932675376371,460.80319113780536
49.7674994558563,-112.61304710155864,389.7192798825072
53.02400077698879,-110.40243200687434,152.20686451633952
46.06914421374016,-114.57865740349627,449.7384863469674
50.76793641976794,-116.11225357534778,224.41175034657488
55.320514709595514,-106.79841505473549,309.3032353000704
47.48332992810084,-111.1587463043981,424.14602868172
35.82678029786577,-116.81534116195819,134.7776453302215
47.69871087775963,-111.47191235877014,403.0295610548989
46.662502284246074,-117.21126538698293,318.2732590598049
47.118894570317586,-120.01537790341811,452.0037388224237
51.82451147001867,-109.66219567707451,127.38668082959433
58.07860023921644,-118.45710723418259,239.30700666841776
47.068313982891304,-116.40150319973782,424.7793917900768
53.59688580118116,-107.77007155786885,58.65426655554208
39.45940207988754,-111.95650967850652,100.49061504453928
47.27474559136164,-115.8567399396143,495.7543457405306
47.98517274247658,-118.69011448276916,176.17738036565774
56.338806207745684,-120.09726337573625,488.994437175779
40.38684505772055,-114.88443580436055,132.13919795390325
50.98918207757877,-108.24751001027853,212.49249935330104
51.60632446886519,-101.01483456104086,388.7912500266068
45.50001178794055,-115.779268123384,346.00028325718034
57.97761494807061,-98.36606634359546,311.505079968075
48.56581532142655,-129.08030041414222,288.45462911225343
42.69168668432237,-115.1298858574192,429.5481996491331
45.6976086089835,-123.98155636520565,155.7268532750267
55.520272561397036,-109.1699007148474,249.1119171470833
34.74443488867357,-128.2246731798978,119.95353147040578
57.15768255999064,-113.64422967358712,318.173718078817
38.080842011158005,-107.03747328609747,162.74499092209408
55.806847046850386,-108.57190170540031,200.2289289545236
54.05931087145544,-104.58088098222673,262.06282248058767
40.51105763065032,-121.89445617510587,62.046763566407535
57.341576119923495,-110.36303065155607,91.37207116437696
39.11356846991181,-118.8463074262606,358.6681493186988
40.34519438731394,-114.06537433736037,243.03649132287825
53.36480607338977,-105.96409144621107,439.15559989995296
51.208926893342024,-115.21287497896283,362.60240163988976
57.11723072117654,-103.91055686878583,53.645423741295104
36.43699432664553,-113.49269771719553,327.52054884521067
45.02016337107406,-112.06975894425142,92.1761897268724
45.22477562849633,-113.88934770145016,401.4199309057224
52.10789492115112,-108.53591913903075,496.1784597253259
48.688340931309256,-111.0124323352453,289.03945740868016
41.129131524660885,-114.04675510656824,357.25077508735865
51.21982323279825,-116.43430562998853,156.79137240263822
36.60141090051098,-113.51068125446635,246.9189846892071
61.82281349053988,-105.98898046113726,435.2428995063727
50.823114146861116,-114.58877605450989,125.34032648581304
51.346669802431244,-104.06668143110537,169.49102252619295
57.98946766524408,-97.62745403144365,250.4451538787136
42.52962604236344,-115.40719071610059,370.5120013298063
47.99003234533394,-117.31749176322606,219.1477796580532
41.45235015904197,-118.50231073663416,467.4795259023517
34.528311491556416,-116.88092489545878,92.50567307092362
38.470132352938606,-118.94875116675559,216.86188889518135
48.69848346889671,-105.38775608108831,369.02935554278986
49.72318470332646,-110.17188867658946,151.6940445476716
44.785558687766276,-116.56820897619615,345.38591040335285
45.919057407744404,-117.40062696723365,123.89763120230567
38.02612556794995,-124.2223238171786,75.19112818775886
51.287609264826564,-112.47798449635765,104.457072536892
60.72257740571244,-111.88517183696194,468.4931524103606
51.22264927255731,-106.67956019952179,298.28789732279813
48.057335530865686,-113.76847225474941,408.355598965842
57.60683206000063,-98.0143842070616,199.69452540727303
56.05297362169842,-119.6177721443678,316.696391548451
46.23991386085228,-111.24019428047474,272.7284601672462
40.80771916689492,-117.14494764653641,475.5820817310323
46.36666408819777,-108.81201604347194,386.4085862243497
59.247819067330944,-108.35537760544241,378.74418417346055
64.31272590962504,-93.94381437821008,70.85897124542579
60.721409433865475,-112.84682938309537,297.35135105166097
40.0774293881176,-121.30415637373058,260.14615425581667
50.38582398793399,-112.38495563554561,467.5290199727875
55.61366539954189,-110.64529323929268,165.8038946852895
50.3396941497584,-96.25178833334031,171.42505398099246
45.60545379863079,-122.15328181354892,235.1058119966752
55.4200056030772,-109.47559033880559,159.51637103286922
51.12504044957759,-102.64942610556787,108.13276301393728
61.431050266220474,-108.47370216458108,435.8366809928604
49.462003746188614,-114.36884929673445,301.2244359817621
53.89700212804577,-111.40721381965912,437.6132235304551
40.690889174475956,-114.99794137587351,424.0106444316632
57.89086434390032,-110.21103792116514,176.919059655352
63.24108543489192,-109.82546462761316,296.4818499459233
53.269027512443984,-106.56567579548606,87.4479662330317
44.096697963402185,-118.38208087955812,461.8633478138413
55.77049012608414,-114.31155808895855,231.91822177931888
59.37424641271319,-95.6735227218851,227.1542827500596
46.733494421472486,-106.56201445416696,186.2399167780789
43.64488001083305,-117.60661881301877,257.2986851198167
53.34499900660166,-102.33578899295703,163.29172394545162
38.28352586749904,-119.16203164070419,218.68352275856205
45.30209603808021,-110.97717416046547,409.9761718631968
47.84764113727673,-108.16760755417037,425.4149766133273
28.467527448129566,-116.64555517175437,186.88211493283225
43.49928435614949,-121.70456458246436,261.0564937487545
47.15997434751383,-113.37994452989228,443.2188993260235
49.86224255698143,-104.62332896889608,73.70299932336371
61.29197813529712,-101.21938364345925,450.1152328981034
48.46370246512597,-99.24471496936395,148.63295554354926
54.89240837187067,-102.71570296331288,355.3426598964691
50.52118467242171,-117.84677394973572,312.1482633730701
47.85507302724776,-115.32407555765111,298.82333668516344
58.70917502080025,-104.82494851860095,436.7121011387696
60.305030172117846,-107.6111334951094,95.70746464009756
48.61338003165027,-100.88530332088934,206.16261139653625
55.687843195558486,-112.23701861800421,292.21373585514453
49.47328313320022,-120.17985320378587,415.0799842757179
43.5519492678627,-106.63320185305359,147.39938753525217
36.114980773900726,-123.52239695776657,411.3184286184243
54.34678466137186,-99.71280303542144,229.8373171222711
47.37121741464793,-114.47217377707369,135.01123539516294
49.16976730242085,-103.30263384182733,391.5438981995672
44.873584968643435,-105.386206767861,90.90450566354652
52.039513750816845,-103.61949235576279,281.6453183339493
56.08578571578446,-99.27233345113137,78.74410273784979
47.380498061936166,-122.96703066292663,210.3880348210044
49.51320320256198,-118.3550252563061,320.4845595528767
46.413537927169045,-119.67145726615404,300.2519936692459
51.48403146687055,-126.36130336826196,232.09493805709997
46.926773098370354,-117.27214698775285,243.07159728745205
53.97334199612314,-110.38534841607236,152.04629900784494
45.82253345521458,-109.32611140569176,255.1471647908463
45.9556689786095,-105.05719200596124,478.9646850743754
45.30326245469951,-119.20948772923127,432.70381300270566
61.35995945470399,-104.84813283682345,115.35479108435472
46.00566573398656,-122.19699302726858,63.40135429441442
60.50845860320386,-104.50676326803384,470.08594072248377
35.268660862046026,-122.87970899972007,287.0373874463364
63.09391695121941,-100.31424897637622,292.0270204171885
66.66411920292393,-107.59590468519316,401.3230980679351
48.703787940555365,-123.60131941990036,191.61003824209692
42.60930883313889,-119.65027830187063,266.85840597620097
46.331747456385436,-100.61056437236726,485.8983109160319
48.32761648626031,-117.29022576777021,352.4669091195832
51.90003334624657,-111.04808593759125,119.18526439810368
50.774970805389174,-108.87953290303363,109.952036592959
58.7842459709333,-108.39477809925495,141.91914124985243
50.90610303370366,-104.17979128819627,395.0202534893229
40.20175151024783,-109.45419234814202,182.9196517282772
59.81392141415796,-105.65305377928027,59.62498100378591
41.55514146202449,-113.5522426525696,474.8784635775479
36.53944655969403,-124.88395850423494,126.3710373777098
60.173240253760326,-101.43030226628763,54.301183766630864
54.71531385045369,-113.20081032656077,156.70922107249532
60.264049627702015,-101.57311318874065,155.76295420316018
53.90721405302898,-101.4694957571485,239.90236288057537
48.04212919492127,-110.97784206824143,464.1754241750166
43.86064399898495,-116.00506727216575,445.6332130005941
58.40936851834526,-101.34697325292905,255.60254974209255
36.77409275782098,-117.3397005551588,234.90495724631293
38.64322634289717,-114.37086474851182,299.75408891368306
56.51365528434748,-107.49774533778444,159.5543053872946
55.91594002228815,-109.6143261461489,73.48324638486328
51.548101498108835,-103.30290572061956,472.650861277043
48.376546079527685,-115.13011668550708,134.01454319472774
50.280330569643,-102.50585698339877,139.28032816057237
50.55588342173381,-102.47436717315588,262.6071479842764
46.74313455336802,-113.52222143139636,271.22600517814885
38.79538489513508,-118.6814041908645,58.29539436533388
42.032682730981875,-128.00856189766037,116.57963244828682
47.08255942289108,-105.97861687436169,220.1696683523338
35.7669744191594,-114.94486544520191,357.67881207974256
43.84120240832927,-102.8581883615705,152.78830557437112
57.94998084708243,-112.28727487171524,240.3565008087932
46.5872968339472,-106.34563754510776,300.80527912241007
65.72334186407626,-89.84587432624514,449.8666225804814
48.26529374037972,-109.41214358930276,196.73172604720548
41.83217307113059,-123.19445077150007,110.10121963856758
54.50451551698872,-104.4277736238115,270.1725016539237
62.47643766030527,-99.2615391260255,386.024720757828
30.87571599899089,-128.04104076333115,99.43689067373003
40.90560316791532,-115.3924827509626,241.10757126363217
49.53288390569429,-101.2261190239868,58.00331356811754
35.76181568326911,-111.04953725125446,65.101631741263
56.060249484512156,-105.7715685302156,267.3290134474995
43.92480704181595,-112.87003082920855,184.18878416791824
56.538428224144454,-104.9807041557227,430.29828455243546
42.13238397196649,-108.27843345828235,320.9694377569044
49.33357937058449,-120.94105749526372,254.26983278434565
45.09368349980498,-114.81979623766497,233.57091697443332
51.6546550287734,-114.37891162043167,273.7604660853035
60.0948515819965,-108.31802103686445,68.1974740456976
48.14304612433977,-102.89414074494542,451.75701038929697
54.341340948730604,-101.46729034250976,499.2364200802813
51.26812630875324,-113.11132320355176,131.6692061864144
50.508912432150936,-101.91731770171062,104.17233414857888
41.27510519625272,-118.89604741416072,114.60985855186786
39.53217649357924,-120.78627642898324,347.4621762054652
41.78414645669629,-107.73737608676207,347.64837730284864
53.91717985266705,-101.13287109935862,431.5658730252849
47.65233336305084,-110.7554473208034,388.321874791814
45.56424290181427,-104.37765972674009,252.36035301620288
57.426502624179335,-95.58271498637177,325.7849127043935
48.736473194289886,-112.21707159299977,359.7281016656036
54.71191962999415,-111.37763850683477,280.73141162835134
60.12118829975359,-102.81399662821849,264.0429430032365
54.75921157435691,-104.96378903921166,340.29385053919395
65.60466793160947,-100.18786544276453,300.8635470390442
39.564644854970375,-114.57882451318439,339.77403740115966
43.60813498433518,-117.08814136233464,325.7846482835137
56.965948268370504,-108.91133360525362,373.6384522311446
51.13272586788085,-92.50711168873715,339.26157895229426
53.30250347820922,-114.5466562877458,283.88411889677025
45.32546898175389,-99.03609921000952,356.8085650779739
61.467428590088105,-116.15700507007132,252.26688433344265
53.31590308523402,-95.12938025349445,158.75205168767047
51.07933609441292,-99.0998835467922,50.638199060261954
36.73982897769258,-116.75807973205731,301.9838662156294
51.41306070093942,-97.68565318379554,315.79485197388846
46.52441702827282,-107.00108213561654,487.42203414907146
29.346752977029546,-116.94595124209549,212.665250342424
47.961550308373624,-106.1499929309102,227.3599592727403
38.48527131672705,-121.82034129888935,140.80981160398562
47.84283801643372,-99.39926797977313,81.74043285679485
40.38086460047312,-120.16593320339814,397.7620217877833
53.23161821616892,-90.77379046739212,162.35647895269625
50.38897200778043,-98.4505009976273,324.0071874635171
42.329590528866326,-114.61529483040262,359.49786599546667
58.86301969704377,-108.41737827597522,262.05650928124146
51.496984306803775,-105.92291968611723,444.3584508622362
56.81211903477552,-102.55324754853336,249.70767844087797
50.8366795422707,-98.78733307508213,178.2088803687943
58.22674520723275,-106.04102323793528,453.20698533273
63.70587158997598,-105.23359576870618,437.7039279124804
40.686119383572965,-125.0434185102301,123.81797618438586
39.64123325321172,-118.4807514733582,61.68245825926443
56.18913262031104,-110.55201439838171,90.49350035732932
41.49168069005569,-124.5200191310668,178.94632934921768
62.21232580328842,-105.47773374778595,487.5169107837698
51.66268369557966,-113.83108873487633,301.33226892237127
46.04574098844514,-116.82380881402308,217.96777941317097
45.41833751401861,-104.51135308212547,449.9222425757359
40.193390026225096,-108.99563694191504,253.9113491653248
39.78312236809697,-126.3824939409815,191.85738278045952
47.83023032297958,-114.06844880288838,473.5487879355458
59.73000321185368,-104.40830920530729,432.2829497867051
48.39468515373568,-108.82887256893983,429.65076893874846
50.42893312725338,-109.00179834253971,280.5281343725959
47.19400850387324,-109.75733048519767,405.2472794669548
36.7662278732799,-118.16989695231499,130.70901166904832
52.75586034040092,-105.207541493516,307.95033090030967
45.62253658914257,-116.14059987483452,492.7306652813956
46.30670485293726,-113.77554875514257,180.93129373308275
51.08029440479004,-97.16973751180271,407.45854816145385
50.77597242556566,-104.99188861383834,270.71528324363027
45.810193827705426,-111.52241637984501,67.9125574499393
55.87603549136492,-113.79714625876832,393.3587290170504
44.18461677563792,-103.82424056492242,125.85611497645075
50.681956699454496,-113.93617901325527,334.1631052097376
63.42239473260011,-120.53416257693563,88.54888732113781
47.53681308772458,-118.12103974046505,476.09032887318415
46.54566293517621,-109.35655442618538,181.2757492311624
52.431724333734266,-102.31040449982365,151.9091112548277
51.454578193939426,-103.83215247210242,108.11138182985044
48.24412866937094,-118.81612725026594,475.7009870025715
39.91987989139591,-122.02191789339562,370.3566840985873
51.45669128561237,-108.7156542834908,383.7473999231399
70.0838461764162,-104.04931082789625,274.73205262111003
55.26836792661368,-98.84977131097283,263.6275033717176
55.1624959819818,-99.10978062740385,99.50955934616448
36.48812329071963,-109.32300176784017,301.92849301279625
50.879219634984196,-101.61779293785256,161.1124227989557
62.42506844620555,-110.10743747352167,489.7153997601826
53.972543867921935,-108.2429976378863,408.4614230068163
43.481247194838005,-116.75342129035101,235.84642708679945
54.08160526648365,-107.100767417419,118.10356641118986
46.54311332371061,-107.81240361538379,403.3992610124528
46.97744507019846,-111.84669294903279,104.9241951865922
40.38246577431797,-114.65618271400751,135.2001890736817
49.59064434792704,-113.56754892137948,145.18423298490234
60.53932447820781,-99.83635753106732,300.60078722289245
39.95065118950451,-109.7436968747099,404.1754942956648
61.269560151979476,-107.73290865189843,191.4416954261115
51.87010184296682,-107.74185695822463,88.10141642388024
51.034559405999524,-109.44353620628054,259.0423085859886
49.52668519391713,-108.25471289017372,386.649608521971
53.72308921290546,-108.5601804049952,149.74872938932475
50.20668836922523,-117.87621375364056,148.9660466177184
61.296280220098105,-101.10714324255139,476.2521623060199
34.97418561137785,-115.38679598246773,479.3691772036301
37.96444562840217,-122.85999355564053,495.7095794277094
50.044628588118954,-115.77378320075432,413.4468207086511
55.899561103634994,-106.70162790943269,134.6828761255755
50.24014304880136,-104.68628376880378,145.3916843596676
37.713415796852075,-118.39250526485341,203.1013586850764
50.32407549309198,-112.62680461177598,193.15963910007088
39.70032976560792,-118.61563633349223,480.43748708510407
47.1392945020477,-105.9240374432887,405.0832922967621
43.0774704334613,-116.2810080170595,375.80395647269927
50.543870416451306,-116.03278721993348,133.68345082615932
58.563659177331544,-110.27345231526466,459.2865017130483
41.75788007221294,-121.75151355975403,422.5416707777782
54.72107197585138,-102.11803698880507,123.63882859756566
48.847395441590834,-102.01736062032518,442.0266493824376
53.77905591150171,-112.0652234034595,172.51139136671208
49.338375864261444,-104.72406160549829,86.39138562444772
55.17615322407789,-114.99558572076155,345.5700379313945
49.75078671226601,-101.62828855297974,344.2120967229488
57.1411057989046,-95.31607125041994,92.71940430452814
62.35139725795343,-94.53727212540252,193.4833140214621
52.330203200696715,-102.16767981227072,496.7665080149924
65.26062409863718,-101.29818793443455,355.2920001539316
56.01975182470056,-96.94419531139921,378.5338249714981
45.31486793438184,-123.54842227359212,145.81277852193756
67.84344334392125,-97.11093836072789,85.45193195176145
48.5780120162116,-111.78514985802882,174.60576038342194
34.07943057098712,-119.88922720077751,162.00427333693636
56.584198890542055,-107.86918684236028,155.5448453366239
41.95361817713348,-119.58078932533388,136.7394448491678
52.10981208155097,-104.69867509981383,308.640060794932
60.23968772774951,-100.98849311232196,197.6465641288198
41.60377158071749,-113.03267656482632,419.1552567713887
33.6575759665831,-110.2349727524888,132.77633803132278
49.554803232463044,-105.07527741783825,259.08218189084505
65.6243658385682,-112.05772460134332,56.146026391736
55.051849802672656,-97.65050026496624,266.7570451048364
59.46223690010266,-109.54368337849924,75.12719939441348
47.91791710503212,-112.17147370176477,489.9755803426896
49.08970798975425,-113.62437110255136,405.76645789268576
57.134765944588565,-103.9124810232136,270.5501644864049
59.21347372110354,-102.30497176347714,88.96431118070763
42.91189408122683,-120.76517366322044,316.6004483556864
48.69811568616413,-113.3274406837685,391.4436878158449
55.54853237564666,-112.23732828417019,135.82276385213538
60.3308057349147,-104.85196928552712,305.69375335437087
51.6086708594689,-105.6590263743278,416.3949042722906
39.141073601916204,-118.51906489998807,395.7114999408424
48.0466895197176,-112.23694348853896,411.3464080402188
44.057082900715514,-109.8874158424976,445.69554119137393
58.10012110255432,-106.52111700369248,471.9569459717616
60.024829287398205,-107.71453381043777,232.4845198415912
52.50846235236377,-109.06399828954707,305.94609613529474
42.721415905290584,-117.22481516384832,405.7967867205249
46.36502413352248,-120.09741711336464,363.7129162756024
42.23736598244419,-108.6460500932657,497.98410271897046
56.14429267971468,-101.09064512535774,56.15494299708986
41.51700354615661,-120.23711389076952,209.8099468921058
50.116489972653866,-102.40004062278278,176.4625668215911
48.333545545670255,-121.7928670833157,168.04213257449055
48.69422557063032,-116.70465142563441,150.1384021244986
48.51612970221356,-104.20440671609286,369.1057283668531
48.66182505345383,-109.99300320019847,88.14176297389483
51.62475497797525,-96.89559131208806,383.7239752745023
61.73748666656989,-111.3694102812944,362.0416289073231
39.63325635436841,-105.64522376522362,162.86185962540338
51.61323639012388,-115.70835278549337,163.77520242432257
51.77298177990978,-105.73419621766847,332.987263405026
39.98517025743938,-121.1465383810042,392.9769974676551
54.551036083852786,-101.62235657216746,444.4185258893145
62.130729843815196,-94.9576854249761,433.46280373451407
58.23349557826357,-88.31523289179844,484.1973473737339
53.57014576486762,-106.91564868780814,311.62320290143003
49.96220465951043,-120.87556743084751,458.89500260316186
53.63690637869646,-102.30898355427,413.8309729671848
63.90970396973879,-104.10068475869599,452.6004309413061
48.0291574081007,-112.96426132220407,55.23197057841499
45.45453831882346,-117.01735720803042,484.6563463396149
54.51021825246041,-117.9377649231174,263.0885732809152
60.933303273079154,-102.67714695979039,409.1823453086793
51.02952717033695,-102.53738157144596,107.24185370200138
54.00788795895211,-124.86973071877756,228.17349311628837
49.67512282165575,-112.3024833317282,172.15729835944592
55.43332890980025,-108.76276431278576,181.2464467254217
55.23862450450349,-106.39763112161555,105.4650289778968
52.77027658590963,-115.92441475106625,412.59372464435313
38.919586394453866,-118.10898019965185,54.15904156148517
54.75929875381879,-108.93667715476529,190.6274556433411
48.23529337194802,-124.38859462366916,128.48474444738676
46.153208637326884,-116.58238266810372,315.06752327375324
48.1397596090961,-104.72178867553546,164.41358117654474
42.865895426852404,-119.92560255037989,166.54930453764484
63.573424405894364,-103.89254250911269,269.75216479789344
55.45113678504856,-111.73258088927085,343.71006770341654
48.65329363811099,-110.86354765006367,104.58711705432364
55.19738047955739,-106.06114923984049,128.98015360947326
53.46956232058339,-118.38982508779978,161.2286350675329
50.68280620046559,-116.27380091434901,488.1866963530823
38.34257212519907,-117.50850685204087,228.71862497431417
48.877712141962014,-102.71840939140287,319.54554078396194
51.51334079226725,-116.00976985329079,158.69426572219004
46.824222970507385,-119.09254331646532,270.7067863208696
44.40220820502308,-114.44512882905833,83.35362847368113
59.01084339853274,-107.54803334239678,65.63396566504713
49.87542456542682,-105.16303294096019,260.9300870696571
54.511067845677836,-112.30565784302118,229.39667938328543
64.43300982778563,-95.47222971296233,111.59614386132245
51.233959979418835,-99.60886417248028,359.4206430143301
34.826794144855576,-113.36540719314694,496.806570904669
48.98550679358476,-107.12270120616128,228.04106953852065
51.536133127875374,-106.98127199812569,331.0513861628275
59.69092486857761,-95.84956849743182,483.33917406401855
33.912672367948986,-118.47869505894413,424.1907376010939
49.75651019780262,-112.17892409222401,258.5985004862086
52.12538314928118,-101.77727594430901,381.8702680069637
61.420148146561615,-100.75943324706456,107.6607681127358
58.60707297861565,-103.19591259739616,280.4467349587096
44.36615884432431,-109.99757748098638,175.57712473097143
48.87257794347698,-105.48261276367512,122.5236595532725
54.668964030445196,-113.99654444334837,241.8264078145407
56.692435525995336,-101.99317457100143,108.9565494951265
59.778073511601086,-92.44005116413067,364.5432986785185
65.73153340090283,-99.1332378684562,255.30801982400095
56.133400042851676,-101.03982058674937,289.0150846540987
41.81120504590025,-113.91058984062552,115.86917240067064
45.95835821712955,-116.26724437602644,112.89724749207252
50.03045953474468,-110.42982300871364,312.5369458670558
52.70053161396509,-110.66286597267855,493.2543865232509
51.903988404593676,-117.23637067148168,93.31276245697651
46.76509631730222,-117.40356647240431,178.57914285460157
58.06976262407808,-120.1734261384107,441.25660244204937
58.659968851169566,-106.66352354217923,82.52240551485662
42.0695471320725,-114.84202217459529,444.1485746151281
29.416365707166587,-119.54155531809408,285.92869251863806
44.30086504494325,-117.01619774177951,233.72004826689164
39.9963257008893,-117.9221365366657,189.35625395815512
64.36987404890054,-92.73589048564182,183.70272115752888
63.392891176328774,-98.75095261739732,187.61116210226544
50.279584935409844,-111.87425332207303,448.1613864320881
65.51181660485915,-109.10770816988396,375.7078535786535
62.86763828196164,-110.05977454249957,351.3753535240178
47.55539585096459,-119.68575157104627,409.43711702840034
40.33200680848866,-108.7503556563373,165.70159835186524
57.16902484985962,-109.31920108396676,328.11926543679004
56.36995893204518,-106.57191320341208,257.02980753107795
53.18829544223032,-115.68317119773853,402.09873584008704
45.459431384486805,-105.37507724256146,189.1652497129785
61.47692449695233,-105.275374628062,339.43037759145307
52.002761365440264,-109.1445086812669,446.99558531779104
60.940574573901216,-107.78426651902392,230.9677142877179
49.84412136844267,-112.54056055733582,79.97993931535765
34.72842628406081,-120.90605610125928,282.2228700538068
51.69044218088661,-114.17305992442577,205.68761951316168
54.364923360665465,-102.55911654992147,352.50142124622874
42.110058435739276,-114.79164891511495,477.9648161368728
58.95523416635871,-112.7899752713288,268.5237430985811
43.333058537857404,-113.90801032562761,259.78560356999026
39.679189014923296,-108.39280067051246,344.5631600861571
39.69059527204626,-114.89499459462665,96.57387661710546
36.62873921019506,-112.15190651074826,164.0777850162566
38.13553844472087,-114.00315654233133,463.54069647517935
47.85463632764062,-114.44823198168929,351.47417601369483
34.85568058070217,-119.08270784140552,56.04981979253731
34.007445853867495,-118.5824295843306,142.08146265155892
50.96882556865795,-108.42099874179446,357.27676971300457
46.131016924201575,-111.2488963786238,393.9796411531584
41.88942110099406,-115.34651501277875,427.9368077033188
49.1630200054353,-111.91970199272805,181.4795615219202
46.339621900538404,-128.61291138261365,468.9628683249032
53.56430365332359,-104.05501794088114,298.8261021100516
53.69852309118397,-116.76349863106803,363.4425600745518
58.08075176347636,-102.31974511085237,318.5324882509586
40.64581024874637,-104.14406753000952,105.2330246035792
43.13883053703613,-125.82270801171579,483.401596723196
54.45459721021331,-118.04410929549431,105.2940109523687
48.04799861026112,-118.33642282236023,164.6968803850326
49.38887052811496,-108.02730841571328,416.1325461003411
42.652079565997994,-114.13522328018551,328.36863267549563
50.52795863233493,-116.628104670498,427.1671244193606
49.48132278054075,-92.0531135307214,282.0812847683202
46.36999024474683,-101.89374980081216,219.64695591498568
43.34921719866567,-109.7147332452636,464.8304747965032
42.97724726256453,-118.14835642967103,66.31354288165768
45.24613203263941,-107.97761882342874,435.25859915887065
38.69050448521425,-120.16996072576679,153.86800333450174
48.731381048738555,-113.00396500091041,431.9313474892855
57.91120284356686,-109.75804320784178,112.63847603759852
58.52259194302611,-101.46225649852433,311.0985336607432
52.78046089611956,-102.42370736234002,449.6485635551624
47.890510018113346,-108.58699896864843,263.09284110450074
45.94919458081508,-110.91367638740051,385.9550032115268
62.62029206789474,-108.44437226059074,412.1022280350013
43.846894869964544,-106.90363191171454,381.4223939225506
49.92368458917935,-122.83217644022307,466.3983815935693
46.19539567690539,-110.82307999444284,251.0754037339679
52.265372457376564,-111.04392609748663,127.9064476243201
33.58562529334418,-119.06632647963494,71.5149786661159
54.35789783790015,-111.96438892239681,160.9069413368773
56.79722654722441,-104.11067852462334,114.43887674610896
50.278877373170516,-121.11874620499016,301.0769336455162
52.51355139311017,-112.88914137801721,133.22540174527938
32.724132579314826,-111.19461140439097,67.52016828021704
41.88634919493256,-116.61270106800517,66.19542299090054
55.7593753813687,-100.05223014863147,424.2062742641877
62.16160705606375,-112.34433078330466,316.1524691493612
57.51213997289528,-100.38795524603111,211.13838585202015
57.15339139391846,-115.67916443643297,452.4026192331111
48.24946302464657,-112.0034625999509,81.58847513347112
47.66605720742141,-121.5792740186657,491.1449327275217
53.45441508969703,-112.95189239689837,327.33130561450747
41.498069973556326,-108.34618297103395,132.5589142859818
54.6346673098461,-113.51842582339681,355.58109453963584
43.74117231069151,-119.60262034960977,393.5215669026032
51.435113436135914,-108.17916489136437,243.2042525168485
52.578776847600416,-105.91825773183314,437.7346728104963
59.88817657276391,-94.91801357847267,117.82958328341164
62.07156807758301,-110.5040118910578,175.47691260992377
44.205749204213255,-120.26011582703472,92.0715627127954
45.18194260589293,-122.61504074017927,144.89502827330847
56.96655916645397,-98.47938196433523,157.42796536001526
48.134034496396495,-105.31076058381356,462.9349359147696
49.99463189230014,-109.32528438124076,85.1493599380203
41.825660468133,-117.3808277713003,242.33680408446924
55.400369408629054,-115.4423043896152,289.57940925211085
47.70304904374061,-121.93100292053124,454.4118742109724
61.97535181380634,-92.74409640556507,498.96329839754605
57.2577027402812,-118.472630083429,389.0246517139261
46.73671917324818,-112.19985779866383,486.8559457560633
35.82285641140704,-116.84926567770043,404.1955096411432
44.809204950314154,-94.2170260126915,483.4411884371375
52.3784081947061,-110.56756390391644,368.2718266750048
36.47516456540178,-110.11566131965569,85.89354145298198
39.0676724961946,-120.65928187296849,230.86408414670444
45.77488503909327,-113.63952699803967,340.96877771111167
60.447642084818916,-109.01348834850798,207.82332925441293
65.61941493151052,-101.77713176848559,173.02276315120037
44.095550349316994,-106.21700378673003,309.82967020989093
55.053475034615374,-108.14091700708961,470.0758445160957
36.88036934160037,-114.87423692191298,65.7418430822691
46.09519998950529,-118.26607442730474,396.154041593647
43.86499826036095,-120.45355666759835,375.2272751200822
60.35730345239325,-94.60647695789751,483.7790414247292
45.718654952547176,-99.43823653471668,468.8200500496446
46.64104904482582,-116.93422933259791,393.0046529198868
55.86183903178208,-107.30132141341814,284.1839441071694
45.093423695768976,-123.28673342393422,141.92039895508395
46.26428668492653,-112.77780636555931,295.35607324650846
55.489035026051404,-100.58283953367477,394.4083972638442
62.97150433902958,-103.48709998753378,453.0511456870519
46.1918519333689,-110.48196360023215,405.3704041447471
51.470198383404366,-108.42763223587795,137.8701208359743
63.04894386958391,-105.8155573731011,319.85884140262675
39.33649697496588,-121.9585987451375,199.47805678911067
37.59882961490574,-104.96623210658434,54.142550325789344
40.96618680689321,-127.69593072851399,140.09942110489973
57.6213213731809,-107.36165171647988,100.94929247005216
52.45504544802434,-103.88730005121724,429.22360559276086
45.978917850799746,-114.94504969674314,166.3278134665154
49.115303200488185,-112.61174872843932,178.11408599939998
51.122513041750594,-111.5551078122642,481.9714573094979
56.01237763672153,-105.50372068926427,220.58902537198347
52.871183581469104,-101.51459934775013,54.31353806497755
40.99890269497745,-118.00738159164263,177.73076675576144
37.18958642357539,-103.3672218380143,103.6848112708156
48.774495336485984,-109.55277593695243,96.26385278113428
50.21046254703562,-108.55944510215372,84.86928056108728
55.27696797921463,-111.46386909764554,316.9667615789198
48.14716798480314,-105.5460913932,135.20647563343638
36.690098999024784,-122.02676860059711,212.5592573184547
54.9494474112014,-96.82077131300242,437.9079722585075
47.970510779890795,-96.69897161805159,240.95216290832408
50.675923283412786,-104.85382466339888,462.0611075232369
55.638686377069654,-101.66514080807465,274.0721240280228
53.634937361923825,-120.56219748039096,229.47647667789008
47.73137436653079,-111.15635469219018,387.6750171908157
47.44214670158986,-113.39545572378219,82.92879444560094
42.76630483060219,-103.89902590601191,90.26527234208784
50.51218758543033,-113.249427018323,343.3881712653323
46.852037587557575,-112.26899995710242,269.1233209576617
53.22463875640177,-102.9665988555626,405.6868626436446
55.38780570755936,-98.92873001553498,462.3218768045891
40.52901155722029,-122.28122152061765,224.7650949521964
62.82517473980239,-96.23286359490218,318.3845119630908
54.42537860362356,-108.40248604256864,275.31348250788943
48.434735583404056,-110.03491409028575,491.7247950390948
67.77659879203222,-96.48685364100956,423.9879833104678
42.144825973802185,-109.10086089642422,460.2819687248091
44.3006600154374,-101.84066297275743,164.45303940992187
56.81244824864432,-106.20569365384627,397.6368904231675
53.81925268879912,-110.62231462394517,169.462951248942
50.42457018917109,-105.64056322561748,143.93414004277545
56.587554264775164,-104.45055589058832,474.91977184499785
48.65483818912902,-116.8660726507643,58.68698752303999
46.79773198871552,-116.29719957635157,484.4249166485433
43.89849859815669,-109.06050651268494,117.1678536449628
58.851994611283786,-119.71788945279482,418.7471368069707
45.81586064730269,-115.01165541590177,174.1651488806464
55.224002343767225,-114.99062092923485,207.8160473438273
67.40642220399486,-103.86729409882801,147.54097009489325
58.60738979895114,-109.09358304223892,313.48131911648585
47.73793850720768,-103.30584143373802,206.64299637854333
58.98726873682065,-93.94563088682361,345.82686777259846
53.46450843858477,-116.01423880169625,57.04129307392969
40.263453227221206,-118.22237136431826,78.96869758176783
58.39679995627349,-100.62036560509395,94.84751872906187
47.244078305075305,-102.64848105438116,238.547158389604
48.84175457626401,-105.74224005972577,416.6582776969892
51.9020160994895,-114.10108324849685,449.6800596702722
39.82224886387465,-113.14962124361713,160.16483302740534
42.78960550918888,-115.73894973352301,308.4663759075563
49.70903732512818,-128.77286201750684,395.76424671167024
48.22312843435476,-115.19039982857552,179.9732434638239
45.414678144920174,-113.10008477550383,234.05348153132292
40.30385121771694,-126.86207177482574,285.7883912085713
49.269991978729735,-105.80835253266658,110.69368088362148
48.94713826985127,-116.36158365627061,61.692032176601145
44.12186386337813,-106.7488836004086,118.76261419322746
63.03730482284108,-96.85337752934863,332.08412956409
44.644562481635795,-107.11232296239774,83.12821769015676
50.136742662080195,-116.75246783365174,135.36336418255777
50.00018290065625,-109.84565482546745,202.0342485628867
66.95801917761624,-101.95567814289556,85.04152893786485
40.46457873792867,-113.98197322549494,136.2646720227355
35.28822074555045,-122.85058674692016,460.07140504258
46.530489524292015,-114.66014772238717,58.68460950214315
42.709288634989186,-114.83996852578319,344.04436587846294
60.00701587913356,-98.18496642026025,222.9840189118332
53.52170409820877,-98.66746580271695,352.691932744567
43.85904447043261,-123.59511900718228,314.911274163532
50.199451804933936,-102.60346396969456,150.57443945958994
39.90870733179523,-113.1930391462296,431.2442694080248
42.955638550705594,-104.9969378494665,271.3731721742105
39.86492564070554,-112.378357647967,420.1412085110623
49.35646283729505,-118.49109379360867,232.70564128469863
49.44371252239022,-123.84220716573148,493.1084992618576
54.28230221374751,-98.58939246329876,396.7202113255833
53.21334400112309,-111.64305574209371,484.677592300658
54.693481506426714,-105.55516635103993,281.4469155094365
39.3642868010448,-123.35771269675486,263.16100953081525
42.81145587471819,-103.69245168020288,389.954214196366
55.48154293276909,-100.82369506226775,446.1310683560436
31.30213527124371,-116.60159032053693,483.8656081395011
59.254520928758474,-100.79970548823002,196.04835771462487
35.722041506599375,-108.51212920654842,409.4170582291876
51.794049391339904,-107.05087205776798,144.7905189359915
37.742511521840136,-120.3600739328712,295.5084560354504
51.6553684789814,-105.04892575120876,130.93166678413962
40.73283221599155,-119.74602536666659,206.32881278765248
39.46309922748902,-107.103307043056,469.11126524290665
58.91779276840075,-111.52592478681349,115.74081489788874
62.77231337130428,-92.98322022964378,334.5804028108384
47.128208009211846,-116.10605122949494,316.8294228173315
51.02629313986839,-107.28300679814826,104.33225871904392
58.13047252334112,-106.39875888253384,196.69056969596548
41.85769015542391,-119.04967065748579,303.3416770318696
52.2701307359746,-114.97783082354492,134.23037404482062
45.27892313098497,-125.28085351576433,410.28064538576695
58.35126537402648,-100.23642346905227,487.4704292906374
45.80245023918417,-114.04891738958592,146.64172998311244
45.004307797748936,-102.22774082756102,134.11038415575916
45.51172381126155,-102.6686178660548,254.7207823088501
61.559876899779766,-105.76413201802436,386.4943747130145
50.171275702166405,-113.23494758719745,176.72027460586312
53.505392357524585,-117.58125077336592,58.94595891377618
54.96599209219992,-99.13059617392474,293.5492826148023
58.17858015877161,-94.95734839840374,480.4702554952884
58.07087551026139,-103.18016678523789,226.0745849331255
57.87030707992186,-101.37295019466804,239.0605493823952
62.608239696140124,-108.82916322505783,486.0057727013171
51.15610415840838,-110.38822782219228,362.5734252320278
60.2520893330719,-101.42397505327256,373.6273652789564
51.22875610606046,-105.36368369891069,303.21590241698044
46.0788198436185,-113.9448931298611,488.5741448884587
45.870025367999204,-115.07600252377566,359.98991799150025
38.46767950825672,-118.1539911343878,452.7647382223263
39.408055295973135,-111.39769089544853,364.7204895799495
47.95257885331999,-109.93846008279291,380.8021211781782
61.679513684817735,-102.82599010966928,180.6849149640109
60.98003250490772,-107.14842594114266,186.56541410621853
52.353292881188025,-100.00658971005407,402.3430923092132
48.41026194359466,-110.89508657986042,183.5178301264548
33.95754805153067,-119.38339502702136,303.24653186068923
42.57222287161032,-109.14311130746385,162.2085399080159
47.00610467913613,-118.20693438558247,417.6425213640812
55.896727899731104,-108.26782731088296,99.7256080524605
43.858474340527586,-114.98999377497758,423.250987892749
52.211031962728,-110.66565210948181,321.22841022842084
48.64045809141942,-106.09964471063148,134.10929067218478
45.23020812295681,-117.46192526340467,293.91592347775315
47.80426369048419,-105.25065259232676,177.1244765813032
47.42762478279357,-110.83157479088084,195.56030062872347
42.41050225708586,-118.50393151630382,208.18761871859616
47.80863585145151,-106.66496916461368,78.49366113754442
41.647233738271815,-120.15074754239917,493.68275798063786
56.35471760541807,-104.72107424027313,64.19058265905085
54.34421257024597,-90.31518650068745,348.1235929329253
45.63673971624821,-109.77278199716896,217.05244149084376
57.7651704157331,-113.38864591333463,340.70463092601454
39.19178596016997,-119.83329385368205,210.31171388941272
53.29345315347695,-104.97644722506077,353.1877908164864
40.170257299515214,-109.00428534173712,378.1559792607624
54.87879386839782,-102.95179054972084,360.74868817984014
55.2900849084824,-118.20847719950105,101.28289161116852
55.16400765174608,-97.152707611965,345.60195559460806
45.27103844161654,-120.36209833558937,175.9943972543438
61.35007326667324,-97.6570541873013,62.96061675620008
39.068145749770096,-127.40030511238146,236.6738023500293
36.66031673778215,-106.60942753432573,245.09439626171047
46.013735045849465,-112.42963886553248,260.22836000860093
54.27284557973324,-103.72172873903287,367.1708744258223
50.51399596541251,-98.64865419500153,188.9797141141066
44.7020873895041,-119.28754233803369,191.87623089676515
58.96241035141014,-105.22013762090631,77.24851530856726
48.50129730467048,-103.651355742887,359.0695471965332
45.40668020600248,-117.60135383248227,305.5217411298128
48.87709759372626,-104.15678357500012,207.24130071220463
49.90193203733016,-103.44997776929024,367.3350405128096
58.81760741184916,-103.92550293779651,291.81098715209475
49.02409440420693,-102.06746315124363,261.16022564174284
59.41776657963137,-98.28238093407894,280.0960446475069
56.931568117289224,-108.6305521756009,336.3566563701754
52.65117550274264,-107.78171003368435,347.0011720585697
43.56607012058591,-112.90218067550929,180.03101861332271
52.75031765919417,-101.80409963001948,113.33451352601897
56.20451526286717,-110.66730329113834,120.48538153573344
49.411105000529915,-109.09241690840074,337.72589865635075
52.978125000124166,-117.34932021851351,442.7929785952067
48.81025908698161,-106.90553516547642,234.27332525549832
52.96898090323684,-112.96400902802935,126.28407214825808
48.38079585129868,-113.02211506498976,390.47112423223456
48.32460504989926,-101.9071576732415,424.6202634887519
54.33499634941787,-115.16368095038325,446.2620994044349
33.9492576711758,-116.9905690979983,323.07414301118
60.01246987722316,-101.98973160162981,437.3278517246381
44.35700959149201,-111.75288059616021,56.93673130178345
61.33940803260744,-96.13222778943417,98.25611079628558
37.00594134044647,-108.81634445875407,91.65923017344444
48.122847722856996,-118.50539106419613,370.67210791462986
42.82690939925229,-109.45899671305467,81.31180259461055
58.361120767958184,-104.31809924207747,273.36396760983814
48.28270919105546,-107.94178152443119,262.7181043863301
40.95663504914083,-116.95921684575967,189.81658560120843
52.599460614202485,-107.17802506655774,441.6823264739449
61.512685618817784,-99.98123812881752,126.6949408459982
53.652576180271375,-101.69385668316,208.60825297965792
41.96648228821503,-116.44160572712582,398.3771750103181
55.837349889535076,-108.99484937528308,63.69004147697791
54.65570183463544,-103.67194828440266,352.8276801108659
52.586359808552885,-106.0947507095976,417.3789768627068
37.539876219722316,-123.42518681752851,469.5205274771752
51.74163634551696,-106.68532731262502,444.3334882211682
62.36322223904929,-105.14402317205744,193.72285257515836
50.143838819697145,-108.94951260563953,313.86386359532867
46.985840888307166,-115.41125146873489,84.78207191770963
46.625881420376345,-111.5899450149649,166.0415015966039
56.02461051590815,-95.8988391202884,92.40007043637831
56.20132914202643,-113.88522670066656,191.8342805692837
29.43334984335028,-113.17407333403823,443.834246056428
56.55781636183663,-108.61544001083476,206.22507785343169
35.166791224007056,-111.47587353102242,302.8541463506419
43.57208763673579,-104.48061370385828,245.02138165172337
61.766033676472645,-113.9315623930168,256.51243593443087
46.682413080702155,-120.55751433203719,486.3074233264512
61.18186214979457,-99.32498346625358,183.2695107187361
56.00314340607074,-113.46452114851272,332.2960112854271
44.84334987489291,-104.54330516207852,239.0282013107512
37.80931447739605,-117.8845002916397,77.5157814714588
55.54839197752325,-104.90828742821539,270.1988742309062
43.623346296239426,-114.90217573792714,416.0044980702987
56.05037303635515,-106.40376649373644,94.43883590675976
51.660949508523146,-103.45782044724656,81.31633132833903
41.89510118606697,-119.35091077265093,119.13418417697
62.15452060683399,-96.1717441916164,393.9800501251877
52.232691341108584,-99.6873370724362,375.7979228651321
40.937557193395726,-126.30089426368774,304.25799600774974
35.933144936788736,-113.98544356309623,260.7018818416845
60.137795011360836,-104.68848577759942,449.74661661618
39.5626751867,-119.11812866262602,395.0140207250672
53.24927444420333,-102.24098009998197,415.3740130858124
45.021156375007926,-113.7701445045748,415.9680356077944
47.27061204058442,-103.17725417688646,339.2227196355011
43.07245812406271,-107.02646291196768,256.10658094217564
55.4526384202554,-101.89763741318274,439.10498866354266
37.96042720398472,-122.18414220807486,466.7033379214628
61.03778686431089,-108.0143286644796,60.71271946625436
49.51909968510739,-103.57663524114103,73.19969296981309
62.98380566360394,-111.72015064752827,481.4344836087968
50.0261604034884,-107.76014752256374,174.72227622988763
60.41224365139817,-96.82030279703378,443.0162478422384
45.409193171339986,-103.75055519768779,224.9578035326312
40.328339172208985,-111.73479170392042,103.59502592421002
56.7704523780936,-120.44258059868389,86.19944009420041
54.148654060777275,-113.04437811315086,120.42855458620542
49.832014279776146,-112.01852609864795,162.45193769031414
41.10369543609294,-109.37272534552264,269.83325926887176
66.73925915204427,-100.16333752497181,365.6740552546026
47.127273425332795,-117.34495005536617,493.879359418385
47.147306124011024,-106.40195390205535,248.67803448012697
55.6654720283174,-112.87511642491133,283.18322405439943
56.7958655312448,-103.98944933423992,284.81706562246507
51.99587045043061,-113.88238796866654,292.74545996957124
42.98416822165853,-122.1009518339813,282.98329569700803
62.44353132406224,-103.37778415676428,53.94863977786302
70.07988747879517,-101.26885840452117,50.77616994942832
56.061549850072815,-103.56717108054023,93.94984315675532
43.363888164558546,-122.02476333479936,95.70047154313048
43.64218511570756,-115.96372312372063,367.2036090296583
50.93964225051608,-127.11258082774609,142.2122146321999
54.442721436408505,-103.84514331473142,452.62134714002576
36.65413823128384,-118.10635573111252,467.8728483096588
44.68987349407291,-117.9389979183759,489.1520020531544
45.08313987496056,-109.00497064464574,472.5865871991591
57.902963870185275,-98.98863605710821,172.34974486333607
42.6069877937142,-125.93809206781197,279.39958011658064
51.527738031524855,-105.00037780785928,128.95473658862346
50.07971227314781,-98.56975860187295,412.7943448275949
65.18198775484753,-107.06942279945834,449.7942673148432
51.09990243247056,-104.32236018189532,433.0799776838817
48.265981541388825,-117.49667336081575,245.0151269135757
48.76210995729347,-112.95785494638474,391.40324810905145
52.06219057763986,-96.99633934323641,93.91062630932126
54.650695308225885,-109.43043989953011,68.11014677866281
33.407541239056805,-118.03351715751467,388.9563864389424
50.08755823468168,-98.11362010380678,241.40987344790767
58.53123951125695,-102.05052246034018,497.9971691328061
53.18907711757676,-105.29158558871075,93.76439713498958
49.864228240465124,-111.33984775494038,435.0324566908552
51.84979508087946,-114.64595355493454,265.99237948804625
56.7068451741955,-108.18726620813004,422.2175879767447
54.90082493657164,-120.0708218256121,417.7072769765652
43.97461921974799,-113.13026702345059,462.1964006129349
57.35645083095039,-110.56219574083975,184.03250507874623
42.2804519151555,-107.25223511874947,477.40970905790135
47.826625623889534,-105.3915794828833,118.25013216092913
58.62336526290328,-96.59715662636664,86.88594991707075
53.76569209097224,-104.60414173542875,244.22698281755711
53.89105186387425,-113.77764418198639,422.7453358888292
48.66437201718456,-115.13845031306842,263.03950878505054
57.38055461823279,-106.87304581088407,423.17900488873136
59.7483827792168,-104.36588684379404,378.35906260743735
57.16275435655628,-103.06930525119503,144.2427737625201
50.81487261531719,-111.66043906458583,476.9967312047587
51.746832427218685,-104.99213500124705,77.35152588323155
46.13769688724297,-113.9193380473127,454.2258683947077
57.70339164844689,-106.43511947289694,186.9995520456683
39.40578250405697,-117.95319381843707,275.06663742397967
53.29883554292713,-117.15833063336443,240.05834271533053
47.102488684102006,-109.3296538650676,127.32555061261228
49.291319366155705,-108.67565563845092,211.16608988076192
41.68889299823171,-122.4466902407106,136.82049633175788
51.271928549842904,-115.56444741178879,141.74891395723574
54.49954085258935,-113.36930768432353,134.17557621187115
47.10830512685868,-112.48035615306502,270.0578211559674
52.07514619737853,-119.13402762861706,409.069115380092
50.053224787373104,-113.83859367434917,306.03651519255845
47.15095870328261,-106.42767502007545,451.9429648478789
43.711577696365,-112.00300709913367,336.44501985952587
63.564488942683255,-109.8906529059784,360.203052034672
48.50313091299126,-112.05017177702692,350.4232533771514
52.443114786025404,-106.11724841271733,252.25663693268356
49.29223402377406,-120.75288604950187,360.2024699900373
47.18788307687857,-100.36032352463829,81.36848591103252
51.12736134910498,-105.47165712719566,436.9331623620484
39.65075396454068,-115.52636864367834,400.0154645497629
57.5484689515383,-98.67592020286123,160.35348120425544
34.636889975914414,-119.97790129638747,395.61460441433707
41.4084299049053,-122.62474482245207,55.68917063000832
38.92353886184342,-110.07986696237634,147.76095761639618
61.66770769172374,-99.48289059357083,79.31175740190318
46.63986332534585,-115.73198617658073,401.1021124780526
44.52534682902913,-115.04341027641814,390.1433680302743
51.824836429678435,-105.15658403564585,416.1362107108238
39.924820541012586,-116.01485305928517,52.01676199648797
47.34782732490964,-115.11609312105355,275.5547270052836
54.57258922547357,-110.23150037329832,367.17628888280143
51.26054494728797,-103.9349243561181,119.93050793255696
48.09193524229062,-117.16123664462697,342.4058273806811
59.66756361926211,-98.07618190523861,87.84954468935857
45.678610322609565,-106.35374285609487,131.5966352469409
53.5266023040906,-107.00476024250479,264.1085667475704
59.03388231071955,-105.41696164501543,344.1043187064959
51.1807320726314,-126.86033635706417,115.64110712925324
30.60211511793633,-120.5886273657501,133.35049887392205
43.56604460547985,-108.03616066046906,142.00086517954833
54.9106779854771,-115.52238671100173,157.4153621145403
59.33764657803323,-106.01704175020319,151.94923183683107
52.28087409590535,-115.97831229490711,227.81709882393653
52.13617417952828,-114.10404290939881,344.2053428765253
49.49984283991964,-104.17117117208818,247.11430241051136
52.134475762822355,-108.1492127054825,399.1882589374497
52.754152699730106,-108.32916938716595,373.6708276768767
54.89300582015311,-113.1065161155225,106.93711132208406
40.42610441028404,-117.94976792738476,71.97873049433477
50.27503342951694,-119.96963240781163,445.07370379982274
45.86356028191625,-114.5247935307726,85.92397995329304
53.806639079733834,-115.44739813307902,116.75263132387089
48.43085746552234,-117.93120238519896,59.95997400115313
43.629882899955156,-116.53284591096897,332.7513643843942
50.759794442638814,-111.98265199932563,312.06675342125686
42.327692256725825,-129.80698733246444,494.106649895865
55.34937773386493,-119.52840459507145,449.1195783427274
50.63444990358729,-104.99779141834028,234.87942986640937
42.74972935769769,-103.37580223134125,217.21362841064075
36.21301907502156,-122.25275402040965,183.58341542599328
46.454702525652124,-121.11340496270458,118.5831140170466
54.81615040831214,-105.43661381182415,112.13764547090408
50.35477415533468,-113.86232078798322,109.52766860432244
45.89537642870842,-109.56008102826938,101.35164073405036
57.88255271074222,-104.13722749947839,158.2304190824916
38.03885872373874,-122.37024655656585,188.0008836409024
41.37722922190559,-112.28237732370847,482.71053696751216
46.05843053263396,-124.12366505194862,310.3129629508486
48.5541506014924,-120.67255990400987,494.4180985309764
34.9817118556734,-113.87305538484705,217.61012652155296
53.205703001025576,-108.9722862114287,255.93198466524845
57.59412079754905,-103.08591464776786,196.0603966243756
39.25221447723578,-120.2832904497441,132.29944290344872
39.15552097322383,-116.00863507795567,114.42411849991062
45.12681440698299,-124.36069841928494,475.2856390135244
42.8728769848015,-112.84962025361459,494.0648068094401
43.026212101672236,-115.77601727262552,70.2092734289292
60.11140333804003,-103.31563397620963,117.65564362929494
35.878919329482336,-118.25373469677086,240.5858415354602
47.107947833906664,-107.6025949278252,133.85006435498332
56.93872464656975,-99.63803564713703,213.74617713209747
49.40859995321677,-120.05162106623932,108.09335743683502
49.958927857617276,-114.6777598721113,255.4302905248056
48.74323972957779,-110.41492121442032,172.26257727616667
47.254647094703046,-109.62311349090704,208.35727509139736
40.72101776916387,-120.41863632653708,92.4406931582364
37.54306166703122,-115.39316217453388,242.65762281956376
43.780317891810455,-116.48442296975645,492.4659249327064
60.43197246907405,-110.55208206068521,197.97487109653565
49.56400761108505,-114.62155191873107,444.39317367909575
56.422901094720885,-106.75565259506529,429.4396137306583
47.6645933944245,-116.00261099446264,478.4262882337448
45.59164428526332,-102.30744989096358,405.5492805201925
46.104744216941356,-113.5856815881402,346.8185721764667
44.21003747345267,-122.99082887921122,435.46299990235593
49.007822302706124,-99.25455695728951,84.04010629580733
66.78387935105657,-102.12377078519577,258.2737957394635
52.48099000661004,-102.71857548512895,495.16530737677647
49.24550116806985,-106.06311066712095,396.3200680826295
45.020370326825294,-105.71836166263655,482.9339201167504
51.28297885720645,-114.45604928858424,400.8354602600656
37.021070340492415,-110.15781038133224,443.6968853489649
44.85058085610521,-104.24462381714663,367.938334536436
34.18338074178531,-116.13749107538509,392.22590198775794
59.75288581728163,-102.63349517692191,285.4301044277753
46.960658544618155,-121.73952918376148,465.9069653663598
52.58507268423546,-110.4437768820197,421.2675097805128
43.80099301587889,-104.14124077533114,429.7482345495345
41.826454828432404,-110.19675853200835,352.8540954333736
53.79090233166831,-115.9532829662108,187.06097618926205
53.58234079207908,-91.2489037817653,66.0334079255627
49.19341913296456,-102.57327906913302,471.04480823429503
39.23718399443099,-117.9754146347638,313.7541569624736
47.80491556568317,-103.6058292716019,184.16433701666315
54.82980906440608,-94.57872715034897,117.110798531392
46.91989570012777,-114.80475431534416,423.2854244753396
56.19715515539384,-99.6595016657171,426.4340875014105
58.181739004703644,-104.89886973378326,416.5285856587392
48.73267008089904,-112.78371656784348,340.2872113850538
53.22943830678517,-97.92558853479036,214.70692441634412
56.8437053081923,-97.81199986614901,186.83162815111564
43.2173266857818,-115.50992451064316,53.84964655317658
60.19291897033031,-110.37318652011693,425.12340140970815
55.274388232657486,-97.90608744741725,89.34471387213911
46.47326453129894,-107.66994853715272,333.8397491183454
51.54825897868617,-114.160630252164,276.8337260780398
59.975955824687595,-101.97625622770182,287.010211516858
49.580740816553934,-110.72747606996235,467.020780388498
55.167184936969605,-104.4277242378163,64.22675507205895
42.632090652313856,-108.66523258064244,398.0265010829476
52.05395523196286,-102.27233427433322,73.42357926528821
39.9779821104034,-116.77700214848895,67.16912267091973
46.664088815409066,-112.47816448752236,243.41796416362183
46.9165621678351,-107.34572130010949,78.38382845433503
53.16517305603,-111.44910605021266,405.1147780818104
55.490837941262676,-104.25550687753066,288.3033921417517
48.90530929863709,-99.58777005974929,63.0674521968985
52.08901175749347,-98.55322070723167,68.22530891686378
48.39128791216862,-119.9663270278771,325.7008383827657
53.072926794860194,-105.62612056342321,412.7503179462822
39.61256077960325,-119.45498384113775,247.0097890736481
53.1274115194007,-111.82088002889205,299.561302191031
52.87496632297844,-106.19012274226644,409.9232543224557
39.59973521478353,-113.26929409770628,324.72777831881865
42.917161979645186,-111.05154788292653,151.14210694646874
60.808763612935664,-101.91511932737079,325.87341164126536
44.44604980088677,-110.79439659300141,332.72575657934607
44.41653005308419,-108.29035214394337,380.348141396507
62.469695500307424,-100.64197312725965,329.39338440056054
67.93970294691418,-103.97933284112911,486.15895870611706
44.551335876348226,-116.61638814042982,138.77973892268082
51.02282223171315,-113.70152455374122,477.9908058051843
64.93348036317633,-101.40868337775535,292.2527706575073
33.96434248763791,-122.13412527494613,352.3802632227104
44.14036455347555,-111.45937646093223,94.75771885348544
62.06791677700447,-109.13114532539694,221.25917362014812
54.846065955296325,-113.86261231487282,396.2206159084277
57.22801227280512,-107.16150590735987,368.10995679454567
54.010558834191,-104.56470711723269,68.06272467443458
34.19175823067925,-113.28365436620504,295.9674185737601
52.76105995855024,-108.8397911308266,89.72518683578426
49.12940655317613,-119.07697788478418,498.135393130173
27.232596866431052,-115.48945660256408,453.78346483998257
42.59064154183358,-123.28384370989454,59.48629719284163
52.55166976184935,-112.68479216969713,436.3923105061839
55.97187331562928,-101.1206124282305,463.7433202512834
47.23300486964119,-103.87827249744011,209.0967001535548
45.20991664327072,-115.81180742423328,373.77574477149466
43.71564258982386,-101.9521973724797,248.9466857935005
43.89910108595507,-113.65721400673235,344.85461805935483
53.786713013904986,-117.75949901768448,203.14283193418612
58.158624720152375,-106.11880331424142,195.1516564849708
45.87252329226791,-111.93328533648416,240.99524998591056
42.48158380152262,-127.30577615851124,115.50549139362552
43.61437590305314,-120.35212794284487,424.0125339959222
51.34012367701622,-117.0930044350864,206.91405291273648
50.83572134167146,-109.74153110187062,230.06729925763037
41.69994130608996,-115.72443294372924,452.32457571596507
44.52949850292265,-121.95373877123279,273.4807163284271
52.28248076098737,-112.23871260502767,294.91425920788834
52.90550109094496,-108.7547425925755,480.4241561496944
54.545824636653464,-111.08450726478175,449.0268724152451
55.63687855975408,-108.65120628677293,126.26001899979778
40.97890848506152,-115.77792487525936,262.94676346314725
50.44053934134236,-108.92253043358863,487.0833023428455
57.467904683829445,-111.51677224803521,217.5648342028712
61.2194513453061,-102.99934911053536,217.20789883229003
43.566283323259995,-128.58973850500763,137.76360430511946
42.192984447296745,-122.85158189520807,101.44540135360634
39.412694981136,-113.98937119009031,383.1371558401918
61.82829639259049,-94.04472096623496,396.5137109156824
48.52582147864765,-114.55635926296286,486.05583357635
56.75784004166343,-106.36302884700453,398.03819490741336
50.21264124262421,-108.04007051107149,159.50862231511942
58.165103963302364,-99.32767138839918,68.05246022983195
39.461136283997675,-122.3839363383272,493.4468229663471
36.48426733779801,-114.38141730519004,203.20281299462255
53.87428680151329,-106.6768247978225,190.38719409458932
54.13349643629321,-111.26274783921878,457.6798443872221
55.099778561025296,-108.12987520430724,313.2949543452437
45.92637165178587,-113.70592180758467,146.69202823211054
48.60447701648683,-111.46168420374508,450.0933092223078
53.87259805781075,-106.13302863630912,497.01238477463454
52.021900532423416,-103.49547953290309,89.00535251787383
40.74813828544296,-116.34926045105338,438.0132327361193
45.37815696000489,-108.9604696101778,225.7320639579773
42.488432469539624,-117.35238895777134,285.832600928017
44.32469070644106,-103.56659064964849,461.6671890942413
42.12371313363006,-114.12635997575629,488.0206380988028
59.30029850553236,-109.81668639731245,167.9737596839597
59.70582910315958,-110.06696919682173,145.78284693196122
43.30176498301523,-121.3005104280555,86.23245136618033
57.23590379217398,-99.85438257965885,302.8090336979621
41.6139639287857,-119.52427713363879,56.12197795280072
46.408586156346686,-101.93097348814977,235.35423392447143
42.17968636662209,-109.16037510670269,83.02280749340385
55.68458718511497,-114.71430074736914,232.3516023182003
58.538180584288654,-100.54681306633924,67.96948516952418
53.70395125737969,-100.76847786070014,425.847767273946
46.07177854499525,-105.82091290990367,144.38254727235466
53.56838659298663,-106.36490984573543,197.7389196610604
53.51851410551265,-103.39720879106943,441.5215984728764
40.781547712294504,-125.17449888744645,385.8197275994923
38.35436903887046,-121.41229281757523,148.56726273892633
57.62240312902952,-97.023047088227,82.35473839587323
48.989477203189715,-117.98314757440278,372.0531995849028
45.0540678521408,-116.99007015927222,225.8161478096492
56.395247503152135,-99.66064960624328,394.7359996031996
41.69486642276421,-117.66716055515,250.3826475688447
43.75277941151561,-117.03775094324335,205.7010858375244
60.925912167167034,-101.57677309578372,253.04243369557844
57.13535128604816,-107.13694951050189,386.8515435518045
47.76556575777764,-114.82251788760433,455.99912894316833
45.139336247584744,-117.62848788076873,72.39523846485899
64.34403061880185,-108.64425526688757,285.8501935521298
51.68698566184096,-112.6468772950179,64.77594308774492
39.47793334460836,-114.4448030992941,260.7842952609614
34.6673151492363,-108.76851756608382,448.37727309360514
50.34931340323759,-106.67623298962206,212.71561988913936
57.37714098929062,-101.22210344937716,469.6026894862895
35.681641544307666,-107.76863451237647,333.7738122427742
53.55081783336227,-116.88502951280225,470.3699047068529
43.2175525264979,-111.57815120148405,390.7249814356338
50.91136691172253,-96.46656445051721,96.54582499194302
44.41636601224658,-112.01921731664174,154.01811540320466
50.28433484960656,-107.83730033325142,227.3767045625778
54.348542802220116,-99.42696013165376,126.5480969054342
51.53529406640975,-101.29686234513696,272.7102221494972
54.34071693252297,-108.79699814605956,262.1156700656708
38.47592980730664,-127.3318290402779,480.3166391123216
66.76190761417311,-109.16199167143803,245.17754730319
47.66439017829819,-121.67152437159882,403.532061929599
55.07772077222345,-101.62679931856388,473.859745183166
34.25012912692549,-119.29545856969095,444.6449739382935
42.47742498105261,-114.9153543354146,143.90043103021634
51.53254672387956,-115.79254934013287,273.21345241409495
58.08310251074541,-95.91151844941453,206.48290203316657
53.559037005690264,-111.48168844146322,229.93641281174695
34.90009650262451,-119.06583816945255,212.36307181058805
37.56827648755531,-115.8751635822429,421.8616445787519
32.690530045692284,-120.20437309522822,253.46257480510133
42.519960578172814,-114.13816462512001,285.6624495101097
53.45233022316811,-106.86208142495316,492.1013106711836
62.52902463981924,-105.3156958178668,76.9906724861824
51.88684602418628,-104.1135683722259,269.58093790583695
48.51754234920375,-101.67664436192238,398.3277681257522
45.17011961197088,-117.80907125346384,118.02288118470194
62.481155411372,-99.32824288674968,325.1892175766483
58.38627332491215,-113.36145711563461,157.75915079051003
41.968405167255725,-109.2193005234982,440.3318509510554
52.28999732841064,-107.50769408563104,197.19484943003567
62.77856282758383,-102.36363559880775,198.0782676054093
51.22038617226367,-100.59629415211829,319.1872453330521
38.5346973720398,-119.11026142995564,132.60330865395892
46.33481386150124,-112.89059049946223,178.19988750637748
49.55327312813999,-103.3278725329352,237.4843325537352
39.392299943549055,-111.38385092369742,209.13703841304965
56.426707335641005,-104.26254131951735,286.1947481025121
57.819960282468095,-115.96117605411041,319.83806483103484
49.505142537778795,-106.68756038697823,305.0003541875741
40.84592057667274,-103.79360993621046,344.3757403963695
47.344908099010865,-115.36918639470443,188.48728247351912
46.784832778429994,-103.81367005841612,106.89180221976262
48.28865418171365,-112.76911866376177,392.3633936439847
53.57248219261238,-104.69344681265622,432.8511721838069
58.66716115915103,-108.99747034174146,165.6528045000945
40.52391804187464,-116.07761843099452,233.19138027110887
44.06304003164922,-129.43803960276034,274.3561476335999
54.72348115660454,-102.9767191468557,289.99707923882136
39.369577075305955,-126.42216598755184,346.7705769894433
43.8909342480748,-117.99392409333304,68.72145500989461
56.641366735935854,-100.75184745015895,374.66468723030766
49.62642300183111,-107.49205470717543,77.88695314073462
57.47219872911167,-100.50660367050368,260.7298554527905
41.88717866089967,-123.66229164662536,422.45201100613735
44.79201772106731,-108.19770605194522,253.0468909752783
43.51164956288408,-111.74816395338318,117.0903869457115
43.60772207088362,-116.09130143315097,493.2652302526819
57.368398178407666,-102.27977724216692,450.1784579334185
47.79767579411917,-120.71711972216877,397.0911349512563
46.728497136993326,-110.36620290346971,235.18022130464468
53.798779927153475,-106.15076150975499,132.730577100184
52.468157120238686,-104.30711264017836,473.63503163832553
59.12402934265671,-97.60147702326087,289.55800693271254
47.3736458765337,-126.61486391676394,433.5599571743683
38.98818511309414,-119.91536276021799,203.9427525917416
44.86616586326563,-101.80907159866707,200.87974268576176
54.791281643240794,-113.04690225887062,493.4932163033176
35.96041496774729,-114.06374201863875,284.82487182268244
48.52558605890346,-114.03928701348833,113.31294073733582
60.481704163588965,-110.48334233016409,148.85360509761836
62.77680580523275,-109.66693155294436,266.8749257267243
39.043426014425535,-114.48256281146159,69.1119097197851
58.25076282229847,-99.03483751626092,258.14029342023525
43.37298926561086,-110.9326056879984,238.5233789360574
66.74403247806066,-96.85603563737386,400.7013193937692
53.804213448417805,-101.24158971840778,209.7238840201588
57.28611425783802,-109.80886378952339,492.1469426928197
50.52142866729272,-110.5095904260615,131.3464636854064
35.52060626861947,-112.37854160105222,315.9440082356607
53.343898315268405,-112.11123270440055,90.3646836537146
44.00048421990018,-120.45078923133005,380.2387927972919
49.68167038320388,-108.48849266378413,497.6391596278872
52.0687315872314,-106.71144319187063,418.6123869882345
47.12875532658089,-113.90865736718133,300.0665933241356
52.17235556328493,-103.821664754373,268.1336108298614
65.03697994527509,-98.25359107051234,425.7634825700811
39.3104250300555,-122.02635579254657,471.1883381198259
52.88511811951688,-107.05690598987718,495.1429366091418
49.499699401005884,-117.58347558327682,228.44265240401785
57.408766631746595,-103.20999911770362,495.9128636575305
48.88539486860508,-118.83185179192309,120.16681347822416
62.0094260246257,-100.85749791843804,164.09739916935914
37.792217575482596,-119.98098644963336,90.05725613025328
50.583676940430756,-116.60727922282835,172.28233241801675
56.22641911773853,-111.07926392967728,395.571898228105
44.60289423409133,-115.5902648628357,433.8159611803024
63.082247622188206,-95.58996546681053,400.5016902961573
48.81059305961489,-115.41540581373546,333.9796001754633
54.16481109726294,-98.52070495515447,281.2849306351905
55.83648937374038,-102.99096294542728,368.91693014614094
56.92310070680477,-109.76966799528412,225.8750971702498
51.997466031414284,-106.47594866271616,428.5887581748658
43.761607757406004,-118.19337055117977,354.73554228955345
45.9594922882534,-117.14941489891646,364.0121143224839
54.403465300473734,-97.16164901298731,291.17119690808204
43.39258054364148,-117.75956054988674,448.35304289502767
50.97898225051192,-115.3476805727035,163.40663015557362
63.78253974268018,-98.87378014958844,221.5164440124728
34.930256695976226,-122.00175358864465,399.93915635496006
55.14402386136807,-113.98975910786201,271.737003258202
56.2243963455027,-104.59786100884811,450.14630604088586
56.78085519424832,-108.00053364379923,205.87969389328356
50.67283981636187,-114.25933844262158,216.19857596884012
54.45620632834199,-108.33773396534004,449.9311052239814
48.244901270681794,-114.91105117506038,258.9666440819185
62.587574788623414,-99.89874709536788,282.25606289111903
43.1565810729343,-113.00645854370201,199.74367190105573
42.0757147901585,-115.4218407013407,174.5014739805869
54.48783842511394,-106.79028269787176,345.1769198772764
45.50705152319349,-106.87012380791161,103.92829769354174
48.08934304218967,-112.43391188447433,445.6726885323092
45.175915435812186,-110.29958741999614,400.6414115442985
46.11588118572108,-98.20851847187024,135.83671866761125
42.92984391437393,-113.96127837311896,362.3089756210544
48.37555465425329,-120.66548603099726,321.1848145785357
46.66491509602326,-112.88017064062606,133.04077283148985
36.76643602517506,-129.9339053920067,172.94157772260462
55.512302506565,-110.42667668135952,234.04392668022547
58.33249894781927,-102.40241542868141,364.65923086046325
56.11225496683225,-102.49347926856782,337.42553396765265
47.758170361207746,-109.31177545677095,289.50568145451405
45.63211213772159,-106.41460484466455,395.7847444013154
47.742094617374505,-112.35531893492255,391.07198282277466
47.6468718482186,-104.31729277758883,328.03661932801515
41.0168304521968,-103.90434155739993,404.14553752317136
43.50461005284774,-117.7888244750561,200.41851865064413
41.36411888010373,-118.30951622192526,446.5622877451725
54.08387700842458,-114.49896036844757,326.7095386108733
57.509026241139296,-108.52760818790487,420.0635812155937
42.436017248970124,-109.18366371916616,295.82559715562775
54.61511922190071,-103.71419843683971,148.29721024490618
54.6870708244806,-99.41412563455732,294.08455790523885
54.04150411037902,-107.56909435387001,217.00024869946463
48.65082810485208,-121.79353042833193,363.8745662166925
40.89776673520152,-106.3218596466,264.1072062806311
42.58917753384838,-117.13218624382777,426.25076221745945
37.24765883071578,-122.93274975596057,355.1326305448625
58.04553459162103,-110.3528699247604,358.04499486409577
45.29387438241401,-122.03127752753028,147.71990007097924
62.41471485649446,-114.7248996250164,492.9123949210807
46.918847508273515,-104.8047570664505,428.7538441721699
52.57326313548909,-111.25206393767205,405.0521980523126
58.476107453222006,-99.22665035340988,198.5968513220124
52.89534192875307,-97.70143703368049,291.0342437812544
38.814941658472925,-110.92713994819799,111.6964346334479
47.064922363491476,-110.75248273127853,292.3141894982177
48.82533969730331,-115.28636446938971,115.65016091747928
59.85125571930077,-96.79061364654643,298.86702979532055
57.45594571083989,-96.77397942379258,341.92484606970754
50.927663615162416,-104.76497918246238,225.58818526245605
49.81538638845676,-123.71449395933244,274.34519524908194
56.09336857702057,-104.5307446000177,444.0440244535637
44.620322575137266,-114.24558227372434,98.85341511626422
43.64268553163126,-121.90205498132069,406.2798018498438
59.61294046413041,-105.00384133512554,126.83954794828838
58.83427201636551,-106.84272271659849,66.51859226208278
43.36848336506533,-117.76736190957052,133.50857123527152
44.13139020416169,-114.73985526991461,394.26943548672034
52.882461045584726,-116.0973204236353,232.30673300158705
51.045823886329146,-104.60235336255357,442.6342325807819
57.36613170275557,-103.59133527309359,286.1183935320196
46.77318832138805,-104.72299947146746,60.01265836684893
47.603361733977046,-113.17691672024628,372.5211243208671
47.416315189127914,-103.88082713098282,99.60480892455472
46.0020161196059,-115.15733536204131,405.220835057866
36.566078936669044,-120.83358486912852,125.646147412331
60.40540458796561,-107.62137962245241,205.45087361248105
47.753288469715244,-114.81191120938831,392.5721433314121
42.67393044841238,-109.7865626627303,479.40411086438974
62.191696801024186,-111.18652035212847,217.14527779102957
52.40034390446083,-118.42992851022649,423.2300990895211
47.693807115796034,-102.7139922872998,135.85651946412742
43.199221952463496,-120.10801235139738,413.230896591121
54.4763002151968,-100.93181743589827,345.872326665313
58.13735641204562,-120.14812245464545,136.7345782455658
53.332514002864215,-113.7134854408043,186.1267821581352
54.34759731476031,-104.92764827831513,109.2968998686662
58.3077753152983,-114.229900996137,222.33515497894095
47.01016350601509,-112.57813546556726,141.64188850547484
35.99735515046806,-111.75263912119512,339.79907913371306
60.28810117372146,-102.75594034668805,497.5272968992514
46.822967774470314,-115.0793521326813,55.40412338791887
58.608919925915,-114.64820362260885,293.4139159792844
53.93069877994206,-97.63614790536666,308.14996889705435
42.802929390412025,-117.63929999708374,461.3939553563653
41.513998483340906,-120.28816344947226,277.7024006451219
37.0336869629854,-111.90191041123853,294.66563884021286
47.91808313078962,-118.26049546747626,262.2437605977749
47.75929984209549,-110.88052160756322,171.0069370526666
54.02481458258351,-109.76235581272307,75.21310996201115
57.40740721193552,-108.36053424290051,233.89595699442623
51.47741407575535,-99.17001808459496,73.66616205830533
47.8196239045413,-109.03100533072467,297.721611259663
54.9219472490701,-108.6332990922368,188.28213945903192
39.69641019180597,-123.69822812108386,290.1210806864425
43.80629478627818,-119.56772281198941,110.433633977834
41.61780521992438,-117.21023395432833,469.6834845827119
52.88853421270888,-108.52477189283994,452.5345595974707
57.82331890180361,-103.72400117177365,135.49842914102803
60.14887717123633,-103.1530801791192,204.54992748230444
47.098228420042744,-112.76099295880337,326.0717473333908
42.20381433502074,-112.30979822970924,93.05879328765782
44.58487759540876,-117.55787486070287,209.55551950226783
55.231442309808045,-119.65087272484952,163.00052906855274
45.12511066246879,-123.22191128052151,461.9825279225135
43.26822721448447,-113.00236912937336,433.6297863301424
44.269145260532774,-112.44164001456909,310.92473357008873
44.327174753459836,-117.64566703428221,284.1558515922084
46.20114709177696,-119.86987585776214,468.8266075454287
46.88063175922944,-112.26645808194064,469.5925023404669
49.104047738046404,-108.94324780631312,486.1985564082472
58.10139719738169,-103.34666970052301,106.42049784868443
53.96846284858236,-104.51869442334197,122.2510148434266
48.75776535808368,-117.18097259174833,354.531514405949
32.7209518975962,-115.97977496328643,293.64551447443023
43.497508483890456,-111.82384490107854,58.309657201956185
46.508076708560225,-100.27427068404847,77.88876619528372
51.53968632137998,-113.28811774378586,449.6361720164623
49.7046403339223,-102.89108287689204,440.9918579927239
49.42388378738597,-115.68230451393319,210.77191489822036
49.65622275991524,-109.46939536988731,450.9727776187406
55.11181172453466,-98.1381872774987,317.1537834790558
57.09640200636338,-104.85657825920718,412.65754115850586
55.72412803560973,-101.67636995256703,242.34398202209644
58.10541777654421,-113.52225842860777,101.02924730520894
58.95227704405015,-120.01242491587576,245.1771781907073
41.70521336422335,-121.80657549223284,255.7849090986041
49.8409818896286,-109.49970501862822,297.92488722827136
47.63620862652394,-120.96569759092793,97.5122208069926
36.02264598792126,-119.8690809201705,496.1308383723251
49.87845963337512,-101.0137885655374,159.86156936310786
43.14160222662417,-108.67438874397662,139.3485815916918
33.90017961356124,-116.01588940320244,287.06131348517147
39.03274692073808,-115.05394225884534,291.7436807276999
53.53263911631228,-103.02977495493776,247.9193320249599
45.07282960029957,-110.87324318584515,397.3514658463645
52.03939222016531,-115.71206292148676,282.4944803278712
57.325109513104174,-114.32016242653401,324.36295481524286
55.267031000124184,-112.9488972100679,375.6858734335035
61.06755717251952,-99.5069705841122,61.261295703739975
53.64128044410586,-112.96052835233606,306.78988214527016
58.62328461595512,-107.70091305084198,447.88751205276617
41.27221699408075,-125.13420860606854,57.82493431644526
38.56664073483489,-136.8952079582115,232.3319467104325
59.49472785839253,-114.7696243610902,466.8023525926235
40.28204772211709,-108.80964488047536,208.919481027142
41.46283986942127,-108.23851122675384,256.4279708901084
53.987662856001705,-97.85586599984245,491.6936268699407
51.77501964246246,-107.95662495572495,139.6957365277582
55.362947862885406,-112.0272367890686,79.36483510625267
37.64874621225441,-116.20940371216943,436.74016588758695
33.394531780675415,-119.00098077278172,440.8094035455658
55.08988258528246,-104.36369873001968,262.4350256060059
49.30606684061259,-114.08765512401467,281.3932285147788
54.46687514618579,-119.69795047315185,426.1128663280262
55.107174631770725,-105.21990641752406,382.3517741521078
52.699573004206535,-105.6558567663039,169.3170509976548
59.813371537667095,-99.67746167237358,57.6020097821833
51.27071619121602,-109.76241289938024,265.86507314009555
44.547986479221855,-112.91934698645511,436.5105467430386
59.17015888227443,-92.63887902430628,453.12560451057294
50.71111909312099,-110.10533090575183,480.3017886842693
55.911143044118894,-100.77890871355031,445.8034569257516
52.74736264858758,-114.30371865091035,311.01959988414427
53.55456485495088,-118.95560232232278,250.0725196562454
43.84130738026822,-102.733083920773,398.68243094034455
56.605044370049264,-108.13114979718982,382.9197354645184
44.50289286947415,-115.73416969666981,292.1645435366545
56.73029514004545,-107.90201256215106,89.2973176513111
45.4823228965225,-114.53504130888732,466.7366060541135
42.84335816882103,-117.95591430243714,255.021141875748
60.43789280981039,-109.50983598948925,213.50020186231893
44.48480534564136,-116.27647675633392,333.30532782594724
56.18706866636664,-107.11244217966767,353.2270825251396
48.13579906443854,-109.09757186169122,144.80956266363563
52.347164955438906,-112.26603789070005,426.6224801644803
44.295768072142394,-109.56886621140946,180.47169214807005
48.53260555081232,-101.13879524188502,134.00776666144253
41.18336856228828,-113.88697236066372,232.87993378452384
48.90720018530604,-110.73906058684128,378.7520364038594
37.87430378217242,-113.28903413650299,484.45618029791154
39.134208360691986,-117.92797513557541,414.1765689671449
48.4752453863108,-111.6868606967107,473.1567699515863
38.53593921277061,-111.59104363084668,113.27261183443704
47.42362689286975,-118.86718550382531,82.02955948865454
51.81579551804449,-119.25846348727978,300.96714285800203
48.14680752120211,-115.72931871741459,180.63386736981545
35.66749210277999,-111.87031099271886,422.6247378361728
45.453143414181625,-119.42951515837491,352.3945421310468
44.615108564243336,-121.46619667781489,486.8276737936075
44.23443452810102,-125.77828526750501,164.6565600790869
43.57425067967096,-108.38358406170633,268.6028514598546
35.36857399295842,-119.40826945944114,275.558214841409
60.39467205882612,-108.3052802413227,157.6295576858193
44.5849745262556,-115.9658288005738,315.5420297696035
41.37005334461111,-126.4409317190972,249.4786937356578
41.322938091697104,-118.50171819048886,251.02470019544316
48.4272474121793,-115.10722083589869,213.23149158761765
37.30414909167298,-126.75801006301424,57.61820859149078
51.08396702914549,-105.11600295888167,284.94285661165503
48.89949733506964,-113.22055410037461,200.861526065149
50.42191571154722,-119.66847631500619,50.59394104294835
52.17838967510063,-115.9654316409439,188.5746684478694
49.85929700961515,-118.86251879423274,175.38274989039064
47.83062694160148,-121.72385307692929,227.0516689506361
41.18139503480224,-117.87470933687021,109.33339533952864
55.604152129358766,-110.1572978124083,278.457721085788
55.34790636984948,-104.88657731342062,361.5981586331585
53.58289648428339,-105.10691322362831,333.5835060745576
42.25413729751544,-109.06278396229649,411.6897264061358
46.30058841000407,-110.77889316936572,253.40372959418653
39.953388340776144,-113.19719572246288,283.5912786528777
59.43539621866594,-103.6918360664924,414.6808733865425
53.50011586669623,-110.40652944726833,242.46552686865732
42.118697217481255,-123.12352305683075,365.7197074548186
51.71196075839382,-124.351740497485,245.57106592309637
42.60813568166928,-116.73182781639754,237.9812875302032
51.99006672296865,-103.66596651915147,392.09253103812216
49.17462534237402,-112.00596250005765,128.67661195979505
49.21726484731022,-100.07591632289109,202.3636873737081
56.16858887395963,-100.22329690430234,150.8775245361058
55.095722708721304,-106.37155361148903,211.5994743354187
61.886386161429314,-96.62034663994321,153.6686700647108
34.38858451769891,-126.76216168632601,310.7325339889946
46.63438696462128,-119.27737610323956,409.1768611780304
44.676183988752854,-124.77253640861804,403.9758775480559
43.22481187061894,-115.8225490346737,214.0254340469566
44.31642610914943,-106.62462649379022,494.9421826524178
55.25577990855081,-110.53488957664317,317.23446411761034
46.6733933505331,-118.80069402908536,229.73013580023263
46.726208726928874,-115.38969596276092,425.9926756586415
59.979692215708496,-107.3720686430105,378.4433056891884
46.777987096423324,-119.18563329908952,387.17390157084697
53.97577579148994,-109.93506334074385,138.2627073802422
46.640283976353544,-102.36788335981801,260.7459383158498
39.2538563361364,-123.319304043905,437.8226588710712
54.135885276488615,-105.99489798783692,276.8171034329408
58.781727938816786,-105.89753497503133,357.55373453947266
59.77899101975969,-106.51755450487151,314.57017986541905
46.17866624059695,-117.20339363308102,429.0605544732719
56.755856925856584,-97.77733812767806,178.05237789272118
42.162723837393294,-113.29192099141738,308.96387504886417
54.05183236798359,-120.89496414274848,105.4556006044118
41.79561338208008,-114.39866158744114,360.5948495147605
40.425878248264816,-120.5686956723547,379.3855272587204
65.21394570226785,-100.16578499210841,69.27679453504928
53.55495082990845,-100.88076600170669,354.1059336325933
45.74842913415845,-104.62170753023015,236.61056937460387
43.55072407338336,-119.57449016245967,105.84359424935704
43.962937347851806,-113.42394925004926,238.95839646431045
43.635979390636116,-114.24876372667269,137.40481836301177
55.64014050820066,-120.09179754620102,237.00178945549243
51.06359569781245,-104.91633141967596,222.95256258133747
53.26795022783481,-106.95786868962715,382.27623662122585
58.67903277913058,-115.4869954983295,398.39700117486143
48.623900929423165,-108.74514141022507,323.162894473046
52.220390543311574,-99.42277210327497,60.2090789821014
44.779582754293024,-118.1958437807465,468.9600255819473
60.0782747684258,-108.64226251227825,358.80497604340144
53.8135626943331,-99.42907739515329,65.38795246453498
48.77984576577341,-115.77944287772075,418.47480464635305
54.03346853886127,-122.5489430056023,140.11976962309825
57.420484974201116,-110.71363984698093,310.6495353069981
47.08574713608668,-111.82699350577565,259.9854664775842
63.321056057567766,-111.49777860263546,238.92745205978449
40.29335418097455,-111.97262210882239,450.3711740559789
48.94734723550371,-115.90006960513989,246.81258120317665
57.7853188846356,-98.9617403287579,83.90485290791784
50.09103842074541,-119.40759128895185,475.9874272467287
55.32340320374856,-104.30156137635298,464.2408540578324
51.4529509765591,-96.82818411873271,357.9947103117194
40.15231230895354,-113.75557284217894,260.5516376594112
42.74024570218645,-122.16343163888227,91.78676282458456
65.97601749359346,-105.71692962514365,405.8366533598643
61.222541900900524,-111.4225772050565,83.96506149081303
42.237793704651864,-113.44528443320746,80.87044320281555
44.91548788752692,-113.00933220579579,291.82272909771564
51.85122056846703,-111.9422355174409,122.0577080830881
59.64175959963317,-100.62830172963575,53.47862030315704
56.230517664630995,-96.79872761165633,240.40104394810385
64.71798806776908,-105.25013679344428,111.74775422452969
60.22702811793384,-102.55140994469922,122.23193687631104
42.09229107982879,-106.89285170068572,84.6097874309006
40.645114198257914,-118.25026941919049,142.29218917562446
47.41606910184459,-107.892006693048,371.9678808984752
64.78094003643474,-96.61790908528924,414.0172882480061
49.15003107709566,-105.16327594970231,253.64013981318527
33.80160199493578,-116.75732823672445,277.9492171466379
51.813934977868,-113.79378445555587,64.69476556739117
40.90725509689223,-121.32975613228434,81.19231761709258
58.48070534011542,-106.59371332429043,165.9054765422826
45.69765104433536,-124.84108216800325,294.7542893209164
59.62419811618478,-101.11859797225944,382.7980169307468
40.01183141637885,-119.28749632670322,322.25137760211487
49.0415902986437,-109.61990502000272,226.45753474405475
45.79328741767203,-110.92243139902435,103.2458328514122
53.75982149587793,-104.27770693627957,401.3479556992352
47.61476311744513,-109.23698689315069,213.7037232195757
52.56112583234631,-105.61308807794668,381.22430651725534
48.78809818475257,-114.1448866582477,280.8404788614538
53.2678717125418,-100.23445376441613,382.3979241028214
46.60973377462363,-112.31468331832636,458.2803026536574
45.015556622175964,-123.17576276757424,464.4632822242109
58.33007294819723,-105.06923500964042,290.7980510002715
48.75994043739825,-105.48677130237628,280.17876414453747
41.67011154972287,-124.69983114960444,169.55530947627676
50.75406987338074,-98.30985772540721,471.10992418818114
49.30226656866478,-99.78453004809477,256.06362523982943
53.77506731644965,-102.5824026572758,107.41605767931972
42.73235612011061,-119.8719415891366,244.71721158194745
48.14295667328433,-106.30647501077354,107.17396260710176
54.04516729965351,-111.27192161972232,276.13925791568374
43.31733309739668,-108.69406988207513,302.5739816852955
44.51838243570532,-113.39011997654158,201.9900926721134
57.51253053159576,-104.94048444714385,82.2427764041681
51.33625986787112,-105.048763411852,474.5765910349576
48.04561303292252,-109.20548898049051,398.0089010675433
38.5949511156228,-110.50033597047708,427.4964862273045
55.53142715310031,-106.20776827286761,215.09077742880325
43.021922526763525,-113.97470851311562,392.3739635087528
53.08112994834512,-111.92912334182047,268.4178028261374
51.46314948300289,-106.39800915551493,140.4875697827207
62.08837685944489,-107.77424737822126,105.99051960824598
42.59941905559476,-127.56122083789121,205.2728911949256
57.33382869867768,-109.378502885143,111.89845016381284
51.43357760726853,-114.87767698956844,499.2210392918309
44.2851639242539,-123.55521550815256,72.13504560440992
60.76001612694121,-93.16946175219802,248.51461971608444
43.57697986716365,-111.13858016407488,253.44208507567285
39.80869910536031,-112.11082139745388,185.284367861754
60.21535066014055,-112.41788984451952,307.1082045681254
48.50187609269564,-121.65220341661707,117.4896608681951
53.17354047312433,-101.59692743311983,402.76057126425513
40.84088531732688,-120.2582117380436,199.6014732114372
61.695201717140186,-112.68898807077498,316.1041654093888
45.204174883841134,-111.71898397934177,372.0376562301317
50.35610673109283,-110.89926455663232,450.0689529605725
62.39780465539723,-96.74610632447164,426.10434640349007
48.37950152496042,-109.80933761240266,323.73906264660184
41.265079318157056,-122.36481654742452,224.77693117274916
57.75905601535513,-104.1311876589787,276.44210153373376
47.771739524677145,-108.21413099759172,395.9306570204612
62.533965310128785,-101.8433250677368,444.8954941517629
37.09050000933611,-115.25424266501544,96.70186767950234
40.617743969883264,-121.58051923822016,223.18531812187408
41.90579206824714,-109.05633843846354,399.25246928607527
49.7788585610558,-116.28183987021815,244.24329316728245
58.177501213354105,-109.17131896771006,199.50249382982773
42.495137287008625,-105.7963391161268,235.0952135704713
56.23097732571715,-105.43426459371949,321.28013605385786
50.505351913126496,-120.73702304743405,499.9123148602107
47.11525464502584,-99.08582333518932,271.8465930970393
41.59981821245886,-121.53497930103055,143.82251372941724
49.015966077350946,-114.76407985863119,123.28095887559265
43.0320465371442,-116.27410679120919,69.05738636438643
55.21090426242561,-110.04271188117077,301.4677557132446
40.461674003408774,-118.72400322784416,295.0574411699754
55.98737496717297,-119.45873255063623,142.35526705113912
49.30199559460549,-94.32601376130414,362.8982329036552
49.45302911009696,-119.33185205923742,383.4981687333564
55.828538962172686,-100.07026712198507,166.59419242195008
42.255098938774054,-112.57347011204736,204.84489381338145
48.05029213044035,-113.90903130923284,495.7122525562655
36.83493680500339,-113.35134265465022,218.4190105328304
54.45671604822944,-109.61936632442064,392.3607522902458
39.79028104101623,-106.90262986058619,253.726441983473
62.128871210050576,-99.30986114724752,407.0051725374392
53.30174229265591,-110.67804409097165,396.06045745219154
48.30382625117175,-123.91639494782788,350.49021133934104
39.03900928353127,-118.41627790768162,434.65025583301065
51.71499815834583,-115.34229415557829,472.6483226949583
41.81300939514638,-111.32294822242136,310.99249420343773
44.92211077324974,-115.9835972120561,156.86100825023556
57.3189949154424,-101.5314949665858,229.38303273983377
55.66317708994836,-104.70296953530709,391.237571080982
65.46864218865655,-108.1191918334873,342.8975683057413
48.18211541111978,-112.6692940830637,130.00925235436193
45.55958179564788,-105.01183384658418,73.05779351589112
43.323743235372135,-105.18816584320692,357.3327170939292
52.96177635826469,-116.8010586301556,162.9855608132054
