TEAM_ID,TIME_STAMPING, PACKET_COUNT, ALTITUDE, PRESSURE, TEMPERATURE, VOLTAGE, GNSS_TIME, GNSS_LATITUDE, GNSS_LONGITUDE, GNSS_ALTITUDE, GNSS_SATS, ACCEL_R, ACCEL_P, ACCEL_Y, GYRO_R, GYRO_P, GYRO_Y, STATE,CMD_ECHO
041, 13:14:02,1,0.1,96499,25.0,7.21, 13:14:02,19.2222,72.9255,180.3,4,7.32,30.3,9.5,-19.91,-129.04,-122.79,LAUNCH_PAD, CXON
041, 13:14:03,2,0.1,96499,25.0,7.21, 13:14:03,19.2213,72.9252,180.3,4,30.1,47.91,31.08,-31.0,142.88,-136.03,LAUNCH_PAD, CXON
041, 13:14:04,3,0.1,96499,25.0,7.21, 13:14:04,19.2214,72.9250,180.3,4,17.34,42.65,15.23,24.48,41.67,-38.28,LAUNCH_PAD, CXON
041, 13:14:05,4,0.1,96499,25.0,7.21, 13:14:05,19.2212,72.9252,180.3,4,32.22,27.1,20.57,25.67,-14.04,-60.07,LAUNCH_PAD, CXON
041, 13:14:06,5,0.1,96499,25.0,7.2, 13:14:06,19.2216,72.9259,180.3,4,26.01,45.01,37.18,-63.62,144.05,-114.58,LAUNCH_PAD, CXON
041, 13:14:07,6,0.1,96499,25.0,7.2, 13:14:07,19.2214,72.9258,180.3,4,6.57,36.73,38.58,21.91,112.64,-55.88,LAUNCH_PAD, CXON
041, 13:14:08,7,0.1,96499,25.0,7.2, 13:14:08,19.2223,72.9257,180.3,4,38.6,47.79,26.96,49.25,-131.8,60.45,LAUNCH_PAD, CXON
041, 13:14:09,8,0.1,96499,25.1,7.2, 13:14:09,19.2227,72.9254,180.3,4,20.43,36.75,8.9,-11.49,-99.59,-114.87,LAUNCH_PAD, CXON
041, 13:14:10,9,0.1,96499,25.0,7.2, 13:14:10,19.2214,72.9253,180.3,4,20.64,44.86,11.22,-15.24,14.83,115.02,LAUNCH_PAD, CXON
041, 13:14:11,10,0.1,96499,25.0,7.2, 13:14:11,19.2217,72.9256,180.3,4,19.35,45.37,46.31,-104.72,-97.13,-80.41,LAUNCH_PAD, CXON
041, 13:14:12,11,0.1,96499,25.0,7.2, 13:14:12,19.2223,72.9253,180.3,4,5.16,26.76,22.77,19.9,135.93,57.15,LAUNCH_PAD, CXON
041, 13:14:13,12,0.1,96499,25.0,7.2, 13:14:13,19.2225,72.9249,180.3,4,40.98,41.2,42.98,89.36,-32.29,-30.31,LAUNCH_PAD, CXON
041, 13:14:14,13,0.1,96499,25.0,7.2, 13:14:14,19.2212,72.9249,180.3,4,13.35,16.49,21.6,-134.23,-149.93,-104.62,LAUNCH_PAD, CXON
041, 13:14:15,14,0.1,96499,24.9,7.2, 13:14:15,19.2212,72.9265,180.3,4,29.56,15.94,18.09,-45.78,-40.75,-113.15,LAUNCH_PAD, CXON
041, 13:14:16,15,0.1,96499,24.9,7.2, 13:14:16,19.2220,72.9258,180.3,4,8.44,14.09,21.71,-70.57,98.66,-101.57,LAUNCH_PAD, CXON
041, 13:14:17,16,0.1,96499,24.9,7.2, 13:14:17,19.2222,72.9251,180.3,4,26.73,11.08,29.12,143.55,109.0,58.86,LAUNCH_PAD, CXON
041, 13:14:18,17,0.1,96499,24.9,7.2, 13:14:18,19.2214,72.9263,180.3,4,26.3,41.16,21.19,-83.09,93.45,145.48,LAUNCH_PAD, CXON
041, 13:14:19,18,0.1,96499,24.9,7.2, 13:14:19,19.2227,72.9263,180.3,4,14.07,30.71,22.22,-141.31,-141.62,-66.17,LAUNCH_PAD, CXON
041, 13:14:20,19,0.1,96499,24.9,7.19, 13:14:20,19.2230,72.9257,180.3,4,42.48,49.52,46.2,-40.61,-83.86,-81.95,LAUNCH_PAD, CXON
041, 13:14:21,20,0.1,96499,24.8,7.19, 13:14:21,19.2223,72.9266,180.3,4,38.62,29.18,34.12,89.89,-124.57,48.18,LAUNCH_PAD, CXON
041, 13:14:22,21,0.1,96499,24.9,7.19, 13:14:22,19.2226,72.9258,180.3,4,12.14,41.57,21.3,90.25,141.5,-31.25,LAUNCH_PAD, CXON
041, 13:14:23,22,0.1,96499,24.9,7.19, 13:14:23,19.2225,72.9251,180.3,4,10.08,16.05,44.19,91.95,-106.15,97.95,LAUNCH_PAD, CXON
041, 13:14:24,23,0.1,96499,24.9,7.19, 13:14:24,19.2218,72.9259,180.3,4,10.24,10.57,46.84,44.9,7.97,130.09,LAUNCH_PAD, CXON
041, 13:14:25,24,0.1,96499,24.9,7.19, 13:14:25,19.2228,72.9252,180.3,4,15.07,21.72,17.62,25.93,-72.19,-24.3,LAUNCH_PAD, CXON
041, 13:14:26,25,0.1,96499,24.8,7.19, 13:14:26,19.2218,72.9257,180.3,4,28.33,46.17,24.83,125.32,0.49,9.55,LAUNCH_PAD, CXON
041, 13:14:27,26,0.1,96499,24.8,7.19, 13:14:27,19.2220,72.9252,180.3,4,5.16,41.97,14.89,-7.95,67.56,16.94,LAUNCH_PAD, CXON
041, 13:14:28,27,0.1,96499,24.8,7.18, 13:14:28,19.2222,72.9264,180.3,4,9.24,32.41,17.94,-66.92,81.68,2.31,LAUNCH_PAD, CXON
041, 13:14:29,28,0.1,96499,24.8,7.18, 13:14:29,19.2229,72.9257,180.3,4,29.5,30.22,28.49,57.82,-14.3,9.99,LAUNCH_PAD, CXON
041, 13:14:30,29,0.1,96499,24.8,7.18, 13:14:30,19.2225,72.9266,180.3,4,42.69,20.38,30.38,132.98,102.0,-108.86,LAUNCH_PAD, CXON
041, 13:14:31,30,0.1,96499,24.8,7.18, 13:14:31,19.2212,72.9253,180.3,4,7.92,36.78,39.36,119.11,-103.67,64.84,LAUNCH_PAD, CXON
041, 13:14:32,31,0.1,96499,24.8,7.18, 13:14:32,19.2229,72.9267,180.3,4,13.78,48.1,23.93,-3.82,146.96,99.73,LAUNCH_PAD, CXON
041, 13:14:33,32,0.1,96499,24.7,7.17, 13:14:33,19.2221,72.9255,180.3,4,12.83,22.74,36.89,-144.16,16.22,-17.86,LAUNCH_PAD, CXON
041, 13:14:34,33,0.1,96499,24.7,7.17, 13:14:34,19.2223,72.9258,180.3,4,7.57,49.4,39.53,141.51,-118.57,-70.33,LAUNCH_PAD, CXON
041, 13:14:35,34,0.1,96499,24.7,7.17, 13:14:35,19.2216,72.9251,180.3,4,21.89,46.46,40.76,-72.42,-105.19,125.75,LAUNCH_PAD, CXON
041, 13:14:36,35,0.1,96499,24.7,7.17, 13:14:36,19.2213,72.9249,180.3,4,32.53,27.01,10.9,131.5,40.33,90.49,LAUNCH_PAD, CXON
041, 13:14:37,36,0.1,96499,24.6,7.17, 13:14:37,19.2212,72.9265,180.3,4,23.15,23.57,30.12,128.0,-69.64,-111.23,LAUNCH_PAD, CXON
041, 13:14:38,37,0.1,96499,24.6,7.17, 13:14:38,19.2213,72.9251,180.3,4,7.02,18.07,20.48,-58.5,77.85,-63.01,LAUNCH_PAD, CXON
041, 13:14:39,38,0.1,96499,24.6,7.16, 13:14:39,19.2218,72.9248,180.3,4,15.02,10.61,37.32,15.31,-93.16,-7.57,LAUNCH_PAD, CXON
041, 13:14:40,39,0.1,96499,24.6,7.16, 13:14:40,19.2227,72.9257,180.3,4,24.8,43.38,23.72,2.01,56.32,144.73,LAUNCH_PAD, CXON
041, 13:14:41,40,0.1,96499,24.6,7.16, 13:14:41,19.2225,72.9261,180.3,4,21.19,23.9,10.18,-111.05,-128.78,72.27,LAUNCH_PAD, CXON
041, 13:14:42,41,0.1,96499,24.6,7.15, 13:14:42,19.2213,72.9265,180.3,4,39.82,36.82,19.28,-77.34,-62.08,-12.16,LAUNCH_PAD, CXON
041, 13:14:43,42,0.1,96499,24.6,7.15, 13:14:43,19.2216,72.9267,180.3,4,43.9,31.88,17.78,139.7,-57.14,-43.02,LAUNCH_PAD, CXON
041, 13:14:44,43,0.1,96499,24.5,7.15, 13:14:44,19.2220,72.9258,180.3,4,13.04,30.19,8.2,-70.75,-123.07,-30.15,LAUNCH_PAD, CXON
041, 13:14:45,44,0.1,96499,24.5,7.14, 13:14:45,19.2217,72.9253,180.3,4,28.42,31.17,38.02,47.26,64.8,113.73,LAUNCH_PAD, CXON
041, 13:14:46,45,0.1,96499,24.4,7.14, 13:14:46,19.2231,72.9251,180.3,4,33.97,35.73,9.75,100.59,117.58,38.2,LAUNCH_PAD, CXON
041, 13:14:47,46,0.1,96499,24.5,7.14, 13:14:47,19.2214,72.9258,180.3,4,25.17,43.4,40.19,97.92,25.22,117.85,LAUNCH_PAD, CXON
041, 13:14:48,47,0.1,96499,24.5,7.14, 13:14:48,19.2216,72.9249,180.3,4,10.32,24.43,12.2,100.75,17.56,38.33,LAUNCH_PAD, CXON
041, 13:14:49,48,0.1,96499,24.5,7.13, 13:14:49,19.2221,72.9248,180.3,4,36.91,39.93,28.12,10.56,47.79,-130.18,LAUNCH_PAD, CXON
041, 13:14:50,49,0.1,96499,24.5,7.13, 13:14:50,19.2212,72.9253,180.3,4,34.17,18.21,37.59,142.72,-1.82,-35.23,LAUNCH_PAD, CXON
041, 13:14:51,50,0.1,96499,24.5,7.13, 13:14:51,19.2226,72.9260,180.3,4,30.71,13.1,13.9,-73.82,72.97,-58.67,LAUNCH_PAD, CXON
041, 13:14:52,51,0.1,96499,24.5,7.12, 13:14:52,19.2212,72.9253,180.3,4,31.88,37.69,35.03,-62.74,4.96,-10.6,LAUNCH_PAD, CXON
041, 13:14:53,52,0.1,96499,24.5,7.12, 13:14:53,19.2229,72.9252,180.3,4,44.13,47.45,8.7,-12.31,95.97,140.43,LAUNCH_PAD, CXON
041, 13:14:54,53,0.1,96499,24.5,7.11, 13:14:54,19.2215,72.9267,180.3,4,13.43,33.26,13.67,7.22,135.82,-110.22,LAUNCH_PAD, CXON
041, 13:14:55,54,0.1,96499,24.5,7.11, 13:14:55,19.2229,72.9262,180.3,4,14.26,45.91,27.45,-142.55,-148.92,-2.49,LAUNCH_PAD, CXON
041, 13:14:56,55,0.1,96499,24.5,7.11, 13:14:56,19.2214,72.9255,180.3,4,17.64,43.61,8.07,75.22,101.73,-113.99,LAUNCH_PAD, CXON
041, 13:14:57,56,0.1,96499,24.5,7.11, 13:14:57,19.2229,72.9254,180.3,4,19.89,25.72,47.95,26.75,-41.79,-21.58,LAUNCH_PAD, CXON
041, 13:14:58,57,0.1,96499,24.5,7.1, 13:14:58,19.2213,72.9265,180.3,4,16.42,47.42,17.97,-70.28,3.29,-93.05,LAUNCH_PAD, CXON
041, 13:14:59,58,0.1,96499,24.5,7.1, 13:14:59,19.2229,72.9264,180.3,4,30.24,46.54,45.63,14.77,65.87,-135.16,LAUNCH_PAD, CXON
041, 13:15:00,59,0.1,96499,24.5,7.1, 13:15:00,19.2226,72.9261,180.3,4,16.45,11.96,45.07,-111.81,-8.34,-46.9,LAUNCH_PAD, CXON
041, 13:15:01,60,0.1,96499,24.5,7.1, 13:15:01,19.2231,72.9253,180.3,4,31.24,22.03,30.29,-31.69,-99.8,-101.5,LAUNCH_PAD, CXON
041, 13:15:02,61,0.1,96499,24.4,7.1, 13:15:02,19.2221,72.9252,180.3,4,41.25,49.86,26.0,-108.12,-92.28,-122.79,LAUNCH_PAD, CXON
041, 13:15:03,62,0.1,96499,24.4,7.1, 13:15:03,19.2216,72.9253,180.3,4,27.78,45.49,37.99,-26.17,-25.83,7.25,LAUNCH_PAD, CXON
041, 13:15:04,63,0.1,96499,24.4,7.09, 13:15:04,19.2212,72.9254,180.3,4,43.71,15.03,28.14,38.89,108.86,-85.21,LAUNCH_PAD, CXON
041, 13:15:05,64,0.1,96499,24.4,7.09, 13:15:05,19.2219,72.9257,180.3,4,43.16,43.95,42.92,-143.46,-140.33,62.85,LAUNCH_PAD, CXON
041, 13:15:06,65,0.1,96499,24.4,7.09, 13:15:06,19.2223,72.9248,180.3,4,20.66,47.07,41.02,106.64,141.67,-75.46,LAUNCH_PAD, CXON
041, 13:15:07,66,0.1,96499,24.4,7.08, 13:15:07,19.2221,72.9262,180.3,4,42.66,38.87,33.89,79.44,-12.8,15.45,LAUNCH_PAD, CXON
041, 13:15:08,67,0.1,96499,24.3,7.08, 13:15:08,19.2216,72.9266,180.3,4,30.82,22.15,13.12,-74.46,40.89,59.57,LAUNCH_PAD, CXON
041, 13:15:09,68,0.1,96499,24.3,7.08, 13:15:09,19.2221,72.9260,180.3,4,20.52,18.94,32.04,-146.86,-59.54,-11.79,LAUNCH_PAD, CXON
041, 13:15:10,69,0.1,96499,24.3,7.07, 13:15:10,19.2229,72.9258,180.3,4,14.39,19.88,46.42,61.4,-57.78,-143.46,LAUNCH_PAD, CXON
041, 13:15:11,70,0.1,96499,24.3,7.07, 13:15:11,19.2219,72.9253,180.3,4,31.69,47.01,17.07,-139.77,-48.58,-23.83,LAUNCH_PAD, CXON
041, 13:15:12,71,0.1,96499,24.3,7.07, 13:15:12,19.2227,72.9263,180.3,4,25.2,18.21,46.79,-56.49,96.0,-80.76,LAUNCH_PAD, CXON
041, 13:15:13,72,0.1,96499,24.3,7.07, 13:15:13,19.2217,72.9267,180.3,4,24.83,17.49,16.93,-24.89,49.59,134.63,LAUNCH_PAD, CXON
041, 13:15:14,73,0.1,96499,24.3,7.07, 13:15:14,19.2215,72.9267,180.3,4,10.68,12.07,10.41,-32.0,119.45,115.08,LAUNCH_PAD, CXON
041, 13:15:15,74,0.1,96499,24.3,7.07, 13:15:15,19.2230,72.9255,180.3,4,12.42,47.44,37.85,-140.43,49.33,-36.41,LAUNCH_PAD, CXON
041, 13:15:16,75,0.1,96499,24.3,7.06, 13:15:16,19.2214,72.9248,180.3,4,16.19,24.06,46.22,-112.89,139.28,-87.78,LAUNCH_PAD, CXON
041, 13:15:17,76,1.2,96486,24.2,7.06, 13:15:17,19.2217,72.9248,181.4,4,45.91,-5.31,-25.46,134.24,-98.23,-43.44,ASCENT, CXON
041, 13:15:18,77,2.4,96473,24.3,7.06, 13:15:18,19.2217,72.9251,182.6,4,132.0,-91.87,-93.03,-139.97,134.42,-77.75,ASCENT, CXON
041, 13:15:19,78,3.5,96460,24.3,7.06, 13:15:19,19.2216,72.9249,183.7,4,154.92,23.4,-47.57,69.32,-58.73,-71.8,ASCENT, CXON
041, 13:15:20,79,4.7,96446,24.2,7.06, 13:15:20,19.2220,72.9251,184.9,4,153.19,-95.15,-53.23,-7.94,146.17,145.25,ASCENT, CXON
041, 13:15:21,80,5.9,96433,24.2,7.05, 13:15:21,19.2220,72.9251,186.1,4,151.37,-63.41,60.51,76.32,103.28,87.3,ASCENT, CXON
041, 13:15:22,81,7.1,96419,24.2,7.05, 13:15:22,19.2219,72.9250,187.3,4,133.87,-84.2,-60.54,80.92,-80.86,-139.29,ASCENT, CXON
041, 13:15:23,82,8.3,96405,24.2,7.05, 13:15:23,19.2218,72.9255,188.5,4,146.02,97.56,-47.02,-133.09,-129.14,-0.49,ASCENT, CXON
041, 13:15:24,83,9.5,96391,24.2,7.05, 13:15:24,19.2216,72.9255,189.7,4,114.44,34.82,49.6,111.04,52.62,-121.23,ASCENT, CXON
041, 13:15:25,84,10.6,96379,24.2,7.04, 13:15:25,19.2217,72.9254,190.8,4,128.57,-60.16,-50.51,-81.49,-110.94,122.93,ASCENT, CXON
041, 13:15:26,85,11.8,96365,24.2,7.04, 13:15:26,19.2217,72.9259,192.0,4,100.88,-53.72,61.69,49.06,157.11,-127.25,ASCENT, CXON
041, 13:15:27,86,13.0,96351,24.2,7.04, 13:15:27,19.2221,72.9263,193.2,4,44.84,-41.26,-76.16,-99.34,151.35,26.62,ASCENT, CXON
041, 13:15:28,87,14.2,96338,24.3,7.04, 13:15:28,19.2225,72.9263,194.4,4,71.19,55.56,89.14,-126.15,30.77,38.38,ASCENT, CXON
041, 13:15:29,88,15.4,96324,24.2,7.03, 13:15:29,19.2222,72.9261,195.6,4,70.59,19.88,30.33,-94.9,-156.36,-55.28,ASCENT, CXON
041, 13:15:30,89,16.6,96310,24.2,7.03, 13:15:30,19.2221,72.9259,196.8,4,135.43,9.61,-87.35,-127.56,-33.51,16.04,ASCENT, CXON
041, 13:15:31,90,17.7,96298,24.2,7.02, 13:15:31,19.2218,72.9261,197.9,4,89.17,-43.34,-38.48,145.02,-60.04,21.29,ASCENT, CXON
041, 13:15:32,91,18.9,96284,24.2,7.02, 13:15:32,19.2222,72.9266,199.1,4,83.65,-60.56,45.61,-94.83,-158.12,128.52,ASCENT, CXON
041, 13:15:33,92,20.1,96270,24.2,7.02, 13:15:33,19.2222,72.9270,200.3,4,95.31,-67.49,-97.03,16.5,45.01,131.13,ASCENT, CXON
041, 13:15:34,93,21.3,96257,24.2,7.02, 13:15:34,19.2221,72.9271,201.5,4,57.51,-43.34,4.23,136.16,-125.19,-3.04,ASCENT, CXON
041, 13:15:35,94,22.5,96243,24.2,7.02, 13:15:35,19.2219,72.9268,202.7,4,153.17,95.11,-3.45,-142.92,136.37,-35.87,ASCENT, CXON
041, 13:15:36,95,23.7,96229,24.2,7.02, 13:15:36,19.2222,72.9265,203.9,4,134.3,-55.58,-19.1,110.83,105.34,-101.45,ASCENT, CXON
041, 13:15:37,96,24.8,96217,24.2,7.02, 13:15:37,19.2223,72.9264,205.0,4,54.77,-50.59,44.98,127.13,-146.85,19.95,ASCENT, CXON
041, 13:15:38,97,26.0,96203,24.2,7.01, 13:15:38,19.2227,72.9261,206.2,4,111.94,10.01,25.41,-62.01,-25.58,26.44,ASCENT, CXON
041, 13:15:39,98,27.2,96189,24.2,7.01, 13:15:39,19.2227,72.9261,207.4,4,42.81,23.78,-2.1,-84.72,84.34,89.59,ASCENT, CXON
041, 13:15:40,99,28.4,96176,24.2,7.0, 13:15:40,19.2227,72.9258,208.6,4,55.41,-13.88,-81.66,-18.57,3.25,-146.95,ASCENT, CXON
041, 13:15:41,100,29.6,96162,24.2,7.0, 13:15:41,19.2230,72.9261,209.8,4,101.38,-89.15,0.78,-39.08,144.28,-116.42,ASCENT, CXON
041, 13:15:42,101,30.8,96148,24.2,7.0, 13:15:42,19.2233,72.9264,211.0,4,63.24,96.35,-1.63,146.12,133.13,-107.16,ASCENT, CXON
041, 13:15:43,102,31.9,96136,24.2,7.0, 13:15:43,19.2230,72.9263,212.1,4,130.74,-68.25,79.31,-72.0,101.0,-114.06,ASCENT, CXON
041, 13:15:44,103,33.1,96122,24.2,7.0, 13:15:44,19.2228,72.9261,213.3,4,100.72,-36.18,-92.63,-101.73,-108.41,139.65,ASCENT, CXON
041, 13:15:45,104,34.3,96108,24.3,7.0, 13:15:45,19.2226,72.9264,214.5,4,53.81,6.14,27.26,-44.87,119.34,17.66,ASCENT, CXON
041, 13:15:46,105,35.5,96095,24.3,7.0, 13:15:46,19.2223,72.9269,215.7,4,115.57,-21.15,59.53,-75.28,156.96,24.76,ASCENT, CXON
041, 13:15:47,106,36.7,96081,24.2,7.0, 13:15:47,19.2223,72.9267,216.9,4,129.23,-90.34,63.96,-78.83,44.56,154.9,ASCENT, CXON
041, 13:15:48,107,37.9,96067,24.2,7.0, 13:15:48,19.2222,72.9263,218.1,4,44.06,-70.13,23.21,-21.69,4.06,126.57,ASCENT, CXON
041, 13:15:49,108,39.0,96055,24.2,7.0, 13:15:49,19.2224,72.9259,219.2,4,40.31,-29.01,-78.73,-45.71,-88.24,26.75,ASCENT, CXON
041, 13:15:50,109,40.2,96041,24.2,6.99, 13:15:50,19.2226,72.9259,220.4,4,56.17,87.32,-51.28,-112.22,-129.34,44.23,ASCENT, CXON
041, 13:15:51,110,41.4,96027,24.2,6.99, 13:15:51,19.2226,72.9257,221.6,4,41.38,28.99,12.47,-47.89,46.59,-18.0,ASCENT, CXON
041, 13:15:52,111,42.6,96014,24.3,6.99, 13:15:52,19.2224,72.9261,222.8,4,45.28,6.31,-18.8,-83.95,-141.32,89.24,ASCENT, CXON
041, 13:15:53,112,43.8,96000,24.2,6.99, 13:15:53,19.2228,72.9258,224.0,4,63.94,21.62,1.39,45.3,100.28,-104.12,ASCENT, CXON
041, 13:15:54,113,44.9,95987,24.2,6.99, 13:15:54,19.2224,72.9262,225.1,4,133.96,43.08,-98.73,110.22,78.46,-11.12,ASCENT, CXON
041, 13:15:55,114,46.1,95974,24.2,6.98, 13:15:55,19.2222,72.9259,226.3,4,67.88,-92.24,-32.9,79.89,62.43,110.51,ASCENT, CXON
041, 13:15:56,115,47.3,95960,24.2,6.98, 13:15:56,19.2223,72.9259,227.5,4,134.61,4.65,-46.94,45.44,148.85,-90.56,ASCENT, CXON
041, 13:15:57,116,48.5,95946,24.3,6.97, 13:15:57,19.2221,72.9257,228.7,4,129.27,88.94,49.23,-55.4,121.65,-54.86,ASCENT, CXON
041, 13:15:58,117,49.7,95933,24.2,6.98, 13:15:58,19.2223,72.9259,229.9,4,119.83,95.8,-6.1,108.71,63.24,114.41,ASCENT, CXON
041, 13:15:59,118,50.9,95919,24.2,6.97, 13:15:59,19.2224,72.9258,231.1,4,65.44,24.52,-84.44,131.45,-113.73,-151.39,ASCENT, CXON
041, 13:16:00,119,52.0,95907,24.2,6.98, 13:16:00,19.2223,72.9255,232.2,4,43.45,-91.67,38.53,42.84,63.04,75.77,ASCENT, CXON
041, 13:16:01,120,53.2,95893,24.1,6.97, 13:16:01,19.2222,72.9258,233.4,4,138.35,78.26,-86.81,117.69,132.61,142.18,ASCENT, CXON
041, 13:16:02,121,54.4,95879,24.1,6.97, 13:16:02,19.2219,72.9254,234.6,4,141.73,62.4,26.83,104.02,42.09,-68.04,ASCENT, CXON
041, 13:16:03,122,55.6,95866,24.0,6.96, 13:16:03,19.2222,72.9252,235.8,4,78.3,-15.25,-95.82,-77.86,-69.57,69.04,ASCENT, CXON
041, 13:16:04,123,56.8,95852,24.0,6.96, 13:16:04,19.2227,72.9253,237.0,4,142.17,23.66,-93.8,-27.87,-20.34,87.37,ASCENT, CXON
041, 13:16:05,124,57.9,95839,24.0,6.96, 13:16:05,19.2228,72.9251,238.1,4,143.47,-81.82,63.96,-105.48,-159.58,-95.35,ASCENT, CXON
041, 13:16:06,125,59.1,95826,24.0,6.96, 13:16:06,19.2224,72.9251,239.3,4,98.98,59.35,-63.1,-1.73,-48.9,106.19,ASCENT, CXON
041, 13:16:07,126,60.3,95812,24.0,6.96, 13:16:07,19.2223,72.9249,240.5,4,123.94,-0.34,-78.02,43.69,-134.12,92.13,ASCENT, CXON
041, 13:16:08,127,61.5,95798,24.0,6.96, 13:16:08,19.2225,72.9248,241.7,4,88.15,-21.08,78.08,-132.42,124.3,-151.94,ASCENT, CXON
041, 13:16:09,128,62.7,95785,24.0,6.96, 13:16:09,19.2229,72.9249,242.9,4,85.52,76.8,-53.28,-12.51,10.09,81.43,ASCENT, CXON
041, 13:16:10,129,63.9,95771,24.0,6.96, 13:16:10,19.2228,72.9248,244.1,4,58.64,68.62,32.42,77.44,-105.74,-19.58,ASCENT, CXON
041, 13:16:11,130,65.0,95759,24.0,6.96, 13:16:11,19.2225,72.9248,245.2,4,146.22,-52.41,-61.69,-63.52,65.01,109.97,ASCENT, CXON
041, 13:16:12,131,66.2,95745,24.0,6.95, 13:16:12,19.2223,72.9247,246.4,4,102.66,-67.82,-34.38,-99.43,152.05,73.19,ASCENT, CXON
041, 13:16:13,132,67.4,95731,23.9,6.95, 13:16:13,19.2220,72.9246,247.6,4,158.06,58.98,46.66,-20.82,-97.22,44.15,ASCENT, CXON
041, 13:16:14,133,68.6,95718,23.9,6.95, 13:16:14,19.2219,72.9242,248.8,4,87.88,58.2,38.69,0.16,42.36,-11.75,ASCENT, CXON
041, 13:16:15,134,69.8,95704,23.9,6.95, 13:16:15,19.2219,72.9245,250.0,4,148.96,-13.99,14.8,79.71,-25.23,-86.86,ASCENT, CXON
041, 13:16:16,135,70.9,95692,23.9,6.95, 13:16:16,19.2222,72.9247,251.1,4,142.29,35.92,28.31,-14.75,-59.84,41.05,ASCENT, CXON
041, 13:16:17,136,72.1,95678,23.8,6.94, 13:16:17,19.2225,72.9249,252.3,4,115.55,-49.99,-15.28,-14.34,38.9,-29.01,ASCENT, CXON
041, 13:16:18,137,73.3,95664,23.9,6.94, 13:16:18,19.2223,72.9251,253.5,4,133.38,-22.26,-2.03,151.88,-147.79,13.88,ASCENT, CXON
041, 13:16:19,138,74.5,95651,23.8,6.94, 13:16:19,19.2227,72.9252,254.7,4,52.13,14.91,8.21,69.53,3.9,44.56,ASCENT, CXON
041, 13:16:20,139,75.7,95637,23.8,6.94, 13:16:20,19.2227,72.9257,255.9,4,65.21,36.87,-21.5,84.06,-120.83,155.03,ASCENT, CXON
041, 13:16:21,140,76.8,95625,23.8,6.94, 13:16:21,19.2225,72.9257,257.0,4,41.6,-16.28,-15.89,63.44,-47.32,-75.15,ASCENT, CXON
041, 13:16:22,141,78.0,95611,23.8,6.94, 13:16:22,19.2229,72.9258,258.2,4,66.27,60.3,-21.61,-92.16,-118.62,88.51,ASCENT, CXON
041, 13:16:23,142,79.2,95597,23.8,6.94, 13:16:23,19.2229,72.9259,259.4,4,67.12,92.77,-29.37,44.41,102.0,101.18,ASCENT, CXON
041, 13:16:24,143,80.4,95584,23.8,6.93, 13:16:24,19.2230,72.9256,260.6,4,140.05,-29.05,70.13,-74.42,-39.63,-78.86,ASCENT, CXON
041, 13:16:25,144,81.6,95570,23.8,6.93, 13:16:25,19.2226,72.9258,261.8,4,73.75,-51.01,-39.64,-6.54,-22.88,43.94,ASCENT, CXON
041, 13:16:26,145,82.7,95558,23.8,6.92, 13:16:26,19.2230,72.9262,262.9,4,46.85,65.58,81.16,90.89,-115.07,106.02,ASCENT, CXON
041, 13:16:27,146,83.9,95544,23.8,6.92, 13:16:27,19.2226,72.9267,264.1,4,118.71,-49.99,-79.7,-114.33,-85.23,88.42,ASCENT, CXON
041, 13:16:28,147,85.1,95530,23.8,6.91, 13:16:28,19.2230,72.9270,265.3,4,60.15,78.23,21.67,90.01,53.91,126.05,ASCENT, CXON
041, 13:16:29,148,86.3,95517,23.8,6.91, 13:16:29,19.2228,72.9272,266.5,4,103.7,48.38,-12.28,122.46,17.62,-75.36,ASCENT, CXON
041, 13:16:30,149,87.5,95503,23.8,6.91, 13:16:30,19.2228,72.9269,267.7,4,96.05,-71.12,-1.73,-0.58,12.65,116.12,ASCENT, CXON
041, 13:16:31,150,88.6,95491,23.7,6.91, 13:16:31,19.2228,72.9270,268.8,4,119.84,68.11,-25.01,-25.98,147.4,-135.87,ASCENT, CXON
041, 13:16:32,151,89.8,95477,23.7,6.91, 13:16:32,19.2224,72.9271,270.0,4,121.91,86.3,-33.91,154.15,3.4,-4.9,ASCENT, CXON
041, 13:16:33,152,91.0,95463,23.8,6.9, 13:16:33,19.2226,72.9273,271.2,4,80.63,72.34,-26.77,-8.15,8.17,86.58,ASCENT, CXON
041, 13:16:34,153,92.2,95450,23.7,6.9, 13:16:34,19.2226,72.9274,272.4,4,139.21,-41.42,65.55,-30.81,1.2,-73.06,ASCENT, CXON
041, 13:16:35,154,93.4,95436,23.7,6.9, 13:16:35,19.2228,72.9277,273.6,4,79.71,-36.58,-40.16,27.66,43.14,90.95,ASCENT, CXON
041, 13:16:36,155,94.5,95424,23.7,6.9, 13:16:36,19.2232,72.9278,274.7,4,45.96,-39.92,-98.76,-99.22,134.86,34.78,ASCENT, CXON
041, 13:16:37,156,95.7,95410,23.7,6.9, 13:16:37,19.2236,72.9280,275.9,4,114.0,25.36,39.28,30.82,57.91,-92.0,ASCENT, CXON
041, 13:16:38,157,96.9,95397,23.7,6.9, 13:16:38,19.2239,72.9277,277.1,4,61.76,-92.6,54.91,132.51,49.83,-41.96,ASCENT, CXON
041, 13:16:39,158,98.1,95383,23.7,6.9, 13:16:39,19.2240,72.9275,278.3,4,76.24,-15.64,-36.3,-22.18,45.36,138.83,ASCENT, CXON
041, 13:16:40,159,99.3,95369,23.7,6.89, 13:16:40,19.2236,72.9272,279.5,4,137.24,15.06,83.73,-17.13,-155.48,-36.11,ASCENT, CXON
041, 13:16:41,160,100.4,95357,23.7,6.9, 13:16:41,19.2241,72.9272,280.6,4,89.49,-79.59,28.9,-92.07,-111.44,-155.03,ASCENT, CXON
041, 13:16:42,161,101.6,95343,23.6,6.9, 13:16:42,19.2238,72.9277,281.8,4,50.58,73.91,-74.21,-154.31,70.19,-82.47,ASCENT, CXON
041, 13:16:43,162,102.8,95330,23.7,6.89, 13:16:43,19.2234,72.9280,283.0,4,125.63,71.1,45.94,-133.03,41.16,66.96,ASCENT, CXON
041, 13:16:44,163,104.0,95316,23.7,6.89, 13:16:44,19.2232,72.9285,284.2,4,126.07,-97.72,-97.05,48.22,101.55,-134.5,ASCENT, CXON
041, 13:16:45,164,105.2,95302,23.6,6.89, 13:16:45,19.2229,72.9289,285.4,4,98.36,-88.04,-26.49,23.99,-19.61,56.6,ASCENT, CXON
041, 13:16:46,165,106.3,95290,23.6,6.89, 13:16:46,19.2228,72.9291,286.5,4,115.56,-16.41,-22.85,91.6,142.38,91.08,ASCENT, CXON
041, 13:16:47,166,107.5,95276,23.6,6.89, 13:16:47,19.2225,72.9296,287.7,4,124.39,65.48,-33.59,33.86,152.78,106.01,ASCENT, CXON
041, 13:16:48,167,108.7,95263,23.6,6.88, 13:16:48,19.2225,72.9300,288.9,4,85.2,36.96,20.36,126.76,98.39,-69.34,ASCENT, CXON
041, 13:16:49,168,109.9,95249,23.6,6.88, 13:16:49,19.2225,72.9301,290.1,4,137.92,77.49,-91.54,106.63,99.76,117.51,ASCENT, CXON
041, 13:16:50,169,111.0,95237,23.6,6.88, 13:16:50,19.2229,72.9304,291.2,4,122.16,82.75,-30.63,-132.78,17.18,95.16,ASCENT, CXON
041, 13:16:51,170,112.2,95223,23.5,6.88, 13:16:51,19.2233,72.9302,292.4,4,112.83,35.53,-6.94,-93.89,-78.48,80.36,ASCENT, CXON
041, 13:16:52,171,113.4,95210,23.5,6.87, 13:16:52,19.2230,72.9305,293.6,4,132.66,-53.43,15.92,127.02,123.23,6.99,ASCENT, CXON
041, 13:16:53,172,114.6,95196,23.5,6.87, 13:16:53,19.2228,72.9303,294.8,4,61.68,40.21,-27.43,20.62,-31.2,5.51,ASCENT, CXON
041, 13:16:54,173,115.8,95182,23.5,6.87, 13:16:54,19.2233,72.9302,296.0,4,52.73,26.55,57.47,-110.03,31.11,-49.63,ASCENT, CXON
041, 13:16:55,174,116.9,95170,23.5,6.86, 13:16:55,19.2229,72.9307,297.1,4,143.93,-2.74,13.44,-76.29,89.34,-23.7,ASCENT, CXON
041, 13:16:56,175,118.1,95156,23.5,6.86, 13:16:56,19.2232,72.9312,298.3,4,70.48,-92.43,-59.8,-102.16,-133.23,-143.68,ASCENT, CXON
041, 13:16:57,176,119.3,95143,23.5,6.86, 13:16:57,19.2232,72.9317,299.5,4,149.19,-87.16,19.61,-32.83,-121.63,146.97,ASCENT, CXON
041, 13:16:58,177,120.5,95129,23.5,6.86, 13:16:58,19.2234,72.9322,300.7,4,120.37,-21.38,-10.33,-108.89,149.05,157.35,ASCENT, CXON
041, 13:16:59,178,121.6,95117,23.5,6.85, 13:16:59,19.2232,72.9321,301.8,4,148.33,80.91,67.44,-144.95,91.64,67.07,ASCENT, CXON
041, 13:17:00,179,122.8,95103,23.5,6.85, 13:17:00,19.2229,72.9318,303.0,4,130.59,87.88,35.38,-64.39,29.27,82.53,ASCENT, CXON
041, 13:17:01,180,124.0,95090,23.4,6.85, 13:17:01,19.2227,72.9315,304.2,4,97.76,-66.28,-52.31,-114.19,56.85,-155.96,ASCENT, CXON
041, 13:17:02,181,125.2,95076,23.5,6.85, 13:17:02,19.2223,72.9319,305.4,4,66.47,86.8,73.35,124.39,-115.28,-16.88,ASCENT, CXON
041, 13:17:03,182,126.3,95064,23.4,6.85, 13:17:03,19.2227,72.9321,306.5,4,94.28,-32.04,64.61,-7.19,41.02,-114.31,ASCENT, CXON
041, 13:17:04,183,127.5,95050,23.4,6.84, 13:17:04,19.2229,72.9322,307.7,4,57.37,74.14,-46.72,-28.23,-110.18,-73.25,ASCENT, CXON
041, 13:17:05,184,128.7,95037,23.4,6.84, 13:17:05,19.2227,72.9322,308.9,4,78.17,80.63,-77.17,153.16,-141.81,126.41,ASCENT, CXON
041, 13:17:06,185,129.9,95023,23.4,6.83, 13:17:06,19.2227,72.9321,310.1,4,70.94,-59.68,-27.14,157.13,159.39,136.03,ASCENT, CXON
041, 13:17:07,186,131.1,95009,23.4,6.83, 13:17:07,19.2231,72.9318,311.3,4,127.18,-41.3,95.73,-154.87,98.25,-50.91,ASCENT, CXON
041, 13:17:08,187,132.2,94997,23.3,6.82, 13:17:08,19.2234,72.9319,312.4,4,62.3,-12.95,82.4,-90.16,22.83,-115.82,ASCENT, CXON
041, 13:17:09,188,133.4,94983,23.3,6.82, 13:17:09,19.2236,72.9317,313.6,4,49.51,-82.52,21.71,-1.45,-72.36,-94.07,ASCENT, CXON
041, 13:17:10,189,134.6,94970,23.3,6.82, 13:17:10,19.2239,72.9318,314.8,4,64.27,-86.86,46.54,-29.4,70.93,-142.28,ASCENT, CXON
041, 13:17:11,190,135.8,94956,23.3,6.82, 13:17:11,19.2243,72.9322,316.0,4,99.16,-96.91,82.04,-7.48,119.04,-74.8,ASCENT, CXON
041, 13:17:12,191,136.9,94944,23.3,6.82, 13:17:12,19.2242,72.9319,317.1,4,84.54,18.98,-99.07,6.34,-17.35,5.0,ASCENT, CXON
041, 13:17:13,192,138.1,94930,23.3,6.82, 13:17:13,19.2245,72.9323,318.3,4,78.52,42.24,-23.72,80.42,-140.41,119.3,ASCENT, CXON
041, 13:17:14,193,139.3,94917,23.3,6.82, 13:17:14,19.2246,72.9324,319.5,4,104.48,-95.86,93.49,-88.42,-101.63,-127.14,ASCENT, CXON
041, 13:17:15,194,140.5,94903,23.3,6.82, 13:17:15,19.2242,72.9321,320.7,4,123.88,-60.98,-96.46,31.81,24.47,7.33,ASCENT, CXON
041, 13:17:16,195,141.6,94891,23.3,6.81, 13:17:16,19.2246,72.9323,321.8,4,45.42,-75.39,-1.28,0.24,-70.52,-120.95,ASCENT, CXON
041, 13:17:17,196,142.8,94877,23.3,6.81, 13:17:17,19.2247,72.9327,323.0,4,57.67,14.57,49.32,-107.42,104.32,140.03,ASCENT, CXON
041, 13:17:18,197,144.0,94864,23.3,6.8, 13:17:18,19.2251,72.9328,324.2,4,87.48,88.26,55.38,-51.66,-83.08,-52.77,ASCENT, CXON
041, 13:17:19,198,145.2,94850,23.2,6.8, 13:17:19,19.2254,72.9332,325.4,4,137.81,69.53,-89.29,5.56,146.52,138.99,ASCENT, CXON
041, 13:17:20,199,146.3,94838,23.2,6.8, 13:17:20,19.2256,72.9331,326.5,4,103.7,-86.15,-13.39,1.53,-153.34,-115.39,ASCENT, CXON
041, 13:17:21,200,147.5,94824,23.3,6.8, 13:17:21,19.2260,72.9333,327.7,4,137.11,76.87,76.93,-149.0,45.3,-74.95,ASCENT, CXON
041, 13:17:22,201,148.7,94811,23.3,6.8, 13:17:22,19.2261,72.9337,328.9,4,114.55,-49.88,4.06,-21.22,144.28,-67.99,ASCENT, CXON
041, 13:17:23,202,149.9,94797,23.2,6.8, 13:17:23,19.2258,72.9338,330.1,4,154.73,2.76,-46.32,-10.75,10.83,-112.51,ASCENT, CXON
041, 13:17:24,203,151.0,94785,23.2,6.79, 13:17:24,19.2257,72.9338,331.2,4,74.6,-51.32,-82.43,14.82,108.72,35.18,ASCENT, CXON
041, 13:17:25,204,152.2,94771,23.2,6.79, 13:17:25,19.2255,72.9340,332.4,4,95.31,9.61,22.56,-9.93,-60.64,-82.48,ASCENT, CXON
041, 13:17:26,205,153.4,94758,23.2,6.79, 13:17:26,19.2254,72.9341,333.6,4,41.43,-29.47,72.37,-83.67,18.13,-2.75,ASCENT, CXON
041, 13:17:27,206,154.5,94745,23.2,6.79, 13:17:27,19.2253,72.9344,334.7,4,59.03,-86.64,74.25,-19.2,-140.15,-35.88,ASCENT, CXON
041, 13:17:28,207,155.7,94732,23.1,6.79, 13:17:28,19.2250,72.9342,335.9,4,155.12,47.73,-69.1,-52.15,-47.21,56.11,ASCENT, CXON
041, 13:17:29,208,156.9,94718,23.1,6.79, 13:17:29,19.2253,72.9343,337.1,4,128.65,48.66,51.94,-7.92,91.18,66.74,ASCENT, CXON
041, 13:17:30,209,158.1,94705,23.2,6.78, 13:17:30,19.2257,72.9339,338.3,4,131.88,17.17,-0.42,148.08,23.03,-26.27,ASCENT, CXON
041, 13:17:31,210,159.2,94692,23.2,6.79, 13:17:31,19.2258,72.9338,339.4,4,94.27,-8.42,44.61,-66.27,-34.98,17.71,ASCENT, CXON
041, 13:17:32,211,160.4,94679,23.2,6.78, 13:17:32,19.2261,72.9342,340.6,4,99.95,-11.19,-63.16,-62.71,-113.6,24.14,ASCENT, CXON
041, 13:17:33,212,161.6,94665,23.2,6.78, 13:17:33,19.2265,72.9341,341.8,4,141.21,67.63,91.75,-94.62,-23.54,131.38,ASCENT, CXON
041, 13:17:34,213,162.8,94652,23.1,6.77, 13:17:34,19.2266,72.9341,343.0,4,150.44,54.7,7.7,159.46,5.58,5.53,ASCENT, CXON
041, 13:17:35,214,163.9,94639,23.1,6.77, 13:17:35,19.2265,72.9342,344.1,4,82.13,89.58,35.3,8.08,-128.33,-40.19,ASCENT, CXON
041, 13:17:36,215,165.1,94626,23.1,6.77, 13:17:36,19.2266,72.9346,345.3,4,155.74,-2.66,-11.97,39.87,158.76,-50.15,ASCENT, CXON
041, 13:17:37,216,166.3,94612,23.1,6.77, 13:17:37,19.2264,72.9345,346.5,4,157.41,65.21,2.52,-124.64,126.24,60.76,ASCENT, CXON
041, 13:17:38,217,167.4,94600,23.2,6.77, 13:17:38,19.2268,72.9345,347.6,4,58.77,-42.01,2.32,1.56,-99.81,-101.63,ASCENT, CXON
041, 13:17:39,218,168.6,94587,23.2,6.77, 13:17:39,19.2267,72.9350,348.8,4,116.38,-91.54,-17.72,92.04,-61.84,61.02,ASCENT, CXON
041, 13:17:40,219,169.8,94573,23.1,6.76, 13:17:40,19.2271,72.9351,350.0,4,120.17,-60.67,-0.43,17.04,-74.87,46.98,ASCENT, CXON
041, 13:17:41,220,171.0,94560,23.1,6.76, 13:17:41,19.2272,72.9351,351.2,4,54.58,-68.65,51.9,-125.87,-127.97,-105.43,ASCENT, CXON
041, 13:17:42,221,172.1,94547,23.1,6.76, 13:17:42,19.2274,72.9354,352.3,4,47.45,-97.5,54.12,-56.7,68.95,-46.77,ASCENT, CXON
041, 13:17:43,222,173.3,94534,23.1,6.76, 13:17:43,19.2271,72.9358,353.5,4,109.87,-30.22,-10.03,-36.59,-142.5,124.97,ASCENT, CXON
041, 13:17:44,223,174.5,94520,23.1,6.76, 13:17:44,19.2271,72.9360,354.7,4,69.92,-91.2,86.16,113.51,-59.27,127.64,ASCENT, CXON
041, 13:17:45,224,175.6,94508,23.1,6.76, 13:17:45,19.2272,72.9365,355.8,4,99.47,89.94,-51.41,-35.27,69.91,-89.15,ASCENT, CXON
041, 13:17:46,225,176.8,94494,23.1,6.76, 13:17:46,19.2272,72.9368,357.0,4,69.21,-65.31,-28.32,-100.3,150.9,-66.98,ASCENT, CXON
041, 13:17:47,226,178.0,94481,23.1,6.75, 13:17:47,19.2273,72.9367,358.2,4,88.38,-86.91,-75.34,104.26,-47.6,-81.62,ASCENT, CXON
041, 13:17:48,227,179.2,94467,23.0,6.75, 13:17:48,19.2271,72.9363,359.4,4,119.71,-31.72,-68.82,65.88,-130.36,-73.71,ASCENT, CXON
041, 13:17:49,228,180.3,94455,23.1,6.74, 13:17:49,19.2271,72.9367,360.5,4,136.59,-68.16,-29.42,71.19,-39.39,146.69,ASCENT, CXON
041, 13:17:50,229,181.5,94441,23.0,6.74, 13:17:50,19.2272,72.9365,361.7,4,94.32,-73.81,41.29,-76.56,127.88,28.02,ASCENT, CXON
041, 13:17:51,230,182.7,94428,23.0,6.74, 13:17:51,19.2273,72.9363,362.9,4,144.69,-75.44,2.61,13.63,-73.47,86.96,ASCENT, CXON
041, 13:17:52,231,183.8,94416,23.0,6.74, 13:17:52,19.2274,72.9362,364.0,4,86.79,-82.79,-64.59,112.32,-57.27,52.08,ASCENT, CXON
041, 13:17:53,232,185.0,94402,23.0,6.74, 13:17:53,19.2273,72.9363,365.2,4,75.64,-86.82,-37.75,-87.54,-119.64,69.34,ASCENT, CXON
041, 13:17:54,233,186.2,94389,22.9,6.73, 13:17:54,19.2277,72.9366,366.4,4,145.93,72.26,-73.57,-71.51,-150.54,57.48,ASCENT, CXON
041, 13:17:55,234,187.3,94376,23.0,6.73, 13:17:55,19.2277,72.9368,367.5,4,123.91,-50.32,69.34,-47.32,41.22,-101.87,ASCENT, CXON
041, 13:17:56,235,188.5,94363,22.9,6.73, 13:17:56,19.2280,72.9370,368.7,4,44.85,-92.0,-67.6,-96.61,-63.02,-38.16,ASCENT, CXON
041, 13:17:57,236,189.7,94349,22.9,6.73, 13:17:57,19.2282,72.9368,369.9,4,140.74,14.03,43.33,-78.49,-20.82,58.98,ASCENT, CXON
041, 13:17:58,237,190.9,94336,22.8,6.72, 13:17:58,19.2286,72.9371,371.1,4,74.36,-91.41,70.83,34.36,-144.85,-81.77,ASCENT, CXON
041, 13:17:59,238,192.0,94323,22.8,6.72, 13:17:59,19.2284,72.9375,372.2,4,129.94,-82.77,38.94,-34.04,79.22,105.2,ASCENT, CXON
041, 13:18:00,239,193.2,94310,22.8,6.72, 13:18:00,19.2289,72.9375,373.4,4,151.63,38.32,47.72,105.6,40.99,-15.11,ASCENT, CXON
041, 13:18:01,240,194.4,94297,22.7,6.72, 13:18:01,19.2289,72.9376,374.6,4,151.38,-74.47,52.38,-146.02,64.88,97.83,ASCENT, CXON
041, 13:18:02,241,195.5,94284,22.7,6.71, 13:18:02,19.2294,72.9378,375.7,4,105.27,-50.06,-88.12,-45.5,-28.28,-95.55,ASCENT, CXON
041, 13:18:03,242,196.7,94271,22.7,6.71, 13:18:03,19.2296,72.9380,376.9,4,68.54,-51.66,3.08,-17.59,139.47,-47.53,ASCENT, CXON
041, 13:18:04,243,197.9,94257,22.7,6.71, 13:18:04,19.2293,72.9381,378.1,4,80.03,63.08,9.65,83.37,-105.85,53.29,ASCENT, CXON
041, 13:18:05,244,199.0,94245,22.7,6.71, 13:18:05,19.2296,72.9384,379.2,4,53.74,-42.13,-27.9,-93.94,-140.69,-70.12,ASCENT, CXON
041, 13:18:06,245,200.2,94231,22.6,6.71, 13:18:06,19.2296,72.9381,380.4,4,78.94,-6.27,-27.4,-106.21,-137.02,-156.54,ASCENT, CXON
041, 13:18:07,246,201.4,94218,22.7,6.71, 13:18:07,19.2293,72.9383,381.6,4,157.63,12.73,-78.24,-3.56,-21.04,-99.26,ASCENT, CXON
041, 13:18:08,247,202.5,94206,22.7,6.7, 13:18:08,19.2297,72.9385,382.7,4,115.33,87.05,30.52,-79.55,-81.28,-115.63,ASCENT, CXON
041, 13:18:09,248,203.7,94192,22.6,6.7, 13:18:09,19.2301,72.9384,383.9,4,62.29,27.62,69.14,136.55,-106.09,91.08,ASCENT, CXON
041, 13:18:10,249,204.9,94179,22.7,6.7, 13:18:10,19.2300,72.9382,385.1,4,139.04,-35.97,-26.29,16.36,-41.83,106.05,ASCENT, CXON
041, 13:18:11,250,206.0,94166,22.6,6.69, 13:18:11,19.2301,72.9384,386.2,5,138.37,41.11,81.04,142.38,-1.8,-0.15,ASCENT, CXON
041, 13:18:12,251,207.2,94153,22.6,6.69, 13:18:12,19.2302,72.9381,387.4,5,122.56,-67.27,-11.36,150.34,-131.31,-147.22,ASCENT, CXON
041, 13:18:13,252,208.4,94139,22.6,6.69, 13:18:13,19.2305,72.9377,388.6,5,140.9,71.07,57.38,-23.86,-69.36,51.72,ASCENT, CXON
041, 13:18:14,253,209.5,94127,22.6,6.68, 13:18:14,19.2304,72.9377,389.7,5,119.93,65.21,80.8,-107.37,-65.36,-18.19,ASCENT, CXON
041, 13:18:15,254,210.7,94114,22.6,6.68, 13:18:15,19.2302,72.9374,390.9,5,78.84,-7.91,94.26,130.79,116.93,151.8,ASCENT, CXON
041, 13:18:16,255,211.9,94100,22.6,6.68, 13:18:16,19.2305,72.9371,392.1,5,121.17,21.83,-40.59,22.76,144.9,-6.17,ASCENT, CXON
041, 13:18:17,256,213.0,94088,22.6,6.67, 13:18:17,19.2304,72.9375,393.2,5,43.34,-62.23,35.74,-16.85,-132.73,51.35,ASCENT, CXON
041, 13:18:18,257,214.2,94074,22.6,6.67, 13:18:18,19.2304,72.9376,394.4,5,107.78,-20.73,-77.15,-102.24,124.8,15.4,ASCENT, CXON
041, 13:18:19,258,215.4,94061,22.6,6.67, 13:18:19,19.2302,72.9373,395.6,5,103.69,-49.69,-2.14,17.29,-87.5,23.27,ASCENT, CXON
041, 13:18:20,259,216.5,94049,22.5,6.67, 13:18:20,19.2303,72.9370,396.7,5,88.96,-85.31,-12.09,116.31,16.18,68.67,ASCENT, CXON
041, 13:18:21,260,217.7,94035,22.5,6.67, 13:18:21,19.2308,72.9372,397.9,5,52.25,66.04,-21.61,-105.2,147.21,20.17,ASCENT, CXON
041, 13:18:22,261,218.9,94022,22.6,6.66, 13:18:22,19.2311,72.9369,399.1,5,68.43,-25.53,-96.97,30.18,-91.8,-64.02,ASCENT, CXON
041, 13:18:23,262,220.0,94009,22.6,6.66, 13:18:23,19.2315,72.9371,400.2,5,144.66,12.59,83.5,118.65,-106.24,78.54,ASCENT, CXON
041, 13:18:24,263,221.2,93996,22.6,6.66, 13:18:24,19.2317,72.9374,401.4,5,54.73,-25.4,47.45,143.37,70.97,-146.08,ASCENT, CXON
041, 13:18:25,264,222.4,93983,22.6,6.65, 13:18:25,19.2318,72.9377,402.6,5,53.56,85.07,35.04,-78.53,-98.19,-17.03,ASCENT, CXON
041, 13:18:26,265,223.5,93970,22.6,6.65, 13:18:26,19.2315,72.9373,403.7,5,53.25,60.14,-62.95,17.36,-67.19,59.89,ASCENT, CXON
041, 13:18:27,266,224.7,93957,22.6,6.65, 13:18:27,19.2319,72.9374,404.9,5,122.74,61.64,89.75,-155.58,-50.44,-111.7,ASCENT, CXON
041, 13:18:28,267,225.9,93943,22.6,6.65, 13:18:28,19.2322,72.9370,406.1,5,61.87,63.66,35.9,-34.38,-7.76,-109.35,ASCENT, CXON
041, 13:18:29,268,227.0,93931,22.6,6.64, 13:18:29,19.2326,72.9371,407.2,5,49.11,-34.15,-56.74,126.08,28.55,-146.03,ASCENT, CXON
041, 13:18:30,269,228.2,93918,22.6,6.64, 13:18:30,19.2326,72.9372,408.4,5,86.55,-29.26,-98.8,25.33,-53.19,-153.44,ASCENT, CXON
041, 13:18:31,270,229.4,93904,22.5,6.64, 13:18:31,19.2322,72.9369,409.6,5,120.52,-45.47,-45.33,0.0,-76.14,22.07,ASCENT, CXON
041, 13:18:32,271,230.5,93892,22.5,6.64, 13:18:32,19.2327,72.9365,410.7,5,107.28,54.18,74.48,87.78,42.59,43.08,ASCENT, CXON
041, 13:18:33,272,231.7,93878,22.5,6.64, 13:18:33,19.2330,72.9369,411.9,5,152.64,36.27,-39.2,84.27,76.65,2.85,ASCENT, CXON
041, 13:18:34,273,232.8,93866,22.5,6.64, 13:18:34,19.2331,72.9369,413.0,5,47.25,-32.56,-35.36,156.29,-5.93,-42.47,ASCENT, CXON
041, 13:18:35,274,234.0,93853,22.5,6.63, 13:18:35,19.2330,72.9366,414.2,5,40.87,74.2,-9.37,-17.43,21.99,-63.23,ASCENT, CXON
041, 13:18:36,275,235.2,93839,22.5,6.63, 13:18:36,19.2329,72.9365,415.4,5,127.2,10.25,87.49,-51.05,134.79,26.67,ASCENT, CXON
041, 13:18:37,276,236.3,93827,22.4,6.62, 13:18:37,19.2330,72.9370,416.5,5,82.84,54.89,-14.35,117.86,-138.32,-4.95,ASCENT, CXON
041, 13:18:38,277,237.5,93814,22.5,6.62, 13:18:38,19.2328,72.9366,417.7,5,59.75,-46.39,40.88,-90.14,-32.14,-95.89,ASCENT, CXON
041, 13:18:39,278,238.7,93800,22.5,6.62, 13:18:39,19.2330,72.9364,418.9,5,128.07,92.63,20.2,-134.62,99.03,120.17,ASCENT, CXON
041, 13:18:40,279,239.8,93788,22.4,6.61, 13:18:40,19.2328,72.9365,420.0,5,145.05,27.98,84.58,-92.09,-55.44,79.78,ASCENT, CXON
041, 13:18:41,280,241.0,93774,22.5,6.61, 13:18:41,19.2330,72.9364,421.2,5,46.89,-17.15,-90.91,40.42,-52.95,-1.8,ASCENT, CXON
041, 13:18:42,281,242.2,93761,22.5,6.61, 13:18:42,19.2330,72.9360,422.4,5,151.03,12.83,97.5,-142.07,36.47,71.72,ASCENT, CXON
041, 13:18:43,282,243.3,93749,22.4,6.6, 13:18:43,19.2327,72.9357,423.5,5,132.06,-82.03,62.8,-24.57,12.37,28.32,ASCENT, CXON
041, 13:18:44,283,244.5,93735,22.4,6.6, 13:18:44,19.2328,72.9356,424.7,5,128.93,-48.43,42.29,84.26,88.32,-61.04,ASCENT, CXON
041, 13:18:45,284,245.6,93723,22.5,6.6, 13:18:45,19.2328,72.9355,425.8,5,102.8,88.19,-73.63,-157.11,-7.76,49.72,ASCENT, CXON
041, 13:18:46,285,246.8,93710,22.5,6.6, 13:18:46,19.2333,72.9353,427.0,5,130.79,-82.02,-94.41,-117.07,-140.75,0.59,ASCENT, CXON
041, 13:18:47,286,248.0,93696,22.5,6.6, 13:18:47,19.2337,72.9352,428.2,5,57.92,-64.51,47.55,134.87,-108.13,-150.71,ASCENT, CXON
041, 13:18:48,287,249.1,93684,22.5,6.6, 13:18:48,19.2342,72.9352,429.3,5,116.34,-31.15,60.11,-12.77,-56.37,129.12,ASCENT, CXON
041, 13:18:49,288,250.3,93670,22.5,6.6, 13:18:49,19.2339,72.9354,430.5,5,88.22,72.81,-88.0,20.54,-28.82,134.12,ASCENT, CXON
041, 13:18:50,289,251.5,93657,22.5,6.6, 13:18:50,19.2337,72.9352,431.7,5,71.48,-13.24,-53.72,-94.97,82.93,45.67,ASCENT, CXON
041, 13:18:51,290,252.6,93645,22.5,6.6, 13:18:51,19.2335,72.9353,432.8,5,58.81,72.61,73.85,-74.47,80.49,103.31,ASCENT, CXON
041, 13:18:52,291,253.8,93631,22.4,6.6, 13:18:52,19.2335,72.9357,434.0,5,59.39,36.55,19.52,-15.02,25.35,122.51,ASCENT, CXON
041, 13:18:53,292,254.9,93619,22.4,6.6, 13:18:53,19.2334,72.9360,435.1,5,143.6,-63.54,72.79,158.34,-64.77,-152.18,ASCENT, CXON
041, 13:18:54,293,256.1,93606,22.4,6.6, 13:18:54,19.2330,72.9364,436.3,5,58.1,47.2,-80.49,-106.0,58.49,-131.13,ASCENT, CXON
041, 13:18:55,294,257.3,93592,22.4,6.6, 13:18:55,19.2332,72.9368,437.5,5,157.56,-93.42,-53.08,93.48,60.63,-147.88,ASCENT, CXON
041, 13:18:56,295,258.4,93580,22.3,6.6, 13:18:56,19.2332,72.9365,438.6,5,42.39,98.16,-36.7,121.14,-121.45,-4.05,ASCENT, CXON
041, 13:18:57,296,259.6,93567,22.3,6.6, 13:18:57,19.2330,72.9367,439.8,5,57.75,47.64,0.15,-124.04,-46.86,-1.19,ASCENT, CXON
041, 13:18:58,297,260.7,93554,22.3,6.6, 13:18:58,19.2328,72.9372,440.9,5,145.98,46.28,-45.41,-103.29,-75.31,-137.95,ASCENT, CXON
041, 13:18:59,298,261.9,93541,22.3,6.6, 13:18:59,19.2328,72.9373,442.1,5,83.51,-97.88,37.63,49.0,14.07,15.62,ASCENT, CXON
041, 13:19:00,299,263.1,93528,22.3,6.6, 13:19:00,19.2332,72.9375,443.3,5,87.91,-36.35,-16.17,151.34,-36.14,-36.67,ASCENT, CXON
041, 13:19:01,300,264.2,93515,22.3,6.6, 13:19:01,19.2337,72.9371,444.4,5,112.94,85.26,-49.07,35.49,-39.37,-82.96,ASCENT, CXON
041, 13:19:02,301,265.4,93502,22.3,6.6, 13:19:02,19.2341,72.9374,445.6,5,149.02,-90.1,38.84,-56.2,46.79,15.66,ASCENT, CXON
041, 13:19:03,302,266.5,93490,22.2,6.6, 13:19:03,19.2337,72.9377,446.7,5,142.42,2.03,18.46,158.32,-84.98,41.44,ASCENT, CXON
041, 13:19:04,303,267.7,93476,22.3,6.6, 13:19:04,19.2339,72.9377,447.9,5,103.15,22.56,35.44,-56.92,41.25,13.78,ASCENT, CXON
041, 13:19:05,304,268.9,93463,22.2,6.6, 13:19:05,19.2337,72.9381,449.1,5,96.79,44.31,4.41,-7.48,-89.21,-114.53,ASCENT, CXON
041, 13:19:06,305,270.0,93451,22.3,6.6, 13:19:06,19.2338,72.9382,450.2,5,137.6,-52.27,-65.53,103.0,-12.7,44.97,ASCENT, CXON
041, 13:19:07,306,271.2,93437,22.3,6.6, 13:19:07,19.2342,72.9378,451.4,5,85.75,66.42,63.55,-120.63,-110.77,-79.53,ASCENT, CXON
041, 13:19:08,307,272.3,93425,22.2,6.6, 13:19:08,19.2345,72.9379,452.5,5,94.34,-82.4,-20.89,159.03,62.41,-16.22,ASCENT, CXON
041, 13:19:09,308,273.5,93412,22.2,6.6, 13:19:09,19.2348,72.9376,453.7,5,121.62,-26.61,4.14,-83.96,-41.35,-51.17,ASCENT, CXON
041, 13:19:10,309,274.7,93398,22.2,6.6, 13:19:10,19.2346,72.9377,454.9,5,46.93,-64.31,43.64,-72.13,-56.32,-82.61,ASCENT, CXON
041, 13:19:11,310,275.8,93386,22.2,6.6, 13:19:11,19.2348,72.9381,456.0,5,64.2,-15.37,58.46,37.72,-41.08,-145.95,ASCENT, CXON
041, 13:19:12,311,277.0,93373,22.2,6.6, 13:19:12,19.2350,72.9380,457.2,5,88.95,29.64,62.17,-47.25,-36.69,25.18,ASCENT, CXON
041, 13:19:13,312,278.1,93360,22.3,6.6, 13:19:13,19.2355,72.9382,458.3,5,84.68,33.12,-34.11,-137.35,81.93,-38.59,ASCENT, CXON
041, 13:19:14,313,279.3,93347,22.3,6.6, 13:19:14,19.2359,72.9385,459.5,5,43.07,18.56,-7.49,-12.1,108.67,-27.23,ASCENT, CXON
041, 13:19:15,314,280.4,93335,22.3,6.6, 13:19:15,19.2359,72.9385,460.6,5,101.42,64.93,34.08,76.94,-31.46,-147.01,ASCENT, CXON
041, 13:19:16,315,281.6,93321,22.3,6.6, 13:19:16,19.2362,72.9388,461.8,5,54.17,-55.86,-84.57,101.59,-127.45,-131.76,ASCENT, CXON
041, 13:19:17,316,282.8,93308,22.3,6.6, 13:19:17,19.2358,72.9390,463.0,5,125.33,-3.44,-89.04,61.12,-26.26,26.86,ASCENT, CXON
041, 13:19:18,317,283.9,93296,22.3,6.6, 13:19:18,19.2362,72.9387,464.1,5,80.12,3.64,-98.79,156.38,-72.11,-76.05,ASCENT, CXON
041, 13:19:19,318,285.1,93282,22.3,6.6, 13:19:19,19.2366,72.9388,465.3,5,101.32,-15.96,-89.77,-62.56,117.37,96.63,ASCENT, CXON
041, 13:19:20,319,286.2,93270,22.3,6.6, 13:19:20,19.2364,72.9384,466.4,5,104.42,-25.24,-7.16,-3.52,26.81,-42.97,ASCENT, CXON
041, 13:19:21,320,287.4,93257,22.4,6.6, 13:19:21,19.2368,72.9385,467.6,5,46.14,-37.15,6.62,-29.14,20.78,-56.46,ASCENT, CXON
041, 13:19:22,321,288.6,93244,22.3,6.6, 13:19:22,19.2367,72.9387,468.8,5,136.3,18.42,-9.08,139.15,-17.64,120.98,ASCENT, CXON
041, 13:19:23,322,289.7,93231,22.3,6.6, 13:19:23,19.2369,72.9383,469.9,5,143.52,-85.61,19.26,-102.35,135.17,19.54,ASCENT, CXON
041, 13:19:24,323,290.9,93218,22.3,6.6, 13:19:24,19.2371,72.9385,471.1,5,75.39,-57.79,67.66,-113.35,133.71,-93.79,ASCENT, CXON
041, 13:19:25,324,292.0,93206,22.3,6.6, 13:19:25,19.2374,72.9390,472.2,5,89.76,31.78,-48.48,129.88,59.49,-110.45,ASCENT, CXON
041, 13:19:26,325,293.2,93192,22.2,6.6, 13:19:26,19.2370,72.9394,473.4,5,75.24,-53.47,16.41,-58.01,19.38,-110.72,ASCENT, CXON
041, 13:19:27,326,294.3,93180,22.3,6.6, 13:19:27,19.2374,72.9391,474.5,5,135.92,96.02,-21.7,-149.46,-38.41,45.05,ASCENT, CXON
041, 13:19:28,327,295.5,93167,22.2,6.6, 13:19:28,19.2371,72.9391,475.7,5,127.39,-14.03,35.78,-123.4,105.12,-120.92,ASCENT, CXON
041, 13:19:29,328,296.6,93155,22.3,6.6, 13:19:29,19.2375,72.9392,476.8,5,74.89,-30.41,50.07,-1.1,137.55,-130.24,ASCENT, CXON
041, 13:19:30,329,297.8,93141,22.3,6.6, 13:19:30,19.2376,72.9393,478.0,5,50.61,-72.06,-45.77,125.78,110.53,-87.3,ASCENT, CXON
041, 13:19:31,330,299.0,93128,22.3,6.6, 13:19:31,19.2377,72.9398,479.2,5,81.32,88.88,31.31,-143.98,-53.4,-16.12,ASCENT, CXON
041, 13:19:32,331,300.1,93116,22.3,6.6, 13:19:32,19.2375,72.9401,480.3,5,75.79,-86.12,11.84,-129.39,16.5,92.16,ASCENT, CXON
041, 13:19:33,332,301.3,93102,22.3,6.6, 13:19:33,19.2371,72.9402,481.5,5,51.67,29.36,-73.61,24.96,-47.08,-40.09,ASCENT, CXON
041, 13:19:34,333,302.4,93090,22.3,6.6, 13:19:34,19.2369,72.9406,482.6,5,79.8,68.46,74.69,-6.32,-112.31,-129.92,ASCENT, CXON
041, 13:19:35,334,303.6,93077,22.3,6.6, 13:19:35,19.2369,72.9407,483.8,5,54.11,-6.44,-67.19,11.35,2.17,-42.59,ASCENT, CXON
041, 13:19:36,335,304.7,93065,22.3,6.6, 13:19:36,19.2367,72.9404,484.9,5,68.79,74.31,0.36,124.99,-155.16,141.86,ASCENT, CXON
041, 13:19:37,336,305.9,93051,22.3,6.6, 13:19:37,19.2368,72.9406,486.1,5,67.51,50.01,-69.27,-75.46,-150.11,-34.15,ASCENT, CXON
041, 13:19:38,337,307.1,93038,22.3,6.6, 13:19:38,19.2372,72.9403,487.3,5,109.42,-53.22,19.06,90.88,67.45,-140.12,ASCENT, CXON
041, 13:19:39,338,308.2,93026,22.2,6.6, 13:19:39,19.2377,72.9399,488.4,5,114.19,38.37,62.93,-50.54,99.38,-12.23,ASCENT, CXON
041, 13:19:40,339,309.4,93012,22.3,6.6, 13:19:40,19.2381,72.9399,489.6,5,88.85,-82.39,-51.03,74.8,57.22,-111.6,ASCENT, CXON
041, 13:19:41,340,310.5,93000,22.2,6.6, 13:19:41,19.2379,72.9397,490.7,5,79.73,95.2,99.46,93.31,-6.49,-0.85,ASCENT, CXON
041, 13:19:42,341,311.7,92987,22.3,6.6, 13:19:42,19.2382,72.9399,491.9,5,63.88,25.03,69.15,91.72,-130.44,69.58,ASCENT, CXON
041, 13:19:43,342,312.8,92975,22.2,6.6, 13:19:43,19.2387,72.9401,493.0,5,129.47,-73.01,65.69,139.88,129.53,78.39,ASCENT, CXON
041, 13:19:44,343,314.0,92961,22.3,6.6, 13:19:44,19.2388,72.9401,494.2,5,139.02,56.89,74.16,-64.33,147.5,10.13,ASCENT, CXON
041, 13:19:45,344,315.1,92949,22.3,6.6, 13:19:45,19.2393,72.9404,495.3,5,70.24,67.67,-53.58,-96.64,-13.47,-84.27,ASCENT, CXON
041, 13:19:46,345,316.3,92936,22.3,6.6, 13:19:46,19.2395,72.9406,496.5,5,87.04,56.77,58.73,58.51,141.35,104.25,ASCENT, CXON
041, 13:19:47,346,317.4,92923,22.3,6.6, 13:19:47,19.2397,72.9410,497.6,5,80.75,18.97,67.26,93.74,-158.56,-3.5,ASCENT, CXON
041, 13:19:48,347,318.6,92910,22.2,6.6, 13:19:48,19.2400,72.9410,498.8,5,112.57,-8.5,-32.92,-91.63,-46.81,110.25,ASCENT, CXON
041, 13:19:49,348,319.8,92897,22.2,6.6, 13:19:49,19.2397,72.9408,500.0,5,124.14,-11.59,32.2,98.28,-121.37,58.54,ASCENT, CXON
041, 13:19:50,349,320.9,92885,22.2,6.6, 13:19:50,19.2395,72.9406,501.1,5,154.92,-27.53,-55.16,124.75,35.28,126.05,ASCENT, CXON
041, 13:19:51,350,322.1,92871,22.2,6.6, 13:19:51,19.2400,72.9407,502.3,5,158.63,-62.11,66.13,-108.09,8.7,-159.89,ASCENT, CXON
041, 13:19:52,351,323.2,92859,22.2,6.6, 13:19:52,19.2400,72.9410,503.4,5,70.1,-29.54,-79.82,16.86,115.92,4.44,ASCENT, CXON
041, 13:19:53,352,324.4,92846,22.1,6.6, 13:19:53,19.2404,72.9412,504.6,5,49.11,24.8,-11.18,146.51,-44.22,51.57,ASCENT, CXON
041, 13:19:54,353,325.5,92834,22.1,6.6, 13:19:54,19.2405,72.9414,505.7,5,148.86,-0.38,-27.26,152.38,-141.77,107.14,ASCENT, CXON
041, 13:19:55,354,326.7,92820,22.2,6.6, 13:19:55,19.2405,72.9417,506.9,5,146.93,45.77,49.96,-148.77,-55.94,-116.16,ASCENT, CXON
041, 13:19:56,355,327.8,92808,22.2,6.6, 13:19:56,19.2402,72.9418,508.0,5,109.21,-90.67,-21.56,79.16,45.28,-70.12,ASCENT, CXON
041, 13:19:57,356,329.0,92795,22.2,6.6, 13:19:57,19.2403,72.9418,509.2,5,157.38,29.76,60.98,56.48,-38.24,148.17,ASCENT, CXON
041, 13:19:58,357,330.1,92783,22.2,6.6, 13:19:58,19.2401,72.9415,510.3,5,109.02,65.18,58.73,-48.88,-115.24,5.12,ASCENT, CXON
041, 13:19:59,358,331.3,92769,22.3,6.6, 13:19:59,19.2404,72.9413,511.5,5,77.44,-89.3,-40.47,-37.45,149.42,147.88,ASCENT, CXON
041, 13:20:00,359,332.4,92757,22.2,6.6, 13:20:00,19.2408,72.9411,512.6,5,78.51,-12.34,-78.31,-76.73,-33.93,-36.63,ASCENT, CXON
041, 13:20:01,360,333.6,92744,22.3,6.6, 13:20:01,19.2406,72.9415,513.8,5,94.03,67.42,27.42,89.17,-59.28,-111.34,ASCENT, CXON
041, 13:20:02,361,334.7,92732,22.3,6.6, 13:20:02,19.2407,72.9417,514.9,5,130.32,-44.92,-27.45,133.6,9.39,-67.72,ASCENT, CXON
041, 13:20:03,362,335.9,92718,22.3,6.6, 13:20:03,19.2410,72.9413,516.1,5,139.2,13.29,-29.27,140.78,-75.03,-82.12,ASCENT, CXON
041, 13:20:04,363,337.1,92705,22.2,6.6, 13:20:04,19.2413,72.9415,517.3,5,89.53,61.55,-77.75,-61.78,46.33,149.53,ASCENT, CXON
041, 13:20:05,364,338.2,92693,22.2,6.6, 13:20:05,19.2416,72.9415,518.4,5,152.84,48.49,-31.65,-34.38,97.83,-48.09,ASCENT, CXON
041, 13:20:06,365,339.4,92680,22.2,6.6, 13:20:06,19.2417,72.9416,519.6,5,120.33,80.3,-73.29,-51.61,-138.9,-27.77,ASCENT, CXON
041, 13:20:07,366,340.5,92667,22.2,6.6, 13:20:07,19.2419,72.9417,520.7,5,88.44,14.74,-45.24,110.33,92.31,108.29,ASCENT, CXON
041, 13:20:08,367,341.7,92654,22.2,6.6, 13:20:08,19.2422,72.9418,521.9,5,147.8,79.76,48.6,102.71,47.63,121.17,ASCENT, CXON
041, 13:20:09,368,342.8,92642,22.1,6.6, 13:20:09,19.2424,72.9420,523.0,5,73.01,-86.54,20.67,103.76,-72.63,-91.81,ASCENT, CXON
041, 13:20:10,369,344.0,92629,22.1,6.6, 13:20:10,19.2426,72.9425,524.2,5,136.25,-28.06,39.89,-136.9,108.35,-55.95,ASCENT, CXON
041, 13:20:11,370,345.1,92617,22.0,6.6, 13:20:11,19.2423,72.9423,525.3,5,47.09,-10.86,10.98,98.36,-147.33,104.77,ASCENT, CXON
041, 13:20:12,371,346.3,92603,22.0,6.6, 13:20:12,19.2425,72.9422,526.5,5,79.72,13.69,-56.43,93.91,-93.13,108.61,ASCENT, CXON
041, 13:20:13,372,347.4,92591,22.0,6.6, 13:20:13,19.2421,72.9425,527.6,5,43.4,0.93,-15.22,-139.82,41.6,71.85,ASCENT, CXON
041, 13:20:14,373,348.6,92578,22.0,6.6, 13:20:14,19.2422,72.9426,528.8,5,67.15,73.53,99.14,97.33,147.63,-54.58,ASCENT, CXON
041, 13:20:15,374,349.7,92566,22.1,6.6, 13:20:15,19.2422,72.9423,529.9,5,94.48,36.53,41.68,-14.51,-50.66,-99.23,ASCENT, CXON
041, 13:20:16,375,350.9,92552,22.1,6.6, 13:20:16,19.2420,72.9426,531.1,5,101.95,-12.28,-60.46,65.2,-97.05,-75.01,ASCENT, CXON
041, 13:20:17,376,352.0,92540,22.1,6.6, 13:20:17,19.2425,72.9429,532.2,5,153.8,83.99,44.51,70.24,-139.93,-94.19,ASCENT, CXON
041, 13:20:18,377,353.2,92527,22.0,6.6, 13:20:18,19.2427,72.9431,533.4,5,71.65,-28.92,-67.27,42.31,157.27,-62.16,ASCENT, CXON
041, 13:20:19,378,354.3,92515,22.0,6.6, 13:20:19,19.2426,72.9435,534.5,5,136.54,-8.99,-79.57,-125.86,-110.76,88.79,ASCENT, CXON
041, 13:20:20,379,355.5,92501,22.0,6.6, 13:20:20,19.2430,72.9438,535.7,5,97.15,64.38,-74.34,-125.16,20.29,2.54,ASCENT, CXON
041, 13:20:21,380,356.6,92489,21.9,6.6, 13:20:21,19.2426,72.9442,536.8,5,125.23,89.06,96.11,-20.24,74.37,-37.07,ASCENT, CXON
041, 13:20:22,381,357.8,92476,22.0,6.6, 13:20:22,19.2423,72.9438,538.0,5,65.68,17.07,-24.22,-157.08,105.7,91.53,ASCENT, CXON
041, 13:20:23,382,358.9,92464,21.9,6.6, 13:20:23,19.2427,72.9439,539.1,5,48.52,-35.33,24.92,123.3,-4.95,44.63,ASCENT, CXON
041, 13:20:24,383,360.1,92451,21.9,6.6, 13:20:24,19.2431,72.9438,540.3,5,52.48,18.24,-74.75,-96.03,-13.95,27.37,ASCENT, CXON
041, 13:20:25,384,361.2,92438,21.9,6.6, 13:20:25,19.2431,72.9435,541.4,5,126.94,-89.25,-5.87,-31.93,55.33,68.4,ASCENT, CXON
041, 13:20:26,385,362.4,92425,21.9,6.6, 13:20:26,19.2433,72.9435,542.6,5,57.01,81.81,19.81,-139.92,-83.65,155.79,ASCENT, CXON
041, 13:20:27,386,363.5,92413,21.9,6.6, 13:20:27,19.2436,72.9438,543.7,5,116.07,48.32,-92.34,-129.98,152.37,96.87,ASCENT, CXON
041, 13:20:28,387,364.7,92400,21.8,6.6, 13:20:28,19.2434,72.9442,544.9,5,66.35,34.38,86.07,44.36,134.17,-75.85,ASCENT, CXON
041, 13:20:29,388,365.8,92388,21.8,6.6, 13:20:29,19.2437,72.9439,546.0,5,156.78,42.0,-62.61,98.26,-107.9,3.88,ASCENT, CXON
041, 13:20:30,389,367.0,92374,21.7,6.6, 13:20:30,19.2441,72.9443,547.2,5,40.27,70.28,11.18,102.83,0.79,38.35,ASCENT, CXON
041, 13:20:31,390,368.1,92362,21.7,6.6, 13:20:31,19.2438,72.9439,548.3,5,105.46,-41.81,-20.61,-157.56,78.4,-152.3,ASCENT, CXON
041, 13:20:32,391,369.3,92349,21.8,6.6, 13:20:32,19.2438,72.9436,549.5,5,118.01,-58.57,-14.19,-124.67,152.47,14.76,ASCENT, CXON
041, 13:20:33,392,370.4,92337,21.7,6.6, 13:20:33,19.2441,72.9440,550.6,5,141.8,-79.72,-26.48,-63.13,83.97,-112.7,ASCENT, CXON
041, 13:20:34,393,371.6,92324,21.8,6.6, 13:20:34,19.2444,72.9436,551.8,5,49.0,-77.27,38.49,31.6,6.44,-14.2,ASCENT, CXON
041, 13:20:35,394,372.7,92311,21.7,6.6, 13:20:35,19.2446,72.9440,552.9,5,127.92,59.31,82.57,107.9,69.33,-150.2,ASCENT, CXON
041, 13:20:36,395,373.9,92298,21.7,6.6, 13:20:36,19.2446,72.9444,554.1,5,61.58,88.55,-11.65,66.08,-79.15,-63.83,ASCENT, CXON
041, 13:20:37,396,375.0,92286,21.7,6.6, 13:20:37,19.2443,72.9444,555.2,5,157.7,30.8,86.44,83.95,107.78,158.16,ASCENT, CXON
041, 13:20:38,397,376.2,92273,21.7,6.6, 13:20:38,19.2441,72.9444,556.4,5,42.51,-53.84,77.26,134.69,-54.81,86.53,ASCENT, CXON
041, 13:20:39,398,377.3,92261,21.8,6.6, 13:20:39,19.2444,72.9445,557.5,5,52.58,65.09,-37.27,40.63,-42.52,11.93,ASCENT, CXON
041, 13:20:40,399,378.5,92247,21.8,6.6, 13:20:40,19.2445,72.9447,558.7,5,104.61,87.59,-18.5,132.41,60.73,149.58,ASCENT, CXON
041, 13:20:41,400,379.6,92235,21.8,6.6, 13:20:41,19.2444,72.9451,559.8,5,41.64,-47.96,43.16,156.7,-103.59,-19.84,ASCENT, CXON
041, 13:20:42,401,380.8,92222,21.8,6.6, 13:20:42,19.2447,72.9454,561.0,5,69.82,-48.57,-94.46,61.17,-93.05,-76.95,ASCENT, CXON
041, 13:20:43,402,381.9,92210,21.8,6.6, 13:20:43,19.2448,72.9456,562.1,5,111.74,38.98,-39.22,-139.54,-138.59,-155.35,ASCENT, CXON
041, 13:20:44,403,383.1,92197,21.8,6.6, 13:20:44,19.2445,72.9456,563.3,5,156.35,37.51,-45.31,86.22,-103.07,-127.97,ASCENT, CXON
041, 13:20:45,404,384.2,92185,21.8,6.6, 13:20:45,19.2447,72.9456,564.4,5,127.4,-81.03,86.46,-50.45,106.33,-150.18,ASCENT, CXON
041, 13:20:46,405,385.4,92171,21.8,6.6, 13:20:46,19.2451,72.9459,565.6,5,120.49,-44.47,-98.04,-99.22,129.56,-109.43,ASCENT, CXON
041, 13:20:47,406,386.5,92159,21.8,6.6, 13:20:47,19.2453,72.9457,566.7,5,57.24,-80.58,96.54,-37.44,48.71,22.28,ASCENT, CXON
041, 13:20:48,407,387.7,92146,21.8,6.6, 13:20:48,19.2449,72.9461,567.9,5,55.61,92.62,-27.27,71.25,-115.72,92.15,ASCENT, CXON
041, 13:20:49,408,388.8,92134,21.7,6.6, 13:20:49,19.2450,72.9458,569.0,5,69.8,59.19,-42.94,-38.15,84.73,-88.33,ASCENT, CXON
041, 13:20:50,409,390.0,92121,21.7,6.6, 13:20:50,19.2449,72.9457,570.2,5,116.97,-5.64,73.93,-143.82,52.36,107.66,ASCENT, CXON
041, 13:20:51,410,391.1,92109,21.7,6.6, 13:20:51,19.2449,72.9454,571.3,5,95.19,42.3,-81.25,-122.31,-6.55,-104.38,ASCENT, CXON
041, 13:20:52,411,392.3,92095,21.7,6.6, 13:20:52,19.2446,72.9451,572.5,5,83.34,-6.17,87.32,17.53,-137.11,-88.83,ASCENT, CXON
041, 13:20:53,412,393.4,92083,21.7,6.6, 13:20:53,19.2450,72.9456,573.6,5,142.95,-77.99,88.74,7.95,-83.28,-105.39,ASCENT, CXON
041, 13:20:54,413,394.6,92070,21.7,6.6, 13:20:54,19.2447,72.9454,574.8,5,150.89,-7.81,46.27,-136.18,-15.04,-58.3,ASCENT, CXON
041, 13:20:55,414,395.7,92058,21.7,6.6, 13:20:55,19.2446,72.9451,575.9,5,158.1,-3.68,-64.01,-156.52,48.95,4.69,ASCENT, CXON
041, 13:20:56,415,396.9,92045,21.6,6.6, 13:20:56,19.2449,72.9452,577.1,5,68.09,-0.2,20.99,48.36,-113.59,97.16,ASCENT, CXON
041, 13:20:57,416,398.0,92033,21.7,6.6, 13:20:57,19.2453,72.9451,578.2,5,148.33,-63.65,-54.62,31.35,128.51,-133.77,ASCENT, CXON
041, 13:20:58,417,399.2,92019,21.6,6.6, 13:20:58,19.2453,72.9448,579.4,5,62.98,49.79,16.66,140.62,-31.36,57.32,ASCENT, CXON
041, 13:20:59,418,400.3,92007,21.6,6.6, 13:20:59,19.2451,72.9448,580.5,5,101.4,89.66,-1.58,157.39,38.79,-90.76,ASCENT, CXON
041, 13:21:00,419,401.5,91994,21.6,6.6, 13:21:00,19.2456,72.9448,581.7,5,67.15,92.24,-35.64,-29.77,-50.19,53.97,ASCENT, CXON
041, 13:21:01,420,402.6,91982,21.6,6.6, 13:21:01,19.2453,72.9451,582.8,5,40.02,21.51,-48.43,-14.67,19.8,67.75,ASCENT, CXON
041, 13:21:02,421,403.8,91969,21.5,6.6, 13:21:02,19.2450,72.9456,584.0,5,57.9,-72.58,4.44,26.05,123.69,-141.78,ASCENT, CXON
041, 13:21:03,422,404.9,91957,21.5,6.6, 13:21:03,19.2451,72.9456,585.1,5,89.07,77.67,32.34,115.27,146.22,-73.94,ASCENT, CXON
041, 13:21:04,423,406.1,91943,21.5,6.6, 13:21:04,19.2447,72.9460,586.3,5,52.49,-96.5,-42.07,-67.53,149.41,118.54,ASCENT, CXON
041, 13:21:05,424,407.2,91931,21.5,6.6, 13:21:05,19.2451,72.9463,587.4,5,118.41,2.56,-76.68,-82.0,50.6,27.61,ASCENT, CXON
041, 13:21:06,425,408.4,91918,21.5,6.6, 13:21:06,19.2456,72.9461,588.6,6,49.12,79.51,14.06,-101.91,61.47,-78.19,ASCENT, CXON
041, 13:21:07,426,409.5,91906,21.5,6.6, 13:21:07,19.2457,72.9463,589.7,6,48.81,48.26,24.85,-9.06,55.07,95.87,ASCENT, CXON
041, 13:21:08,427,410.7,91893,21.5,6.6, 13:21:08,19.2459,72.9465,590.9,6,117.7,-63.95,91.7,91.42,-85.47,-22.2,ASCENT, CXON
041, 13:21:09,428,411.8,91881,21.5,6.6, 13:21:09,19.2459,72.9470,592.0,6,148.01,-53.5,47.05,-44.9,52.27,85.4,ASCENT, CXON
041, 13:21:10,429,413.0,91868,21.5,6.6, 13:21:10,19.2457,72.9468,593.2,6,44.28,-72.8,-18.77,-25.35,-135.11,26.35,ASCENT, CXON
041, 13:21:11,430,414.1,91855,21.5,6.6, 13:21:11,19.2456,72.9470,594.3,6,92.47,-64.92,-3.66,-154.36,56.31,-108.5,ASCENT, CXON
041, 13:21:12,431,415.3,91842,21.5,6.6, 13:21:12,19.2459,72.9474,595.5,6,117.05,26.92,40.98,149.22,-97.18,85.18,ASCENT, CXON
041, 13:21:13,432,416.4,91830,21.4,6.6, 13:21:13,19.2462,72.9475,596.6,6,141.96,75.03,17.76,-96.54,-155.2,11.15,ASCENT, CXON
041, 13:21:14,433,417.6,91817,21.5,6.6, 13:21:14,19.2459,72.9471,597.8,6,60.79,39.18,-99.21,-86.41,-75.16,67.55,ASCENT, CXON
041, 13:21:15,434,418.7,91805,21.5,6.6, 13:21:15,19.2456,72.9475,598.9,6,156.4,-70.28,-32.93,7.14,-57.55,-26.44,ASCENT, CXON
041, 13:21:16,435,419.9,91792,21.5,6.6, 13:21:16,19.2452,72.9472,600.1,6,59.5,-81.72,24.81,62.92,-75.86,93.36,ASCENT, CXON
041, 13:21:17,436,421.0,91780,21.5,6.6, 13:21:17,19.2452,72.9470,601.2,6,151.48,12.07,-89.75,-110.75,61.64,-36.73,ASCENT, CXON
041, 13:21:18,437,422.2,91766,21.5,6.6, 13:21:18,19.2455,72.9473,602.4,6,51.31,17.24,-61.74,66.48,97.28,93.21,ASCENT, CXON
041, 13:21:19,438,423.3,91754,21.5,6.6, 13:21:19,19.2457,72.9474,603.5,6,56.58,-61.46,16.5,-125.47,42.87,-82.9,ASCENT, CXON
041, 13:21:20,439,424.5,91741,21.5,6.6, 13:21:20,19.2458,72.9477,604.7,6,43.71,44.87,-55.8,-66.94,44.73,61.19,ASCENT, CXON
041, 13:21:21,440,425.6,91729,21.5,6.6, 13:21:21,19.2456,72.9476,605.8,6,119.5,-47.84,-68.53,-87.58,86.82,104.64,ASCENT, CXON
041, 13:21:22,441,426.8,91716,21.5,6.6, 13:21:22,19.2459,72.9475,607.0,6,77.85,44.24,-88.87,34.95,-131.48,-144.3,ASCENT, CXON
041, 13:21:23,442,427.9,91704,21.5,6.6, 13:21:23,19.2463,72.9479,608.1,6,95.41,-60.46,-76.08,2.18,6.81,-43.89,ASCENT, CXON
041, 13:21:24,443,429.1,91691,21.5,6.6, 13:21:24,19.2466,72.9476,609.3,6,48.41,-22.59,-3.29,-79.17,53.93,-89.0,ASCENT, CXON
041, 13:21:25,444,430.2,91679,21.5,6.6, 13:21:25,19.2468,72.9479,610.4,6,84.6,-10.63,85.51,138.85,38.0,-126.42,ASCENT, CXON
041, 13:21:26,445,431.4,91665,21.5,6.6, 13:21:26,19.2467,72.9475,611.6,6,157.74,81.93,-74.21,-10.92,38.19,-64.01,ASCENT, CXON
041, 13:21:27,446,432.5,91653,21.4,6.6, 13:21:27,19.2470,72.9475,612.7,6,50.28,-21.23,-81.19,148.33,-143.61,-67.83,ASCENT, CXON
041, 13:21:28,447,433.7,91640,21.4,6.6, 13:21:28,19.2467,72.9472,613.9,6,59.68,6.37,66.62,-105.88,-104.42,84.79,ASCENT, CXON
041, 13:21:29,448,434.8,91628,21.4,6.6, 13:21:29,19.2464,72.9470,615.0,6,156.61,-76.6,-48.09,77.01,125.36,129.36,ASCENT, CXON
041, 13:21:30,449,436.0,91615,21.4,6.6, 13:21:30,19.2465,72.9469,616.2,6,95.83,43.21,46.8,-118.52,-98.03,146.64,ASCENT, CXON
041, 13:21:31,450,437.1,91603,21.4,6.6, 13:21:31,19.2464,72.9467,617.3,6,70.62,-6.16,98.11,-112.47,113.45,-57.2,ASCENT, CXON
041, 13:21:32,451,438.2,91591,21.4,6.6, 13:21:32,19.2463,72.9465,618.4,6,90.21,64.33,72.61,23.97,-156.67,84.3,ASCENT, CXON
041, 13:21:33,452,439.4,91578,21.4,6.6, 13:21:33,19.2468,72.9464,619.6,6,141.82,63.78,-46.8,-42.93,-40.11,-47.08,ASCENT, CXON
041, 13:21:34,453,440.5,91566,21.3,6.6, 13:21:34,19.2466,72.9468,620.7,6,89.27,27.16,77.46,81.79,-81.8,134.27,ASCENT, CXON
041, 13:21:35,454,441.7,91552,21.4,6.6, 13:21:35,19.2469,72.9471,621.9,6,137.56,-49.36,31.19,-38.19,108.7,-117.25,ASCENT, CXON
041, 13:21:36,455,442.8,91540,21.4,6.6, 13:21:36,19.2472,72.9470,623.0,6,141.26,69.58,75.77,-115.49,140.24,78.16,ASCENT, CXON
041, 13:21:37,456,444.0,91527,21.4,6.6, 13:21:37,19.2468,72.9474,624.2,6,105.73,-8.86,-32.14,90.53,90.32,118.35,ASCENT, CXON
041, 13:21:38,457,445.1,91515,21.3,6.6, 13:21:38,19.2466,72.9471,625.3,6,79.26,-94.8,59.31,-87.33,-137.39,-138.35,ASCENT, CXON
041, 13:21:39,458,446.3,91502,21.4,6.6, 13:21:39,19.2466,72.9471,626.5,6,136.29,90.81,-38.02,42.34,126.31,-9.45,ASCENT, CXON
041, 13:21:40,459,447.4,91490,21.4,6.6, 13:21:40,19.2465,72.9475,627.6,6,108.79,-78.82,17.5,105.35,5.93,-5.11,ASCENT, CXON
041, 13:21:41,460,448.6,91477,21.4,6.6, 13:21:41,19.2467,72.9473,628.8,6,83.48,-27.34,91.73,62.69,-120.05,132.58,ASCENT, CXON
041, 13:21:42,461,449.7,91465,21.3,6.6, 13:21:42,19.2467,72.9475,629.9,6,91.52,-81.53,4.74,102.53,92.44,-45.88,ASCENT, CXON
041, 13:21:43,462,450.9,91452,21.3,6.6, 13:21:43,19.2470,72.9473,631.1,6,145.97,98.49,-13.31,-38.21,67.15,137.53,ASCENT, CXON
041, 13:21:44,463,452.0,91440,21.3,6.6, 13:21:44,19.2469,72.9476,632.2,6,62.42,9.37,0.06,53.9,-114.16,146.13,ASCENT, CXON
041, 13:21:45,464,453.2,91426,21.3,6.6, 13:21:45,19.2472,72.9474,633.4,6,149.22,10.28,51.91,117.91,-44.25,135.67,ASCENT, CXON
041, 13:21:46,465,454.3,91414,21.3,6.6, 13:21:46,19.2473,72.9478,634.5,6,148.05,90.99,2.16,138.44,19.19,-114.02,ASCENT, CXON
041, 13:21:47,466,455.5,91401,21.3,6.6, 13:21:47,19.2473,72.9479,635.7,6,71.1,-44.8,-15.95,4.23,-10.15,-130.45,ASCENT, CXON
041, 13:21:48,467,456.6,91389,21.2,6.6, 13:21:48,19.2475,72.9482,636.8,6,68.45,-48.88,3.34,-103.85,32.93,129.32,ASCENT, CXON
041, 13:21:49,468,457.8,91376,21.2,6.6, 13:21:49,19.2477,72.9485,638.0,6,125.45,42.12,-45.49,108.27,136.03,-143.18,ASCENT, CXON
041, 13:21:50,469,458.9,91364,21.2,6.6, 13:21:50,19.2474,72.9482,639.1,6,135.62,35.53,-71.58,-12.81,44.39,159.24,ASCENT, CXON
041, 13:21:51,470,460.1,91351,21.2,6.6, 13:21:51,19.2472,72.9480,640.3,6,59.35,-17.97,23.64,-62.98,-108.18,-90.08,ASCENT, CXON
041, 13:21:52,471,461.2,91339,21.2,6.6, 13:21:52,19.2471,72.9481,641.4,6,62.03,-4.06,-12.03,151.36,-4.4,142.34,ASCENT, CXON
041, 13:21:53,472,462.4,91326,21.2,6.6, 13:21:53,19.2472,72.9478,642.6,6,60.3,-85.34,40.27,149.44,-30.91,-46.69,ASCENT, CXON
041, 13:21:54,473,463.5,91314,21.2,6.6, 13:21:54,19.2474,72.9478,643.7,6,58.28,72.87,14.51,-157.95,111.84,73.11,ASCENT, CXON
041, 13:21:55,474,464.7,91301,21.1,6.6, 13:21:55,19.2478,72.9478,644.9,6,91.91,-40.36,10.84,52.08,75.22,143.78,ASCENT, CXON
041, 13:21:56,475,465.8,91289,21.1,6.6, 13:21:56,19.2482,72.9481,646.0,6,110.8,35.45,-31.99,142.35,15.8,-31.19,ASCENT, CXON
041, 13:21:57,476,467.0,91275,21.1,6.6, 13:21:57,19.2486,72.9484,647.2,6,43.21,-35.36,-4.08,-1.38,-43.7,126.45,ASCENT, CXON
041, 13:21:58,477,468.1,91263,21.0,6.6, 13:21:58,19.2490,72.9486,648.3,6,97.23,-33.48,-22.58,34.93,91.51,-76.61,ASCENT, CXON
041, 13:21:59,478,469.3,91250,21.0,6.6, 13:21:59,19.2489,72.9490,649.5,6,104.67,-44.84,-33.53,102.86,-108.73,60.79,ASCENT, CXON
041, 13:22:00,479,470.4,91238,21.0,6.6, 13:22:00,19.2486,72.9493,650.6,6,57.63,-54.4,-88.48,-75.57,74.69,70.44,ASCENT, CXON
041, 13:22:01,480,471.6,91225,21.0,6.6, 13:22:01,19.2487,72.9497,651.8,6,50.75,85.02,-13.19,-98.26,79.38,114.75,ASCENT, CXON
041, 13:22:02,481,472.7,91213,21.0,6.6, 13:22:02,19.2491,72.9500,652.9,6,111.64,95.36,-92.38,-142.1,-120.25,-153.03,ASCENT, CXON
041, 13:22:03,482,473.9,91200,21.0,6.6, 13:22:03,19.2488,72.9497,654.1,6,61.71,21.85,34.5,150.26,-44.59,153.28,ASCENT, CXON
041, 13:22:04,483,475.0,91188,21.0,6.6, 13:22:04,19.2486,72.9495,655.2,6,156.95,98.98,41.17,-103.97,-102.43,-111.28,ASCENT, CXON
041, 13:22:05,484,476.2,91175,21.0,6.6, 13:22:05,19.2483,72.9496,656.4,6,121.68,-93.29,-12.08,93.09,24.22,-15.49,ASCENT, CXON
041, 13:22:06,485,477.3,91163,21.0,6.6, 13:22:06,19.2482,72.9496,657.5,6,153.2,71.88,82.97,19.46,-114.41,-103.99,ASCENT, CXON
041, 13:22:07,486,478.5,91150,21.0,6.6, 13:22:07,19.2478,72.9499,658.7,6,134.32,2.97,-98.88,95.39,-27.49,54.18,ASCENT, CXON
041, 13:22:08,487,479.6,91138,21.0,6.6, 13:22:08,19.2478,72.9504,659.8,6,154.66,85.79,23.04,-58.77,-39.49,-73.94,ASCENT, CXON
041, 13:22:09,488,480.8,91125,21.0,6.6, 13:22:09,19.2481,72.9507,661.0,6,158.89,37.6,-36.35,82.42,-76.07,35.48,ASCENT, CXON
041, 13:22:10,489,481.9,91113,21.0,6.6, 13:22:10,19.2481,72.9505,662.1,6,150.75,-83.41,86.04,82.22,-112.29,83.54,ASCENT, CXON
041, 13:22:11,490,483.1,91099,21.0,6.6, 13:22:11,19.2482,72.9505,663.3,6,152.0,-82.55,55.42,-127.07,-71.48,-123.62,ASCENT, CXON
041, 13:22:12,491,484.2,91087,21.0,6.6, 13:22:12,19.2485,72.9503,664.4,6,127.64,29.75,-80.48,-1.97,70.98,-91.36,ASCENT, CXON
041, 13:22:13,492,485.4,91074,21.0,6.6, 13:22:13,19.2484,72.9507,665.6,6,153.17,99.58,-14.65,22.96,98.72,82.73,ASCENT, CXON
041, 13:22:14,493,486.5,91062,21.0,6.6, 13:22:14,19.2484,72.9512,666.7,6,96.73,-76.28,49.82,-113.63,57.46,-142.87,ASCENT, CXON
041, 13:22:15,494,487.7,91049,21.1,6.6, 13:22:15,19.2487,72.9509,667.9,6,116.42,-24.7,-50.18,100.78,-149.36,-7.07,ASCENT, CXON
041, 13:22:16,495,488.8,91037,21.0,6.6, 13:22:16,19.2491,72.9505,669.0,6,95.75,-6.19,43.74,73.32,-50.17,138.49,ASCENT, CXON
041, 13:22:17,496,490.0,91024,21.0,6.6, 13:22:17,19.2494,72.9502,670.2,6,62.31,0.03,-32.73,-107.59,137.57,-8.35,ASCENT, CXON
041, 13:22:18,497,491.1,91012,21.0,6.6, 13:22:18,19.2498,72.9500,671.3,6,148.77,22.57,94.21,86.77,41.86,10.55,ASCENT, CXON
041, 13:22:19,498,492.3,90999,21.0,6.6, 13:22:19,19.2495,72.9504,672.5,6,136.67,36.4,48.95,-85.75,-11.74,103.33,ASCENT, CXON
041, 13:22:20,499,493.4,90987,21.1,6.6, 13:22:20,19.2492,72.9506,673.6,6,106.49,-18.97,-66.45,-116.13,-9.51,-2.19,ASCENT, CXON
041, 13:22:21,500,494.6,90974,21.0,6.6, 13:22:21,19.2493,72.9509,674.8,6,110.73,-67.57,77.22,-42.34,147.13,154.13,ASCENT, CXON
041, 13:22:22,501,495.7,90962,21.0,6.6, 13:22:22,19.2498,72.9508,675.9,6,105.7,-37.23,-94.27,-94.54,-120.32,-69.04,ASCENT, CXON
041, 13:22:23,502,496.9,90949,21.0,6.6, 13:22:23,19.2503,72.9510,677.1,6,83.48,89.88,26.8,13.84,116.02,54.36,ASCENT, CXON
041, 13:22:24,503,498.0,90937,21.0,6.6, 13:22:24,19.2502,72.9515,678.2,6,69.31,94.58,-87.12,-156.85,17.01,-94.15,ASCENT, CXON
041, 13:22:25,504,499.2,90924,21.0,6.6, 13:22:25,19.2506,72.9517,679.4,6,122.11,85.33,98.42,57.03,68.22,-159.43,ASCENT, CXON
041, 13:22:26,505,500.3,90912,20.9,6.6, 13:22:26,19.2511,72.9516,680.5,6,108.22,-98.23,-16.85,128.81,28.64,103.79,ASCENT, CXON
041, 13:22:27,506,501.5,90899,20.9,6.6, 13:22:27,19.2509,72.9519,681.7,6,52.2,86.41,-46.51,121.75,4.98,-56.48,ASCENT, CXON
041, 13:22:28,507,502.6,90887,20.9,6.6, 13:22:28,19.2511,72.9516,682.8,6,139.65,96.24,-77.9,78.8,-73.47,-112.67,ASCENT, CXON
041, 13:22:29,508,503.8,90874,20.9,6.6, 13:22:29,19.2516,72.9521,684.0,6,159.23,24.66,30.69,-108.44,72.34,16.4,ASCENT, CXON
041, 13:22:30,509,504.9,90862,20.9,6.6, 13:22:30,19.2514,72.9518,685.1,6,58.98,-70.13,17.71,96.28,-108.79,0.9,ASCENT, CXON
041, 13:22:31,510,506.1,90849,20.9,6.6, 13:22:31,19.2514,72.9519,686.3,6,41.81,-88.38,-15.47,-84.24,82.19,-82.59,ASCENT, CXON
041, 13:22:32,511,507.2,90837,20.9,6.6, 13:22:32,19.2511,72.9519,687.4,6,86.5,-32.9,53.02,-88.86,54.4,107.11,ASCENT, CXON
041, 13:22:33,512,508.4,90824,20.9,6.6, 13:22:33,19.2515,72.9520,688.6,6,61.71,-86.1,-83.57,-53.88,-131.57,47.63,ASCENT, CXON
041, 13:22:34,513,509.6,90810,20.9,6.6, 13:22:34,19.2516,72.9524,689.8,6,69.33,-69.06,-38.93,-56.23,131.17,65.99,ASCENT, CXON
041, 13:22:35,514,510.7,90798,20.9,6.6, 13:22:35,19.2512,72.9521,690.9,6,141.7,29.61,-68.68,40.06,-141.32,2.21,ASCENT, CXON
041, 13:22:36,515,511.9,90785,20.9,6.6, 13:22:36,19.2515,72.9523,692.1,6,101.28,-66.38,33.92,-21.34,51.59,-130.73,ASCENT, CXON
041, 13:22:37,516,513.0,90773,20.9,6.6, 13:22:37,19.2513,72.9523,693.2,6,63.81,-82.44,37.49,158.03,-52.81,-74.81,ASCENT, CXON
041, 13:22:38,517,514.2,90760,20.9,6.6, 13:22:38,19.2513,72.9525,694.4,6,91.69,-68.85,-85.91,13.76,156.99,134.38,ASCENT, CXON
041, 13:22:39,518,515.3,90748,20.9,6.6, 13:22:39,19.2513,72.9523,695.5,6,120.38,-0.88,61.75,-66.58,138.85,100.65,ASCENT, CXON
041, 13:22:40,519,516.5,90735,20.9,6.6, 13:22:40,19.2513,72.9520,696.7,6,122.29,39.49,15.63,152.42,-145.53,68.89,ASCENT, CXON
041, 13:22:41,520,517.6,90723,20.9,6.6, 13:22:41,19.2512,72.9516,697.8,6,109.96,44.6,-30.41,62.55,-42.65,67.91,ASCENT, CXON
041, 13:22:42,521,518.8,90710,20.9,6.6, 13:22:42,19.2512,72.9512,699.0,6,50.98,45.22,72.94,43.75,-110.28,119.06,ASCENT, CXON
041, 13:22:43,522,519.9,90698,20.9,6.6, 13:22:43,19.2511,72.9514,700.1,6,40.43,-91.54,-29.27,119.89,158.83,-58.14,ASCENT, CXON
041, 13:22:44,523,521.1,90685,20.9,6.6, 13:22:44,19.2515,72.9515,701.3,6,156.32,28.82,89.57,21.07,-97.11,6.0,ASCENT, CXON
041, 13:22:45,524,522.2,90673,20.9,6.6, 13:22:45,19.2514,72.9516,702.4,6,110.57,-55.49,-44.52,0.92,1.24,-25.99,ASCENT, CXON
041, 13:22:46,525,523.4,90660,20.9,6.6, 13:22:46,19.2515,72.9514,703.6,6,132.41,40.74,56.21,5.57,-80.33,136.19,ASCENT, CXON
041, 13:22:47,526,524.5,90648,20.9,6.6, 13:22:47,19.2514,72.9514,704.7,6,125.04,63.71,-3.48,73.96,-91.87,-15.35,ASCENT, CXON
041, 13:22:48,527,525.7,90635,20.9,6.6, 13:22:48,19.2513,72.9517,705.9,6,128.0,-58.52,-53.24,91.01,49.47,56.37,ASCENT, CXON
041, 13:22:49,528,526.8,90623,20.9,6.6, 13:22:49,19.2511,72.9514,707.0,6,83.27,-93.53,92.4,7.93,54.47,149.29,ASCENT, CXON
041, 13:22:50,529,528.0,90610,20.9,6.6, 13:22:50,19.2510,72.9511,708.2,6,135.48,47.42,-2.47,-41.84,-73.65,-4.09,ASCENT, CXON
041, 13:22:51,530,529.1,90598,20.9,6.6, 13:22:51,19.2514,72.9515,709.3,6,92.71,-15.75,-37.19,151.74,-101.32,-109.5,ASCENT, CXON
041, 13:22:52,531,530.3,90585,20.9,6.6, 13:22:52,19.2518,72.9514,710.5,6,142.2,78.15,-14.56,-98.46,87.28,-40.11,ASCENT, CXON
041, 13:22:53,532,531.5,90572,20.9,6.6, 13:22:53,19.2518,72.9514,711.7,6,111.43,-48.94,-95.95,-35.18,-38.63,-156.45,ASCENT, CXON
041, 13:22:54,533,532.6,90560,20.9,6.6, 13:22:54,19.2517,72.9516,712.8,6,114.95,-62.32,-95.92,55.79,35.52,-65.99,ASCENT, CXON
041, 13:22:55,534,533.8,90547,20.8,6.6, 13:22:55,19.2521,72.9514,714.0,6,110.32,14.93,-35.6,-148.35,-55.89,46.21,ASCENT, CXON
041, 13:22:56,535,534.9,90535,20.8,6.6, 13:22:56,19.2518,72.9512,715.1,6,77.36,-16.71,-27.36,128.74,-122.88,155.64,ASCENT, CXON
041, 13:22:57,536,536.1,90522,20.8,6.6, 13:22:57,19.2516,72.9513,716.3,6,85.26,-92.41,59.28,99.35,-73.86,88.37,ASCENT, CXON
041, 13:22:58,537,537.2,90510,20.8,6.6, 13:22:58,19.2512,72.9512,717.4,6,67.34,24.99,55.59,109.49,15.47,-36.08,ASCENT, CXON
041, 13:22:59,538,538.4,90497,20.8,6.6, 13:22:59,19.2510,72.9515,718.6,6,92.85,98.6,-81.81,-12.21,-92.0,-159.31,ASCENT, CXON
041, 13:23:00,539,539.5,90485,20.8,6.6, 13:23:00,19.2509,72.9515,719.7,6,100.93,-42.14,40.4,5.15,154.18,-105.85,ASCENT, CXON
041, 13:23:01,540,540.7,90472,20.8,6.6, 13:23:01,19.2508,72.9519,720.9,6,65.14,75.52,-28.45,-52.65,36.74,20.27,ASCENT, CXON
041, 13:23:02,541,541.8,90460,20.7,6.6, 13:23:02,19.2513,72.9518,722.0,6,53.73,31.3,6.4,-55.18,-54.9,110.4,ASCENT, CXON
041, 13:23:03,542,543.0,90447,20.7,6.6, 13:23:03,19.2518,72.9517,723.2,6,88.24,-67.6,32.5,52.73,-17.17,-30.11,ASCENT, CXON
041, 13:23:04,543,544.2,90434,20.7,6.6, 13:23:04,19.2518,72.9520,724.4,6,84.99,46.7,-94.25,-89.69,147.39,58.34,ASCENT, CXON
041, 13:23:05,544,545.3,90422,20.7,6.6, 13:23:05,19.2518,72.9518,725.5,6,60.76,29.05,38.77,-77.21,46.26,-116.43,ASCENT, CXON
041, 13:23:06,545,546.5,90409,20.7,6.6, 13:23:06,19.2519,72.9517,726.7,6,106.08,-73.2,-3.32,37.31,-116.88,-61.22,ASCENT, CXON
041, 13:23:07,546,547.6,90397,20.7,6.6, 13:23:07,19.2521,72.9520,727.8,6,108.58,-55.56,-11.5,105.65,21.34,81.0,ASCENT, CXON
041, 13:23:08,547,548.8,90384,20.7,6.6, 13:23:08,19.2526,72.9523,729.0,6,118.34,-78.7,22.37,-149.38,138.85,151.06,ASCENT, CXON
041, 13:23:09,548,549.9,90372,20.7,6.6, 13:23:09,19.2530,72.9521,730.1,6,139.35,4.14,-96.85,124.89,-19.19,105.66,ASCENT, CXON
041, 13:23:10,549,551.1,90359,20.7,6.6, 13:23:10,19.2534,72.9519,731.3,6,147.83,-32.24,-94.79,-52.3,-138.85,-136.91,ASCENT, CXON
041, 13:23:11,550,552.2,90347,20.7,6.6, 13:23:11,19.2531,72.9518,732.4,6,73.45,84.02,81.08,118.42,156.74,-19.14,ASCENT, CXON
041, 13:23:12,551,553.4,90334,20.8,6.6, 13:23:12,19.2535,72.9521,733.6,6,127.86,-54.47,-81.7,136.02,16.69,35.95,ASCENT, CXON
041, 13:23:13,552,554.6,90321,20.8,6.6, 13:23:13,19.2537,72.9521,734.8,6,134.33,-8.81,-60.66,146.03,-70.03,78.35,ASCENT, CXON
041, 13:23:14,553,555.7,90309,20.8,6.6, 13:23:14,19.2539,72.9521,735.9,6,66.89,-56.55,90.81,-42.17,3.15,0.41,ASCENT, CXON
041, 13:23:15,554,556.9,90296,20.8,6.6, 13:23:15,19.2542,72.9525,737.1,6,82.83,-58.05,-30.51,74.3,50.56,-30.06,ASCENT, CXON
041, 13:23:16,555,558.0,90285,20.8,6.6, 13:23:16,19.2546,72.9525,738.2,6,100.82,57.4,-60.43,71.19,-46.95,99.98,ASCENT, CXON
041, 13:23:17,556,559.2,90272,20.7,6.6, 13:23:17,19.2548,72.9525,739.4,6,85.23,15.73,-56.45,-20.04,-159.39,95.57,ASCENT, CXON
041, 13:23:18,557,560.3,90260,20.7,6.6, 13:23:18,19.2549,72.9526,740.5,6,115.12,-74.91,55.45,-66.54,116.09,91.64,ASCENT, CXON
041, 13:23:19,558,561.5,90247,20.7,6.6, 13:23:19,19.2549,72.9528,741.7,6,154.34,-62.18,-79.86,-28.18,3.06,-112.29,ASCENT, CXON
041, 13:23:20,559,562.6,90235,20.7,6.6, 13:23:20,19.2548,72.9525,742.8,6,61.96,15.5,-62.01,-7.99,12.07,-19.31,ASCENT, CXON
041, 13:23:21,560,563.8,90222,20.7,6.6, 13:23:21,19.2544,72.9529,744.0,6,63.91,-92.34,53.51,22.38,12.13,-90.36,ASCENT, CXON
041, 13:23:22,561,565.0,90209,20.7,6.6, 13:23:22,19.2547,72.9527,745.2,6,108.74,29.64,-25.67,-6.42,-139.12,45.87,ASCENT, CXON
041, 13:23:23,562,566.1,90197,20.7,6.6, 13:23:23,19.2548,72.9530,746.3,6,52.13,67.78,74.08,-143.84,-80.51,-133.1,ASCENT, CXON
041, 13:23:24,563,567.3,90184,20.7,6.6, 13:23:24,19.2548,72.9528,747.5,6,76.01,-7.7,-25.69,92.32,71.27,-123.49,ASCENT, CXON
041, 13:23:25,564,568.4,90172,20.6,6.6, 13:23:25,19.2547,72.9525,748.6,6,123.66,56.07,99.16,-93.12,-148.27,82.21,ASCENT, CXON
041, 13:23:26,565,569.6,90159,20.6,6.6, 13:23:26,19.2547,72.9524,749.8,6,48.72,89.58,2.43,-18.98,-20.13,85.95,ASCENT, CXON
041, 13:23:27,566,570.7,90147,20.7,6.6, 13:23:27,19.2545,72.9524,750.9,6,146.96,-18.46,32.18,19.11,-12.37,23.94,ASCENT, CXON
041, 13:23:28,567,571.9,90134,20.6,6.6, 13:23:28,19.2549,72.9521,752.1,6,84.27,76.13,95.65,-155.75,40.65,42.25,ASCENT, CXON
041, 13:23:29,568,573.1,90121,20.7,6.6, 13:23:29,19.2546,72.9520,753.3,6,125.52,45.66,-59.08,45.64,50.16,50.5,ASCENT, CXON
041, 13:23:30,569,574.2,90109,20.6,6.6, 13:23:30,19.2545,72.9521,754.4,6,80.41,-74.37,34.07,-68.18,93.01,-62.17,ASCENT, CXON
041, 13:23:31,570,575.4,90096,20.6,6.6, 13:23:31,19.2542,72.9524,755.6,6,48.18,87.25,-94.97,71.69,-42.01,-102.5,ASCENT, CXON
041, 13:23:32,571,576.5,90084,20.6,6.6, 13:23:32,19.2542,72.9521,756.7,6,102.73,-39.98,93.45,-37.41,-20.7,-87.02,ASCENT, CXON
041, 13:23:33,572,577.7,90071,20.6,6.6, 13:23:33,19.2544,72.9524,757.9,6,87.18,51.06,-44.24,-124.95,-146.5,-16.33,ASCENT, CXON
041, 13:23:34,573,578.9,90058,20.7,6.6, 13:23:34,19.2544,72.9527,759.1,6,73.14,-69.47,3.85,-23.88,140.32,127.16,ASCENT, CXON
041, 13:23:35,574,580.0,90046,20.6,6.6, 13:23:35,19.2544,72.9523,760.2,6,93.32,83.12,-39.44,27.56,67.31,-139.82,ASCENT, CXON
041, 13:23:36,575,581.2,90033,20.7,6.6, 13:23:36,19.2543,72.9525,761.4,6,42.32,-24.91,-74.67,-8.52,-154.94,-111.64,ASCENT, CXON
041, 13:23:37,576,582.3,90021,20.6,6.6, 13:23:37,19.2540,72.9523,762.5,6,102.12,-72.61,64.23,-26.6,-79.4,-82.89,ASCENT, CXON
041, 13:23:38,577,583.5,90008,20.7,6.6, 13:23:38,19.2543,72.9520,763.7,6,153.35,-18.36,19.53,116.25,-127.86,-139.52,ASCENT, CXON
041, 13:23:39,578,584.7,89995,20.7,6.6, 13:23:39,19.2545,72.9519,764.9,6,99.63,-62.67,-12.58,-69.88,27.42,-64.3,ASCENT, CXON
041, 13:23:40,579,585.8,89984,20.6,6.6, 13:23:40,19.2542,72.9522,766.0,6,99.49,-54.23,-77.01,2.81,1.24,70.24,ASCENT, CXON
041, 13:23:41,580,587.0,89971,20.6,6.6, 13:23:41,19.2546,72.9520,767.2,6,157.73,78.51,98.04,141.85,-77.7,100.59,ASCENT, CXON
041, 13:23:42,581,588.1,89959,20.6,6.6, 13:23:42,19.2551,72.9522,768.3,6,137.16,11.61,-84.09,116.26,-103.85,-77.08,ASCENT, CXON
041, 13:23:43,582,589.3,89946,20.6,6.6, 13:23:43,19.2551,72.9524,769.5,6,51.52,32.13,-79.1,-7.8,47.83,59.94,ASCENT, CXON
041, 13:23:44,583,590.4,89934,20.6,6.6, 13:23:44,19.2556,72.9524,770.6,6,90.98,-25.08,39.24,76.94,48.07,-31.25,ASCENT, CXON
041, 13:23:45,584,591.6,89921,20.6,6.6, 13:23:45,19.2554,72.9529,771.8,6,155.78,55.48,98.51,-11.01,108.51,-82.99,ASCENT, CXON
041, 13:23:46,585,592.8,89908,20.6,6.6, 13:23:46,19.2558,72.9533,773.0,6,145.52,-46.47,57.49,-7.9,-60.01,-42.1,ASCENT, CXON
041, 13:23:47,586,593.9,89896,20.6,6.6, 13:23:47,19.2562,72.9535,774.1,6,60.44,-68.87,13.6,-92.15,-52.3,-127.21,ASCENT, CXON
041, 13:23:48,587,595.1,89883,20.6,6.6, 13:23:48,19.2560,72.9539,775.3,6,79.49,69.77,-39.48,-74.4,-33.66,-156.13,ASCENT, CXON
041, 13:23:49,588,596.3,89870,20.6,6.6, 13:23:49,19.2556,72.9543,776.5,6,85.02,-99.91,92.07,-86.9,-79.04,-152.23,ASCENT, CXON
041, 13:23:50,589,597.4,89858,20.5,6.6, 13:23:50,19.2557,72.9544,777.6,6,69.54,-42.65,94.02,-40.88,156.62,123.74,ASCENT, CXON
041, 13:23:51,590,598.6,89845,20.5,6.6, 13:23:51,19.2553,72.9546,778.8,6,137.15,39.1,9.96,100.11,-110.6,12.73,ASCENT, CXON
041, 13:23:52,591,599.7,89833,20.5,6.6, 13:23:52,19.2551,72.9548,779.9,6,108.77,55.85,25.65,31.74,135.01,99.99,ASCENT, CXON
041, 13:23:53,592,600.9,89820,20.5,6.6, 13:23:53,19.2555,72.9547,781.1,6,52.25,-33.34,41.28,138.02,46.62,52.0,ASCENT, CXON
041, 13:23:54,593,602.1,89807,20.5,6.6, 13:23:54,19.2555,72.9547,782.3,6,131.16,-36.46,-78.04,38.29,98.87,-80.57,ASCENT, CXON
041, 13:23:55,594,603.2,89796,20.5,6.6, 13:23:55,19.2552,72.9544,783.4,6,99.16,-33.13,89.88,158.95,-17.4,93.8,ASCENT, CXON
041, 13:23:56,595,604.4,89783,20.5,6.6, 13:23:56,19.2557,72.9542,784.6,6,49.12,-9.49,-96.43,-6.16,-28.14,145.39,ASCENT, CXON
041, 13:23:57,596,605.5,89771,20.5,6.6, 13:23:57,19.2560,72.9543,785.7,6,68.54,-39.03,-1.7,-33.57,46.59,1.72,ASCENT, CXON
041, 13:23:58,597,606.7,89758,20.5,6.6, 13:23:58,19.2565,72.9541,786.9,6,80.28,-97.59,-81.25,-142.25,-24.68,107.69,ASCENT, CXON
041, 13:23:59,598,607.9,89745,20.5,6.6, 13:23:59,19.2569,72.9542,788.1,6,109.65,-97.49,-23.29,-76.27,38.63,-139.05,ASCENT, CXON
041, 13:24:00,599,609.0,89733,20.5,6.6, 13:24:00,19.2569,72.9542,789.2,6,52.26,46.3,60.07,31.42,-122.95,31.73,ASCENT, CXON
041, 13:24:01,600,610.2,89720,20.5,6.6, 13:24:01,19.2572,72.9538,790.4,7,145.42,33.0,-44.69,134.42,104.35,126.44,ASCENT, CXON
041, 13:24:02,601,611.4,89707,20.5,6.6, 13:24:02,19.2571,72.9537,791.6,7,131.35,23.3,-33.64,13.77,137.07,21.35,ASCENT, CXON
041, 13:24:03,602,612.5,89695,20.5,6.6, 13:24:03,19.2576,72.9533,792.7,7,95.2,10.45,45.36,149.99,39.46,-7.04,ASCENT, CXON
041, 13:24:04,603,613.7,89682,20.6,6.6, 13:24:04,19.2578,72.9538,793.9,7,41.67,-35.92,75.27,-140.91,92.89,-150.12,ASCENT, CXON
041, 13:24:05,604,614.8,89670,20.6,6.6, 13:24:05,19.2576,72.9537,795.0,7,67.17,40.95,5.76,33.79,-55.84,27.75,ASCENT, CXON
041, 13:24:06,605,616.0,89658,20.6,6.6, 13:24:06,19.2581,72.9535,796.2,7,101.92,-22.86,-30.79,97.09,-104.01,18.73,ASCENT, CXON
041, 13:24:07,606,617.2,89645,20.6,6.6, 13:24:07,19.2577,72.9533,797.4,7,99.17,87.27,-67.37,109.06,-32.9,15.3,ASCENT, CXON
041, 13:24:08,607,618.3,89633,20.7,6.6, 13:24:08,19.2576,72.9530,798.5,7,56.06,-39.28,40.15,25.73,-121.02,96.47,ASCENT, CXON
041, 13:24:09,608,619.5,89620,20.6,6.6, 13:24:09,19.2579,72.9533,799.7,7,66.01,87.91,62.07,-86.68,-159.68,117.55,ASCENT, CXON
041, 13:24:10,609,620.7,89607,20.7,6.6, 13:24:10,19.2582,72.9536,800.9,7,116.05,66.5,96.96,-55.11,106.86,134.71,ASCENT, CXON
041, 13:24:11,610,621.8,89595,20.6,6.6, 13:24:11,19.2584,72.9540,802.0,7,108.02,-44.87,-49.67,13.69,-116.69,115.05,ASCENT, CXON
041, 13:24:12,611,623.0,89582,20.7,6.6, 13:24:12,19.2586,72.9542,803.2,7,54.62,55.68,53.27,-61.97,-128.59,-69.81,ASCENT, CXON
041, 13:24:13,612,624.1,89570,20.7,6.6, 13:24:13,19.2589,72.9539,804.3,7,52.78,-30.2,75.97,-108.2,-136.51,80.92,ASCENT, CXON
041, 13:24:14,613,625.3,89557,20.7,6.6, 13:24:14,19.2586,72.9537,805.5,7,119.63,74.72,-18.16,-16.13,-150.05,-50.99,ASCENT, CXON
041, 13:24:15,614,626.5,89544,20.6,6.6, 13:24:15,19.2588,72.9540,806.7,7,103.81,39.88,-74.56,-36.78,-66.26,-69.7,ASCENT, CXON
041, 13:24:16,615,627.6,89533,20.6,6.6, 13:24:16,19.2587,72.9539,807.8,7,143.68,27.7,-3.87,-38.45,134.92,140.61,ASCENT, CXON
041, 13:24:17,616,628.8,89520,20.6,6.6, 13:24:17,19.2591,72.9537,809.0,7,71.04,-79.38,0.4,85.91,-109.91,-21.62,ASCENT, CXON
041, 13:24:18,617,630.0,89507,20.7,6.6, 13:24:18,19.2590,72.9541,810.2,7,147.05,-24.78,-75.3,43.7,76.93,135.43,ASCENT, CXON
041, 13:24:19,618,631.1,89495,20.7,6.6, 13:24:19,19.2591,72.9540,811.3,7,93.52,-6.37,82.44,129.89,136.43,-7.03,ASCENT, CXON
041, 13:24:20,619,632.3,89482,20.7,6.6, 13:24:20,19.2595,72.9542,812.5,7,144.7,-17.33,98.18,-152.0,111.31,102.23,ASCENT, CXON
041, 13:24:21,620,633.5,89469,20.7,6.6, 13:24:21,19.2593,72.9545,813.7,7,96.21,-17.78,-60.69,96.02,73.9,-131.52,ASCENT, CXON
041, 13:24:22,621,634.6,89457,20.7,6.6, 13:24:22,19.2592,72.9545,814.8,7,109.18,78.05,89.03,42.63,-43.02,-125.62,ASCENT, CXON
041, 13:24:23,622,635.8,89444,20.7,6.6, 13:24:23,19.2593,72.9545,816.0,7,157.89,-17.28,-29.8,-26.21,-105.04,140.52,ASCENT, CXON
041, 13:24:24,623,637.0,89431,20.7,6.6, 13:24:24,19.2593,72.9543,817.2,7,77.85,-1.28,-10.74,153.38,20.18,-93.76,ASCENT, CXON
041, 13:24:25,624,638.1,89420,20.7,6.6, 13:24:25,19.2592,72.9546,818.3,7,146.71,-52.72,56.06,-18.68,12.0,10.53,ASCENT, CXON
041, 13:24:26,625,639.3,89407,20.6,6.6, 13:24:26,19.2594,72.9548,819.5,7,85.64,83.81,63.99,-63.38,-138.58,17.06,ASCENT, CXON
041, 13:24:27,626,640.5,89394,20.6,6.6, 13:24:27,19.2590,72.9548,820.7,7,44.1,47.35,25.1,-70.66,-17.38,-85.46,ASCENT, CXON
041, 13:24:28,627,641.6,89382,20.6,6.6, 13:24:28,19.2593,72.9548,821.8,7,125.86,-30.49,61.37,30.67,49.29,-34.33,ASCENT, CXON
041, 13:24:29,628,642.8,89369,20.6,6.6, 13:24:29,19.2598,72.9550,823.0,7,103.9,27.75,-79.97,-52.98,-86.19,109.79,ASCENT, CXON
041, 13:24:30,629,644.0,89356,20.5,6.6, 13:24:30,19.2602,72.9553,824.2,7,126.26,-39.7,-53.54,65.38,-64.43,71.39,ASCENT, CXON
041, 13:24:31,630,645.1,89344,20.5,6.6, 13:24:31,19.2603,72.9556,825.3,7,158.28,-24.28,97.3,-156.81,120.73,-150.47,ASCENT, CXON
041, 13:24:32,631,646.3,89331,20.5,6.6, 13:24:32,19.2606,72.9555,826.5,7,64.99,56.81,10.07,81.81,-3.41,-148.29,ASCENT, CXON
041, 13:24:33,632,647.5,89319,20.5,6.6, 13:24:33,19.2606,72.9551,827.7,7,71.08,33.12,52.84,43.66,-18.17,74.48,ASCENT, CXON
041, 13:24:34,633,648.6,89307,20.5,6.6, 13:24:34,19.2607,72.9552,828.8,7,127.45,-60.45,-37.85,-50.25,-129.3,-48.49,ASCENT, CXON
041, 13:24:35,634,649.8,89294,20.6,6.6, 13:24:35,19.2605,72.9555,830.0,7,54.01,50.24,-70.46,-129.14,-79.45,4.8,ASCENT, CXON
041, 13:24:36,635,651.0,89281,20.5,6.6, 13:24:36,19.2609,72.9554,831.2,7,129.99,39.12,12.23,-78.42,143.86,146.08,ASCENT, CXON
041, 13:24:37,636,652.1,89269,20.5,6.6, 13:24:37,19.2608,72.9552,832.3,7,91.63,79.64,-95.22,107.45,-61.13,-155.66,ASCENT, CXON
041, 13:24:38,637,653.3,89256,20.5,6.6, 13:24:38,19.2606,72.9549,833.5,7,84.07,-76.09,-64.06,-79.97,25.07,-17.22,ASCENT, CXON
041, 13:24:39,638,654.5,89243,20.5,6.6, 13:24:39,19.2609,72.9552,834.7,7,81.22,83.6,58.25,19.76,-7.82,-54.54,ASCENT, CXON
041, 13:24:40,639,655.6,89232,20.5,6.6, 13:24:40,19.2610,72.9549,835.8,7,151.06,77.42,-93.28,64.19,-83.78,11.39,ASCENT, CXON
041, 13:24:41,640,656.8,89219,20.5,6.6, 13:24:41,19.2610,72.9551,837.0,7,63.08,25.3,-14.96,154.4,-99.94,67.53,ASCENT, CXON
041, 13:24:42,641,658.0,89206,20.4,6.6, 13:24:42,19.2607,72.9548,838.2,7,103.39,-65.11,58.95,-129.18,39.36,115.52,ASCENT, CXON
041, 13:24:43,642,659.1,89194,20.4,6.6, 13:24:43,19.2610,72.9548,839.3,7,151.86,-32.41,-20.4,146.41,-49.96,149.23,ASCENT, CXON
041, 13:24:44,643,660.3,89181,20.4,6.6, 13:24:44,19.2611,72.9552,840.5,7,54.08,69.76,54.84,79.79,32.25,-128.01,ASCENT, CXON
041, 13:24:45,644,661.5,89168,20.5,6.6, 13:24:45,19.2614,72.9555,841.7,7,78.09,36.93,-17.88,80.24,-146.13,138.7,ASCENT, CXON
041, 13:24:46,645,662.6,89156,20.5,6.6, 13:24:46,19.2614,72.9558,842.8,7,76.14,9.02,-94.96,-3.44,-134.66,114.95,ASCENT, CXON
041, 13:24:47,646,663.8,89143,20.5,6.6, 13:24:47,19.2619,72.9563,844.0,7,154.81,-83.51,40.82,72.81,33.9,-154.95,ASCENT, CXON
041, 13:24:48,647,665.0,89131,20.5,6.6, 13:24:48,19.2620,72.9566,845.2,7,73.03,-94.16,84.68,-73.43,-146.84,-116.26,ASCENT, CXON
041, 13:24:49,648,666.2,89118,20.5,6.6, 13:24:49,19.2618,72.9563,846.4,7,147.73,32.96,16.6,-118.03,-27.74,142.88,ASCENT, CXON
041, 13:24:50,649,667.3,89106,20.5,6.6, 13:24:50,19.2615,72.9568,847.5,7,52.53,90.74,68.24,74.15,-146.47,62.53,ASCENT, CXON
041, 13:24:51,650,668.5,89093,20.5,6.6, 13:24:51,19.2612,72.9569,848.7,7,136.24,-73.71,75.22,-25.62,-74.84,-83.46,ASCENT, CXON
041, 13:24:52,651,669.7,89080,20.5,6.6, 13:24:52,19.2613,72.9573,849.9,7,101.38,2.52,97.78,-91.14,-154.69,-54.88,ASCENT, CXON
041, 13:24:53,652,670.8,89068,20.4,6.6, 13:24:53,19.2613,72.9569,851.0,7,150.5,-3.13,75.76,63.2,73.55,82.74,ASCENT, CXON
041, 13:24:54,653,672.0,89056,20.4,6.6, 13:24:54,19.2611,72.9570,852.2,7,111.44,55.11,-66.45,-49.89,103.77,97.46,ASCENT, CXON
041, 13:24:55,654,673.2,89043,20.5,6.6, 13:24:55,19.2609,72.9567,853.4,7,126.85,49.09,29.62,89.45,5.1,19.93,ASCENT, CXON
041, 13:24:56,655,674.3,89031,20.5,6.6, 13:24:56,19.2611,72.9568,854.5,7,99.27,51.37,14.52,-118.73,-23.72,-25.18,ASCENT, CXON
041, 13:24:57,656,675.5,89018,20.5,6.6, 13:24:57,19.2610,72.9568,855.7,7,91.22,-25.71,94.38,-131.09,-154.58,70.88,ASCENT, CXON
041, 13:24:58,657,676.7,89005,20.5,6.6, 13:24:58,19.2611,72.9567,856.9,7,68.7,-96.93,74.76,140.48,-68.51,-11.13,ASCENT, CXON
041, 13:24:59,658,677.9,88992,20.5,6.6, 13:24:59,19.2615,72.9571,858.1,7,68.93,-49.04,39.64,94.95,-9.71,-36.01,ASCENT, CXON
041, 13:25:00,659,679.0,88981,20.4,6.6, 13:25:00,19.2619,72.9575,859.2,7,53.72,18.75,97.04,68.86,-13.05,-113.56,ASCENT, CXON
041, 13:25:01,660,680.2,88968,20.4,6.6, 13:25:01,19.2616,72.9578,860.4,7,119.88,-5.3,78.32,138.44,37.31,-128.1,ASCENT, CXON
041, 13:25:02,661,681.4,88955,20.4,6.6, 13:25:02,19.2614,72.9582,861.6,7,127.63,-75.65,-54.21,-50.36,23.34,-56.08,ASCENT, CXON
041, 13:25:03,662,682.5,88943,20.4,6.6, 13:25:03,19.2612,72.9584,862.7,7,79.68,88.91,90.36,-55.21,33.94,-124.55,ASCENT, CXON
041, 13:25:04,663,683.7,88930,20.4,6.6, 13:25:04,19.2614,72.9583,863.9,7,44.07,-75.16,12.1,-105.24,-62.05,37.88,ASCENT, CXON
041, 13:25:05,664,684.9,88917,20.4,6.6, 13:25:05,19.2612,72.9584,865.1,7,73.08,56.46,-68.79,-76.16,-19.64,130.61,ASCENT, CXON
041, 13:25:06,665,686.1,88904,20.4,6.6, 13:25:06,19.2609,72.9582,866.3,7,79.87,-20.98,51.93,-30.79,-7.97,-33.14,ASCENT, CXON
041, 13:25:07,666,687.2,88893,20.4,6.6, 13:25:07,19.2609,72.9586,867.4,7,70.08,95.56,5.07,58.22,-37.98,-73.1,ASCENT, CXON
041, 13:25:08,667,688.4,88880,20.3,6.6, 13:25:08,19.2608,72.9588,868.6,7,95.29,5.33,-58.63,-103.33,-52.4,58.08,ASCENT, CXON
041, 13:25:09,668,689.6,88867,20.3,6.6, 13:25:09,19.2610,72.9588,869.8,7,48.27,-48.02,-57.68,103.31,16.01,-55.42,ASCENT, CXON
041, 13:25:10,669,690.7,88855,20.3,6.6, 13:25:10,19.2609,72.9587,870.9,7,134.88,57.71,39.62,123.18,49.25,-123.67,ASCENT, CXON
041, 13:25:11,670,691.9,88842,20.3,6.6, 13:25:11,19.2607,72.9588,872.1,7,138.65,17.15,-14.06,-82.51,154.15,81.07,ASCENT, CXON
041, 13:25:12,671,693.1,88830,20.2,6.6, 13:25:12,19.2612,72.9586,873.3,7,141.72,-76.54,30.61,-45.95,124.45,-64.93,ASCENT, CXON
041, 13:25:13,672,694.3,88817,20.2,6.6, 13:25:13,19.2615,72.9591,874.5,7,117.15,36.36,-43.58,-72.81,-132.24,155.13,ASCENT, CXON
041, 13:25:14,673,695.4,88805,20.2,6.6, 13:25:14,19.2614,72.9589,875.6,7,92.32,86.15,-50.45,-107.33,41.42,50.26,ASCENT, CXON
041, 13:25:15,674,696.6,88792,20.1,6.6, 13:25:15,19.2618,72.9586,876.8,7,60.89,-51.65,2.76,-7.57,17.16,72.64,ASCENT, CXON
041, 13:25:16,675,697.8,88779,20.2,6.6, 13:25:16,19.2614,72.9589,878.0,7,42.22,-36.4,-71.38,32.71,90.21,-118.78,ASCENT, CXON
041, 13:25:17,676,698.9,88768,20.2,6.6, 13:25:17,19.2616,72.9586,879.1,7,122.37,58.81,-18.29,-110.31,50.88,-57.86,ASCENT, CXON
041, 13:25:18,677,700.1,88755,20.1,6.6, 13:25:18,19.2616,72.9583,880.3,7,86.21,10.28,10.42,-30.8,96.05,-131.89,ASCENT, CXON
041, 13:25:19,678,701.3,88742,20.1,6.6, 13:25:19,19.2620,72.9587,881.5,7,131.83,7.15,57.51,23.21,-122.38,-78.28,ASCENT, CXON
041, 13:25:20,679,702.5,88729,20.1,6.6, 13:25:20,19.2619,72.9587,882.7,7,104.59,-79.82,41.16,94.58,94.76,121.93,ASCENT, CXON
041, 13:25:21,680,703.6,88717,20.0,6.6, 13:25:21,19.2622,72.9589,883.8,7,84.59,-31.34,-69.27,106.2,-12.6,99.86,ASCENT, CXON
041, 13:25:22,681,704.8,88704,20.0,6.6, 13:25:22,19.2623,72.9592,885.0,7,145.93,-29.35,38.68,-30.82,115.67,83.23,ASCENT, CXON
041, 13:25:23,682,706.0,88692,20.0,6.6, 13:25:23,19.2621,72.9596,886.2,7,136.11,-38.97,-83.06,-97.57,148.55,-147.45,ASCENT, CXON
041, 13:25:24,683,707.2,88679,20.0,6.6, 13:25:24,19.2622,72.9597,887.4,7,89.23,11.46,-82.0,134.35,-127.07,-115.6,ASCENT, CXON
041, 13:25:25,684,708.3,88667,20.0,6.6, 13:25:25,19.2625,72.9599,888.5,7,151.68,-89.66,-97.87,-84.19,89.25,-111.15,ASCENT, CXON
041, 13:25:26,685,709.5,88654,20.0,6.6, 13:25:26,19.2622,72.9600,889.7,7,148.09,49.49,-20.41,-6.74,-71.09,147.39,ASCENT, CXON
041, 13:25:27,686,710.7,88641,20.1,6.6, 13:25:27,19.2621,72.9603,890.9,7,98.41,59.65,-27.23,122.1,59.09,-15.79,ASCENT, CXON
041, 13:25:28,687,711.9,88629,20.1,6.6, 13:25:28,19.2622,72.9608,892.1,7,40.87,79.45,42.82,-3.39,111.96,-112.38,ASCENT, CXON
041, 13:25:29,688,713.0,88617,20.0,6.6, 13:25:29,19.2625,72.9607,893.2,7,159.3,29.72,-90.94,-120.59,-135.57,22.39,ASCENT, CXON
041, 13:25:30,689,714.2,88604,20.0,6.6, 13:25:30,19.2625,72.9604,894.4,7,149.07,67.65,11.73,-17.78,-61.31,32.88,ASCENT, CXON
041, 13:25:31,690,715.4,88591,20.0,6.6, 13:25:31,19.2630,72.9607,895.6,7,139.12,-84.95,-75.27,-49.42,-119.63,-24.79,ASCENT, CXON
041, 13:25:32,691,716.6,88578,20.0,6.6, 13:25:32,19.2635,72.9605,896.8,7,66.62,-95.32,-45.27,-141.92,9.01,-63.81,ASCENT, CXON
041, 13:25:33,692,717.7,88567,20.1,6.6, 13:25:33,19.2636,72.9604,897.9,7,128.18,37.84,42.86,-9.25,-11.56,-68.49,ASCENT, CXON
041, 13:25:34,693,718.9,88554,20.0,6.6, 13:25:34,19.2638,72.9602,899.1,7,143.2,75.8,70.71,101.15,-3.73,-103.76,ASCENT, CXON
041, 13:25:35,694,720.1,88541,20.0,6.6, 13:25:35,19.2643,72.9599,900.3,7,40.75,-29.34,-30.15,31.25,-124.06,110.03,ASCENT, CXON
041, 13:25:36,695,721.3,88528,20.0,6.6, 13:25:36,19.2642,72.9598,901.5,7,61.1,93.14,17.89,104.2,-139.83,13.73,ASCENT, CXON
041, 13:25:37,696,722.4,88517,20.0,6.6, 13:25:37,19.2646,72.9595,902.6,7,84.79,99.75,6.97,146.22,-78.89,-151.82,ASCENT, CXON
041, 13:25:38,697,723.6,88504,20.0,6.6, 13:25:38,19.2647,72.9594,903.8,7,109.31,86.76,89.38,120.65,-77.84,102.71,ASCENT, CXON
041, 13:25:39,698,724.8,88491,20.0,6.6, 13:25:39,19.2651,72.9592,905.0,7,84.07,16.36,-52.68,66.69,48.8,-129.58,ASCENT, CXON
041, 13:25:40,699,726.0,88478,20.0,6.6, 13:25:40,19.2653,72.9591,906.2,7,57.23,-84.4,99.55,95.9,-13.18,94.27,ASCENT, CXON
041, 13:25:41,700,727.1,88466,20.0,6.6, 13:25:41,19.2654,72.9589,907.3,7,102.22,96.27,46.05,54.33,109.74,-29.15,ASCENT, CXON
041, 13:25:42,701,728.3,88454,20.0,6.6, 13:25:42,19.2652,72.9593,908.5,7,42.95,7.41,14.97,-113.18,135.04,-19.4,ASCENT, CXON
041, 13:25:43,702,729.5,88441,20.0,6.6, 13:25:43,19.2653,72.9593,909.7,7,40.35,-81.52,42.64,-117.81,-78.25,98.41,ASCENT, CXON
041, 13:25:44,703,730.7,88428,20.0,6.6, 13:25:44,19.2651,72.9589,910.9,7,130.51,19.78,-27.1,-154.07,-21.92,-84.11,ASCENT, CXON
041, 13:25:45,704,731.9,88415,20.0,6.6, 13:25:45,19.2649,72.9586,912.1,7,123.34,-78.47,-55.41,-19.46,155.54,-56.21,ASCENT, CXON
041, 13:25:46,705,733.0,88404,20.0,6.6, 13:25:46,19.2646,72.9586,913.2,7,124.03,-35.2,59.27,-101.0,-127.51,40.7,ASCENT, CXON
041, 13:25:47,706,734.2,88391,20.0,6.6, 13:25:47,19.2643,72.9589,914.4,7,120.38,-25.93,-74.34,35.8,82.64,-8.76,ASCENT, CXON
041, 13:25:48,707,735.4,88378,20.0,6.6, 13:25:48,19.2644,72.9589,915.6,7,62.33,-7.27,9.96,126.87,158.34,18.17,ASCENT, CXON
041, 13:25:49,708,736.6,88365,20.0,6.6, 13:25:49,19.2646,72.9592,916.8,7,69.74,38.07,99.84,-34.72,140.42,-20.29,ASCENT, CXON
041, 13:25:50,709,737.7,88353,20.0,6.6, 13:25:50,19.2644,72.9591,917.9,7,158.09,-86.95,-38.76,-7.52,78.35,41.78,ASCENT, CXON
041, 13:25:51,710,738.9,88341,20.0,6.6, 13:25:51,19.2640,72.9588,919.1,7,44.39,-13.67,-94.59,8.31,42.43,-95.27,ASCENT, CXON
041, 13:25:52,711,740.1,88328,20.0,6.6, 13:25:52,19.2645,72.9587,920.3,7,114.4,8.38,-47.4,89.55,-158.71,-80.14,ASCENT, CXON
041, 13:25:53,712,741.3,88315,20.0,6.6, 13:25:53,19.2646,72.9583,921.5,7,75.89,21.91,61.76,-125.1,89.37,-35.02,ASCENT, CXON
041, 13:25:54,713,742.4,88303,20.0,6.6, 13:25:54,19.2646,72.9588,922.6,7,150.28,83.59,47.15,64.05,-114.71,-148.72,ASCENT, CXON
041, 13:25:55,714,743.6,88291,20.0,6.6, 13:25:55,19.2648,72.9587,923.8,7,72.05,84.17,6.41,-153.67,-51.05,-48.35,ASCENT, CXON
041, 13:25:56,715,744.8,88278,20.0,6.6, 13:25:56,19.2652,72.9590,925.0,7,40.51,-16.5,-77.68,72.26,99.01,92.6,ASCENT, CXON
041, 13:25:57,716,746.0,88265,20.0,6.6, 13:25:57,19.2648,72.9587,926.2,7,141.08,65.84,3.23,-84.92,114.23,-121.48,ASCENT, CXON
041, 13:25:58,717,747.2,88252,20.0,6.6, 13:25:58,19.2653,72.9587,927.4,7,132.54,60.31,16.2,155.82,87.84,136.67,ASCENT, CXON
041, 13:25:59,718,748.3,88241,20.0,6.6, 13:25:59,19.2656,72.9585,928.5,7,78.95,-31.69,97.7,-140.7,-20.83,-119.01,ASCENT, CXON
041, 13:26:00,719,749.5,88228,20.1,6.6, 13:26:00,19.2658,72.9586,929.7,7,132.06,-32.69,-17.31,78.21,64.85,124.06,ASCENT, CXON
041, 13:26:01,720,750.7,88215,20.1,6.6, 13:26:01,19.2661,72.9587,930.9,7,88.98,13.4,-84.64,-128.93,-60.38,-120.54,ASCENT, CXON
041, 13:26:02,721,751.9,88202,20.0,6.6, 13:26:02,19.2664,72.9589,932.1,7,64.71,44.4,65.17,38.14,-87.22,20.68,ASCENT, CXON
041, 13:26:03,722,753.0,88191,20.0,6.6, 13:26:03,19.2661,72.9593,933.2,7,115.88,86.53,-65.59,-75.46,2.99,-141.09,ASCENT, CXON
041, 13:26:04,723,754.2,88178,20.0,6.6, 13:26:04,19.2661,72.9597,934.4,7,109.29,27.5,17.03,91.31,-42.76,-159.8,ASCENT, CXON
041, 13:26:05,724,755.4,88165,20.0,6.6, 13:26:05,19.2658,72.9594,935.6,7,66.67,31.61,-73.79,-153.61,-1.87,-158.04,ASCENT, CXON
041, 13:26:06,725,756.6,88152,20.0,6.6, 13:26:06,19.2656,72.9590,936.8,7,71.2,-51.25,-35.15,-27.36,-44.84,-56.3,ASCENT, CXON
041, 13:26:07,726,757.8,88140,19.9,6.6, 13:26:07,19.2659,72.9590,938.0,7,40.34,-53.34,80.12,-13.69,-94.3,102.38,ASCENT, CXON
041, 13:26:08,727,758.9,88128,20.0,6.6, 13:26:08,19.2660,72.9591,939.1,7,54.08,-36.13,23.65,55.53,41.11,38.48,ASCENT, CXON
041, 13:26:09,728,760.1,88115,20.0,6.6, 13:26:09,19.2656,72.9595,940.3,7,143.78,81.02,-84.8,86.19,-105.01,-49.2,ASCENT, CXON
041, 13:26:10,729,761.3,88102,19.9,6.6, 13:26:10,19.2659,72.9598,941.5,7,85.78,87.21,-47.98,23.73,55.47,-85.23,ASCENT, CXON
041, 13:26:11,730,762.5,88090,19.9,6.6, 13:26:11,19.2662,72.9596,942.7,7,56.32,-44.41,28.05,43.89,7.9,113.13,ASCENT, CXON
041, 13:26:12,731,763.7,88077,19.9,6.6, 13:26:12,19.2663,72.9594,943.9,7,69.01,-70.61,-84.6,-47.92,123.67,49.96,ASCENT, CXON
041, 13:26:13,732,764.8,88065,19.9,6.6, 13:26:13,19.2664,72.9595,945.0,7,43.2,-81.21,13.19,32.38,-134.28,87.29,ASCENT, CXON
041, 13:26:14,733,766.0,88052,19.9,6.6, 13:26:14,19.2665,72.9594,946.2,7,153.56,-20.88,-15.36,12.88,108.69,156.04,ASCENT, CXON
041, 13:26:15,734,767.2,88040,19.9,6.6, 13:26:15,19.2667,72.9596,947.4,7,155.11,94.12,52.0,-90.74,21.92,-19.35,ASCENT, CXON
041, 13:26:16,735,768.4,88027,19.8,6.6, 13:26:16,19.2665,72.9598,948.6,7,98.72,-14.62,41.34,71.95,156.69,159.65,ASCENT, CXON
041, 13:26:17,736,769.6,88014,19.9,6.6, 13:26:17,19.2667,72.9598,949.8,7,152.85,-10.59,-28.51,-151.72,-9.55,10.39,ASCENT, CXON
041, 13:26:18,737,770.7,88002,19.8,6.6, 13:26:18,19.2667,72.9595,950.9,7,60.6,-11.2,-30.37,0.03,9.64,-35.68,ASCENT, CXON
041, 13:26:19,738,771.9,87990,19.8,6.6, 13:26:19,19.2668,72.9600,952.1,7,73.76,-29.65,-36.12,77.6,-2.17,94.7,ASCENT, CXON
041, 13:26:20,739,773.1,87977,19.8,6.6, 13:26:20,19.2666,72.9599,953.3,7,87.93,-22.93,93.14,-19.45,24.19,148.3,ASCENT, CXON
041, 13:26:21,740,774.3,87964,19.8,6.6, 13:26:21,19.2669,72.9598,954.5,7,44.32,91.52,6.87,26.28,-138.67,78.41,ASCENT, CXON
041, 13:26:22,741,775.5,87952,19.7,6.6, 13:26:22,19.2668,72.9602,955.7,7,84.26,-44.88,78.78,-88.75,-73.3,-4.18,ASCENT, CXON
041, 13:26:23,742,776.6,87940,19.8,6.6, 13:26:23,19.2666,72.9605,956.8,7,49.02,-17.13,56.61,68.07,93.8,-122.48,ASCENT, CXON
041, 13:26:24,743,777.8,87927,19.8,6.6, 13:26:24,19.2669,72.9605,958.0,7,146.96,-4.41,-48.44,-111.78,-1.13,-144.06,ASCENT, CXON
041, 13:26:25,744,779.0,87914,19.8,6.6, 13:26:25,19.2670,72.9609,959.2,7,58.1,-3.94,-6.28,-125.5,-75.7,134.99,ASCENT, CXON
041, 13:26:26,745,780.2,87902,19.8,6.6, 13:26:26,19.2671,72.9613,960.4,7,154.46,18.92,-89.93,118.99,-107.3,-83.15,ASCENT, CXON
041, 13:26:27,746,781.4,87889,19.8,6.6, 13:26:27,19.2672,72.9613,961.6,7,96.4,-71.82,43.61,12.0,-61.13,106.75,ASCENT, CXON
041, 13:26:28,747,782.5,87877,19.8,6.6, 13:26:28,19.2677,72.9610,962.7,7,86.63,-10.01,-48.68,78.01,129.6,-115.65,ASCENT, CXON
041, 13:26:29,748,783.7,87865,19.8,6.6, 13:26:29,19.2681,72.9610,963.9,7,52.56,-8.74,3.52,91.42,-100.47,-70.57,ASCENT, CXON
041, 13:26:30,749,784.9,87852,19.8,6.6, 13:26:30,19.2682,72.9607,965.1,7,130.06,-15.29,85.08,-88.53,120.79,-87.18,ASCENT, CXON
041, 13:26:31,750,786.1,87839,19.8,6.6, 13:26:31,19.2679,72.9606,966.3,7,156.64,-29.04,43.35,-149.04,5.07,12.6,ASCENT, CXON
041, 13:26:32,751,787.3,87826,19.7,6.6, 13:26:32,19.2679,72.9605,967.5,7,139.65,38.27,-75.93,-126.04,-143.24,-75.7,ASCENT, CXON
041, 13:26:33,752,788.4,87815,19.7,6.6, 13:26:33,19.2684,72.9609,968.6,7,54.93,58.38,52.43,-8.74,158.62,31.68,ASCENT, CXON
041, 13:26:34,753,789.6,87802,19.7,6.6, 13:26:34,19.2681,72.9610,969.8,7,114.9,71.56,-97.95,-156.87,151.27,-76.11,ASCENT, CXON
041, 13:26:35,754,790.8,87789,19.7,6.6, 13:26:35,19.2678,72.9613,971.0,7,147.61,12.45,21.7,-158.12,34.12,36.4,ASCENT, CXON
041, 13:26:36,755,792.0,87777,19.7,6.6, 13:26:36,19.2675,72.9611,972.2,7,118.37,-84.1,-78.63,-79.72,94.83,14.88,ASCENT, CXON
041, 13:26:37,756,793.2,87764,19.7,6.6, 13:26:37,19.2676,72.9609,973.4,7,107.86,71.09,-26.3,-20.95,24.77,155.9,ASCENT, CXON
041, 13:26:38,757,794.4,87751,19.7,6.6, 13:26:38,19.2677,72.9608,974.6,7,96.8,42.59,-95.95,2.43,-59.48,31.69,ASCENT, CXON
041, 13:26:39,758,795.5,87739,19.7,6.6, 13:26:39,19.2679,72.9607,975.7,7,70.72,2.01,6.51,-88.53,84.83,-0.14,ASCENT, CXON
041, 13:26:40,759,796.7,87727,19.7,6.6, 13:26:40,19.2683,72.9611,976.9,7,152.58,-50.4,-85.76,42.11,-152.08,114.01,ASCENT, CXON
041, 13:26:41,760,797.9,87714,19.7,6.6, 13:26:41,19.2683,72.9613,978.1,7,59.22,-27.0,57.36,57.83,27.31,-126.96,ASCENT, CXON
041, 13:26:42,761,799.1,87701,19.7,6.6, 13:26:42,19.2679,72.9615,979.3,7,108.73,84.85,10.88,133.88,-9.96,5.62,ASCENT, CXON
041, 13:26:43,762,800.3,87689,19.7,6.6, 13:26:43,19.2683,72.9615,980.5,7,40.26,-29.26,-60.44,39.54,2.95,-7.78,ASCENT, CXON
041, 13:26:44,763,801.4,87677,19.7,6.6, 13:26:44,19.2680,72.9611,981.6,7,124.09,19.35,30.49,0.13,-148.54,-15.46,ASCENT, CXON
041, 13:26:45,764,802.6,87664,19.7,6.6, 13:26:45,19.2676,72.9608,982.8,7,148.57,8.99,-67.1,66.12,135.92,116.84,ASCENT, CXON
041, 13:26:46,765,803.8,87652,19.7,6.6, 13:26:46,19.2673,72.9608,984.0,7,137.24,-31.72,-71.22,117.01,65.47,-157.61,ASCENT, CXON
041, 13:26:47,766,805.0,87639,19.7,6.6, 13:26:47,19.2678,72.9610,985.2,7,145.14,-78.97,15.19,-101.86,-53.78,-112.24,ASCENT, CXON
041, 13:26:48,767,806.2,87626,19.7,6.6, 13:26:48,19.2680,72.9612,986.4,7,148.57,53.62,-84.89,118.05,13.74,139.58,ASCENT, CXON
041, 13:26:49,768,807.4,87613,19.7,6.6, 13:26:49,19.2682,72.9610,987.6,7,158.09,7.85,80.45,-2.38,-55.53,51.93,ASCENT, CXON
041, 13:26:50,769,808.5,87602,19.7,6.6, 13:26:50,19.2680,72.9610,988.7,7,125.77,-54.31,-68.43,-5.12,50.56,-138.67,ASCENT, CXON
041, 13:26:51,770,809.7,87589,19.6,6.6, 13:26:51,19.2678,72.9613,989.9,7,76.68,-82.84,-2.75,118.25,88.7,-144.62,ASCENT, CXON
041, 13:26:52,771,810.9,87576,19.7,6.6, 13:26:52,19.2678,72.9615,991.1,7,102.62,-63.4,39.1,-118.75,-60.84,112.51,ASCENT, CXON
041, 13:26:53,772,812.1,87564,19.7,6.6, 13:26:53,19.2680,72.9615,992.3,7,86.08,10.44,-95.54,-47.51,-147.38,158.64,ASCENT, CXON
041, 13:26:54,773,813.3,87551,19.7,6.6, 13:26:54,19.2677,72.9619,993.5,7,73.96,60.94,30.22,33.58,77.26,-74.43,ASCENT, CXON
041, 13:26:55,774,814.5,87538,19.7,6.6, 13:26:55,19.2680,72.9623,994.7,7,70.54,-17.86,-27.68,-135.36,120.19,59.4,ASCENT, CXON
041, 13:26:56,775,815.6,87527,19.7,6.6, 13:26:56,19.2684,72.9620,995.8,8,82.94,37.27,6.93,-0.85,-77.21,-88.64,ASCENT, CXON
041, 13:26:57,776,815.1,87532,19.7,6.6, 13:26:57,19.2688,72.9624,995.3,6,122.27,-58.09,3.76,-79.13,-28.15,-85.09,DESCENT, CXON
041, 13:26:58,777,814.0,87544,19.7,6.6, 13:26:58,19.2691,72.9623,994.2,6,-58.19,112.18,-116.31,69.0,71.19,-86.23,DESCENT, CXON
041, 13:26:59,778,813.0,87554,19.8,6.6, 13:26:59,19.2691,72.9623,993.2,6,28.21,7.0,95.64,79.04,-34.68,-98.26,DESCENT, CXON
041, 13:27:00,779,811.9,87566,19.8,6.6, 13:27:00,19.2693,72.9620,992.1,6,-110.28,103.64,-35.39,-5.45,94.66,-60.99,DESCENT, CXON
041, 13:27:01,780,810.8,87578,19.8,6.6, 13:27:01,19.2694,72.9623,991.0,6,-89.07,67.54,121.84,65.21,58.12,89.47,DESCENT, CXON
041, 13:27:02,781,809.7,87589,19.8,6.6, 13:27:02,19.2697,72.9626,989.9,6,33.56,43.91,-83.62,-32.33,-34.91,71.77,DESCENT, CXON
041, 13:27:03,782,808.6,87601,19.8,6.6, 13:27:03,19.2702,72.9623,988.8,6,-113.97,-44.79,-109.92,90.0,-28.26,-22.35,DESCENT, CXON
041, 13:27:04,783,807.6,87611,19.8,6.6, 13:27:04,19.2704,72.9623,987.8,6,-10.36,118.86,-57.9,5.08,-4.29,-71.78,DESCENT, CXON
041, 13:27:05,784,806.5,87623,19.8,6.6, 13:27:05,19.2707,72.9623,986.7,6,-114.64,113.1,-94.25,76.86,-90.96,29.94,DESCENT, CXON
041, 13:27:06,785,805.4,87635,19.8,6.6, 13:27:06,19.2707,72.9626,985.6,6,-16.85,-21.24,-25.38,4.15,-43.86,90.62,DESCENT, CXON
041, 13:27:07,786,804.3,87646,19.7,6.6, 13:27:07,19.2708,72.9625,984.5,6,57.56,-119.73,45.92,-27.13,85.45,-39.98,DESCENT, CXON
041, 13:27:08,787,803.2,87658,19.7,6.6, 13:27:08,19.2709,72.9624,983.4,6,44.11,-22.98,54.11,-41.7,-8.69,11.41,DESCENT, CXON
041, 13:27:09,788,802.2,87669,19.7,6.6, 13:27:09,19.2709,72.9621,982.4,6,-100.82,-91.86,-82.2,-63.32,32.4,-31.83,DESCENT, CXON
041, 13:27:10,789,801.1,87680,19.8,6.6, 13:27:10,19.2707,72.9619,981.3,6,-92.46,47.35,20.39,-49.74,62.07,35.13,DESCENT, CXON
041, 13:27:11,790,800.0,87692,19.8,6.6, 13:27:11,19.2709,72.9619,980.2,6,-106.17,-35.22,115.98,-25.31,27.78,-82.33,DESCENT, CXON
041, 13:27:12,791,798.9,87703,19.8,6.6, 13:27:12,19.2708,72.9618,979.1,6,3.35,-64.39,-75.43,-74.28,37.41,1.87,DESCENT, CXON
041, 13:27:13,792,797.8,87715,19.8,6.6, 13:27:13,19.2712,72.9623,978.0,6,87.93,-123.62,-96.3,95.18,74.76,23.16,DESCENT, CXON
041, 13:27:14,793,796.8,87726,19.8,6.6, 13:27:14,19.2712,72.9620,977.0,6,12.5,-58.56,-98.31,74.07,14.94,75.23,DESCENT, CXON
041, 13:27:15,794,795.7,87737,19.8,6.6, 13:27:15,19.2710,72.9623,975.9,6,-75.66,38.4,14.28,-34.87,-84.0,-2.66,DESCENT, CXON
041, 13:27:16,795,794.6,87749,19.8,6.6, 13:27:16,19.2708,72.9621,974.8,6,-50.57,78.65,-69.64,26.79,-93.58,-83.57,DESCENT, CXON
041, 13:27:17,796,793.5,87761,19.8,6.6, 13:27:17,19.2705,72.9621,973.7,6,114.53,-28.3,14.84,-15.94,1.08,-91.33,DESCENT, CXON
041, 13:27:18,797,792.4,87772,19.8,6.6, 13:27:18,19.2704,72.9620,972.6,6,-81.37,112.77,88.65,-24.31,20.63,10.5,DESCENT, CXON
041, 13:27:19,798,791.4,87783,19.8,6.6, 13:27:19,19.2707,72.9617,971.6,6,16.9,-125.55,-124.32,-67.17,30.72,22.55,DESCENT, CXON
041, 13:27:20,799,790.3,87795,19.8,6.6, 13:27:20,19.2708,72.9613,970.5,6,119.09,-2.91,93.06,-91.6,67.03,-4.81,DESCENT, CXON
041, 13:27:21,800,789.2,87806,19.8,6.6, 13:27:21,19.2705,72.9614,969.4,6,-73.04,52.43,-84.84,37.97,23.51,42.35,DESCENT, CXON
041, 13:27:22,801,788.1,87818,19.9,6.6, 13:27:22,19.2707,72.9614,968.3,6,102.44,84.56,68.54,20.0,-47.69,81.58,DESCENT, CXON
041, 13:27:23,802,787.0,87830,19.9,6.6, 13:27:23,19.2706,72.9617,967.2,6,46.51,88.34,78.55,-9.1,-20.96,59.12,DESCENT, CXON
041, 13:27:24,803,786.0,87840,19.9,6.6, 13:27:24,19.2710,72.9613,966.2,6,-126.52,-9.17,-104.7,68.44,-82.37,76.43,DESCENT, CXON
041, 13:27:25,804,784.9,87852,19.9,6.6, 13:27:25,19.2713,72.9615,965.1,6,-23.3,25.01,13.79,89.72,1.51,7.93,DESCENT, CXON
041, 13:27:26,805,783.8,87863,19.9,6.6, 13:27:26,19.2715,72.9612,964.0,6,50.0,111.44,67.9,8.6,-29.31,-80.47,DESCENT, CXON
041, 13:27:27,806,782.7,87875,19.8,6.6, 13:27:27,19.2719,72.9616,962.9,6,-82.33,64.79,79.86,-4.01,71.66,-62.66,DESCENT, CXON
041, 13:27:28,807,781.6,87887,19.8,6.6, 13:27:28,19.2722,72.9616,961.8,6,-51.44,95.41,-28.1,-16.07,-55.28,-3.4,DESCENT, CXON
041, 13:27:29,808,780.6,87897,19.8,6.6, 13:27:29,19.2724,72.9616,960.8,6,-126.91,120.21,-55.1,9.15,91.77,-58.66,DESCENT, CXON
041, 13:27:30,809,779.5,87909,19.8,6.6, 13:27:30,19.2721,72.9620,959.7,6,4.48,-119.08,-59.38,2.22,-65.13,-38.72,DESCENT, CXON
041, 13:27:31,810,778.4,87921,19.8,6.6, 13:27:31,19.2719,72.9621,958.6,6,-100.68,5.19,38.45,-82.26,9.71,-38.11,DESCENT, CXON
041, 13:27:32,811,777.3,87932,19.8,6.6, 13:27:32,19.2723,72.9622,957.5,6,-82.42,-81.77,52.97,62.07,-87.49,-16.62,DESCENT, CXON
041, 13:27:33,812,776.2,87944,19.8,6.6, 13:27:33,19.2727,72.9623,956.4,6,63.49,68.86,-57.81,23.74,-24.97,-5.15,DESCENT, CXON
041, 13:27:34,813,775.1,87956,19.8,6.6, 13:27:34,19.2725,72.9627,955.3,6,-88.13,-48.61,90.8,97.04,-26.65,90.41,DESCENT, CXON
041, 13:27:35,814,774.1,87966,19.7,6.6, 13:27:35,19.2723,72.9623,954.3,6,68.12,-88.03,65.56,-98.6,-75.21,-28.49,DESCENT, CXON
041, 13:27:36,815,773.0,87978,19.7,6.6, 13:27:36,19.2722,72.9626,953.2,6,-1.85,120.97,89.32,-65.77,83.47,78.96,DESCENT, CXON
041, 13:27:37,816,771.9,87990,19.7,6.6, 13:27:37,19.2720,72.9625,952.1,6,-72.77,-79.02,29.67,-35.11,53.53,14.64,DESCENT, CXON
041, 13:27:38,817,770.8,88001,19.7,6.6, 13:27:38,19.2724,72.9626,951.0,6,34.35,-68.01,50.97,-18.79,44.3,16.84,DESCENT, CXON
041, 13:27:39,818,769.7,88013,19.7,6.6, 13:27:39,19.2727,72.9622,949.9,6,34.27,11.81,55.83,-34.21,-4.61,-4.63,DESCENT, CXON
041, 13:27:40,819,768.7,88024,19.7,6.6, 13:27:40,19.2728,72.9620,948.9,6,23.21,-62.54,-76.39,-53.68,78.96,-27.29,DESCENT, CXON
041, 13:27:41,820,767.6,88035,19.7,6.6, 13:27:41,19.2726,72.9621,947.8,6,-127.73,112.54,34.04,-77.49,3.78,-0.98,DESCENT, CXON
041, 13:27:42,821,766.5,88047,19.7,6.6, 13:27:42,19.2730,72.9623,946.7,6,-111.1,82.87,99.99,-39.13,42.28,72.04,DESCENT, CXON
041, 13:27:43,822,765.4,88059,19.8,6.6, 13:27:43,19.2734,72.9621,945.6,6,78.48,48.52,-8.93,80.38,60.66,98.87,DESCENT, CXON
041, 13:27:44,823,764.3,88070,19.8,6.6, 13:27:44,19.2737,72.9623,944.5,6,-25.94,-0.31,2.03,-56.85,-47.79,68.92,DESCENT, CXON
041, 13:27:45,824,763.3,88081,19.8,6.6, 13:27:45,19.2739,72.9624,943.5,6,19.02,43.27,-128.09,-11.27,93.94,-58.86,DESCENT, CXON
041, 13:27:46,825,762.2,88093,19.8,6.6, 13:27:46,19.2737,72.9627,942.4,6,-121.48,77.69,77.48,73.62,-48.58,86.31,DESCENT, CXON
041, 13:27:47,826,761.1,88104,19.8,6.6, 13:27:47,19.2742,72.9628,941.3,6,47.03,-101.3,-128.76,-47.08,-78.86,64.79,DESCENT, CXON
041, 13:27:48,827,760.0,88116,19.8,6.6, 13:27:48,19.2744,72.9626,940.2,6,54.79,-47.32,7.01,-84.82,66.56,57.45,DESCENT, CXON
041, 13:27:49,828,758.9,88128,19.8,6.6, 13:27:49,19.2743,72.9623,939.1,6,-45.46,62.37,16.4,-73.06,-51.85,-4.99,DESCENT, CXON
041, 13:27:50,829,757.9,88138,19.7,6.6, 13:27:50,19.2743,72.9620,938.1,6,101.11,-96.53,64.81,58.93,-36.91,8.41,DESCENT, CXON
041, 13:27:51,830,756.8,88150,19.8,6.6, 13:27:51,19.2742,72.9625,937.0,6,-62.49,118.39,-49.41,-15.7,-36.87,30.38,DESCENT, CXON
041, 13:27:52,831,755.7,88162,19.8,6.6, 13:27:52,19.2740,72.9630,935.9,6,57.92,1.63,90.91,-78.54,19.62,57.17,DESCENT, CXON
041, 13:27:53,832,754.6,88174,19.8,6.6, 13:27:53,19.2737,72.9630,934.8,6,-60.12,28.07,-26.8,-8.83,7.58,17.66,DESCENT, CXON
041, 13:27:54,833,753.5,88185,19.9,6.6, 13:27:54,19.2735,72.9628,933.7,6,-100.75,90.84,109.08,-74.82,-27.95,80.84,DESCENT, CXON
041, 13:27:55,834,752.5,88196,19.9,6.6, 13:27:55,19.2740,72.9627,932.7,6,-112.71,-65.09,0.63,-96.94,-49.27,-5.42,DESCENT, CXON
041, 13:27:56,835,751.4,88208,19.9,6.6, 13:27:56,19.2737,72.9626,931.6,6,-106.37,-98.22,-103.18,59.94,75.83,-91.46,DESCENT, CXON
041, 13:27:57,836,750.3,88219,19.9,6.6, 13:27:57,19.2739,72.9625,930.5,6,83.21,-108.83,-117.89,90.94,-55.74,83.05,DESCENT, CXON
041, 13:27:58,837,749.2,88231,19.9,6.6, 13:27:58,19.2736,72.9627,929.4,6,-92.04,43.18,44.83,-53.71,-4.69,-57.61,DESCENT, CXON
041, 13:27:59,838,748.1,88243,20.0,6.6, 13:27:59,19.2738,72.9629,928.3,6,-114.17,100.39,72.63,2.99,18.1,-1.55,DESCENT, CXON
041, 13:28:00,839,747.1,88253,20.0,6.6, 13:28:00,19.2736,72.9630,927.3,6,-74.44,-128.72,5.41,74.09,43.88,-58.17,DESCENT, CXON
041, 13:28:01,840,746.0,88265,20.0,6.6, 13:28:01,19.2737,72.9630,926.2,6,2.44,48.95,99.1,3.14,56.83,36.01,DESCENT, CXON
041, 13:28:02,841,744.9,88277,19.9,6.6, 13:28:02,19.2736,72.9629,925.1,6,-2.3,-53.42,129.44,46.82,-25.76,40.0,DESCENT, CXON
041, 13:28:03,842,743.8,88288,20.0,6.6, 13:28:03,19.2738,72.9634,924.0,6,-32.41,98.13,78.97,-36.0,-71.13,61.28,DESCENT, CXON
041, 13:28:04,843,742.7,88300,20.0,6.6, 13:28:04,19.2738,72.9637,922.9,6,102.49,108.31,69.26,-64.84,-26.15,-98.62,DESCENT, CXON
041, 13:28:05,844,741.7,88311,19.9,6.6, 13:28:05,19.2736,72.9637,921.9,6,-95.73,39.79,-23.13,-50.61,37.17,-34.39,DESCENT, CXON
041, 13:28:06,845,740.6,88323,19.9,6.6, 13:28:06,19.2739,72.9641,920.8,6,-53.6,-61.38,51.06,-70.73,93.32,30.66,DESCENT, CXON
041, 13:28:07,846,739.5,88334,19.9,6.6, 13:28:07,19.2738,72.9641,919.7,6,124.97,-92.34,23.86,-84.44,94.25,49.44,DESCENT, CXON
041, 13:28:08,847,738.4,88346,19.9,6.6, 13:28:08,19.2736,72.9639,918.6,6,-119.79,13.36,-108.91,-62.33,-65.18,84.02,DESCENT, CXON
041, 13:28:09,848,737.3,88358,19.9,6.6, 13:28:09,19.2741,72.9636,917.5,6,-93.47,-30.87,79.44,-80.28,57.77,8.82,DESCENT, CXON
041, 13:28:10,849,736.3,88368,19.9,6.6, 13:28:10,19.2737,72.9633,916.5,6,58.04,1.82,68.58,-60.24,-44.14,-57.69,DESCENT, CXON
041, 13:28:11,850,735.2,88380,20.0,6.6, 13:28:11,19.2734,72.9636,915.4,6,-119.92,-8.72,-63.14,52.92,43.74,36.77,DESCENT, CXON
041, 13:28:12,851,734.1,88392,19.9,6.6, 13:28:12,19.2736,72.9638,914.3,6,-127.59,87.99,103.31,-27.74,3.81,30.2,DESCENT, CXON
041, 13:28:13,852,733.0,88404,20.0,6.6, 13:28:13,19.2737,72.9641,913.2,6,-2.63,-121.46,12.3,-17.22,-32.97,-21.17,DESCENT, CXON
041, 13:28:14,853,731.9,88415,19.9,6.6, 13:28:14,19.2740,72.9645,912.1,6,-11.33,89.85,-97.37,3.15,48.89,56.22,DESCENT, CXON
041, 13:28:15,854,730.9,88426,19.9,6.6, 13:28:15,19.2745,72.9646,911.1,6,39.82,-40.05,-100.6,14.08,-19.06,78.01,DESCENT, CXON
041, 13:28:16,855,729.8,88438,19.9,6.6, 13:28:16,19.2746,72.9649,910.0,6,-95.18,129.03,21.0,19.49,-62.06,-81.78,DESCENT, CXON
041, 13:28:17,856,728.7,88449,20.0,6.6, 13:28:17,19.2748,72.9647,908.9,6,-3.42,69.7,36.56,81.93,-82.15,54.99,DESCENT, CXON
041, 13:28:18,857,727.6,88461,19.9,6.6, 13:28:18,19.2749,72.9644,907.8,6,-21.08,43.68,95.51,-84.57,1.93,59.06,DESCENT, CXON
041, 13:28:19,858,726.5,88473,19.9,6.6, 13:28:19,19.2753,72.9643,906.7,6,-75.7,-92.19,-72.91,-16.23,41.42,87.37,DESCENT, CXON
041, 13:28:20,859,725.5,88483,19.9,6.6, 13:28:20,19.2753,72.9645,905.7,6,-129.96,-21.15,-124.07,-73.57,61.75,-77.11,DESCENT, CXON
041, 13:28:21,860,724.4,88495,19.8,6.6, 13:28:21,19.2754,72.9641,904.6,6,-101.28,45.93,-24.76,-81.55,-4.28,-25.51,DESCENT, CXON
041, 13:28:22,861,723.3,88507,19.9,6.6, 13:28:22,19.2752,72.9638,903.5,6,13.33,119.74,72.19,-77.59,7.92,-28.41,DESCENT, CXON
041, 13:28:23,862,722.2,88519,19.9,6.6, 13:28:23,19.2753,72.9636,902.4,6,-16.47,6.93,-31.56,12.84,-81.98,-15.87,DESCENT, CXON
041, 13:28:24,863,721.1,88530,20.0,6.6, 13:28:24,19.2754,72.9639,901.3,6,81.2,61.47,-30.88,42.35,-60.08,23.41,DESCENT, CXON
041, 13:28:25,864,720.1,88541,19.9,6.6, 13:28:25,19.2752,72.9638,900.3,6,61.91,-124.58,97.84,-81.66,90.08,89.8,DESCENT, CXON
041, 13:28:26,865,719.0,88553,19.9,6.6, 13:28:26,19.2756,72.9638,899.2,6,92.52,-120.94,73.02,29.63,55.31,-70.14,DESCENT, CXON
041, 13:28:27,866,717.9,88565,19.9,6.6, 13:28:27,19.2757,72.9640,898.1,6,-83.43,17.64,121.89,-49.39,63.95,92.16,DESCENT, CXON
041, 13:28:28,867,716.8,88576,19.9,6.6, 13:28:28,19.2757,72.9640,897.0,6,-97.57,-110.6,-57.27,-65.28,79.9,-27.56,DESCENT, CXON
041, 13:28:29,868,715.7,88588,19.9,6.6, 13:28:29,19.2761,72.9644,895.9,6,54.92,-13.4,-66.63,12.84,-37.66,65.69,DESCENT, CXON
041, 13:28:30,869,714.7,88599,19.9,6.6, 13:28:30,19.2760,72.9644,894.9,6,11.02,125.42,128.31,-28.56,91.47,91.15,DESCENT, CXON
041, 13:28:31,870,713.6,88610,19.9,6.6, 13:28:31,19.2758,72.9647,893.8,6,-3.78,68.14,109.68,24.71,39.01,9.77,DESCENT, CXON
041, 13:28:32,871,712.5,88622,19.8,6.6, 13:28:32,19.2755,72.9645,892.7,6,124.95,-31.14,-94.86,-12.99,-88.0,21.41,DESCENT, CXON
041, 13:28:33,872,711.4,88634,19.8,6.6, 13:28:33,19.2757,72.9649,891.6,6,-126.46,55.91,21.33,-2.61,-15.73,-97.78,DESCENT, CXON
041, 13:28:34,873,710.3,88646,19.8,6.6, 13:28:34,19.2756,72.9654,890.5,6,-41.56,89.87,80.75,58.9,-1.62,-0.12,DESCENT, CXON
041, 13:28:35,874,709.3,88656,19.8,6.6, 13:28:35,19.2754,72.9650,889.5,6,-2.24,-12.12,118.49,86.16,-18.82,-0.8,DESCENT, CXON
041, 13:28:36,875,708.2,88668,19.8,6.6, 13:28:36,19.2755,72.9648,888.4,6,97.99,-118.93,-79.94,-4.56,99.4,-72.27,DESCENT, CXON
041, 13:28:37,876,707.1,88680,19.7,6.6, 13:28:37,19.2754,72.9652,887.3,6,-125.1,-68.14,-49.45,69.63,-79.56,34.78,DESCENT, CXON
041, 13:28:38,877,706.0,88692,19.8,6.6, 13:28:38,19.2757,72.9648,886.2,6,-4.39,-73.26,-98.3,-51.38,47.02,15.01,DESCENT, CXON
041, 13:28:39,878,704.9,88703,19.7,6.6, 13:28:39,19.2754,72.9652,885.1,6,66.08,-7.19,119.94,95.61,-58.66,-49.13,DESCENT, CXON
041, 13:28:40,879,703.9,88714,19.7,6.6, 13:28:40,19.2755,72.9653,884.1,6,71.24,7.7,-48.18,33.72,89.83,-90.02,DESCENT, CXON
041, 13:28:41,880,702.8,88726,19.7,6.6, 13:28:41,19.2758,72.9653,883.0,6,88.1,44.09,119.39,15.93,19.13,94.88,DESCENT, CXON
041, 13:28:42,881,701.7,88738,19.7,6.6, 13:28:42,19.2755,72.9657,881.9,6,-113.44,110.06,112.68,32.31,89.77,21.45,DESCENT, CXON
041, 13:28:43,882,700.6,88749,19.7,6.6, 13:28:43,19.2753,72.9654,880.8,6,63.19,-12.63,-97.58,11.81,-47.01,-47.53,DESCENT, CXON
041, 13:28:44,883,699.5,88761,19.8,6.6, 13:28:44,19.2756,72.9657,879.7,6,-16.46,-12.66,-17.66,-28.51,55.72,76.88,DESCENT, CXON
041, 13:28:45,884,698.5,88772,19.7,6.6, 13:28:45,19.2754,72.9653,878.7,6,48.15,71.84,-44.25,99.0,43.81,-35.8,DESCENT, CXON
041, 13:28:46,885,697.4,88784,19.8,6.6, 13:28:46,19.2751,72.9657,877.6,6,-17.06,-58.69,-31.79,5.71,5.45,-41.13,DESCENT, CXON
041, 13:28:47,886,696.3,88795,19.7,6.6, 13:28:47,19.2753,72.9659,876.5,6,-26.91,93.01,-125.5,-74.15,-96.34,10.89,DESCENT, CXON
041, 13:28:48,887,695.2,88807,19.7,6.6, 13:28:48,19.2754,72.9655,875.4,6,-120.6,120.23,100.28,-86.12,31.15,1.64,DESCENT, CXON
041, 13:28:49,888,694.1,88819,19.7,6.6, 13:28:49,19.2756,72.9659,874.3,6,47.24,107.95,-99.73,64.46,-36.09,84.16,DESCENT, CXON
041, 13:28:50,889,693.1,88830,19.7,6.6, 13:28:50,19.2759,72.9659,873.3,6,6.18,73.47,-114.93,7.84,13.62,43.59,DESCENT, CXON
041, 13:28:51,890,692.0,88841,19.7,6.6, 13:28:51,19.2762,72.9658,872.2,6,47.23,104.9,-33.96,5.23,-3.21,67.72,DESCENT, CXON
041, 13:28:52,891,690.9,88853,19.7,6.6, 13:28:52,19.2762,72.9660,871.1,6,-89.84,124.41,0.79,46.1,-17.53,-94.54,DESCENT, CXON
041, 13:28:53,892,689.8,88865,19.7,6.6, 13:28:53,19.2759,72.9665,870.0,6,22.64,-10.64,-122.51,-50.7,-32.55,29.91,DESCENT, CXON
041, 13:28:54,893,688.7,88877,19.6,6.6, 13:28:54,19.2757,72.9666,868.9,6,48.91,4.65,65.04,24.55,-83.28,31.33,DESCENT, CXON
041, 13:28:55,894,687.7,88887,19.6,6.6, 13:28:55,19.2761,72.9665,867.9,6,91.01,-70.21,39.03,-98.9,64.98,-10.78,DESCENT, CXON
041, 13:28:56,895,686.6,88899,19.6,6.6, 13:28:56,19.2760,72.9663,866.8,6,49.98,33.05,-115.84,-45.91,86.33,-43.43,DESCENT, CXON
041, 13:28:57,896,685.5,88911,19.6,6.6, 13:28:57,19.2759,72.9668,865.7,6,125.5,-96.43,-71.52,-65.8,-11.05,-43.22,DESCENT, CXON
041, 13:28:58,897,684.4,88923,19.6,6.6, 13:28:58,19.2756,72.9664,864.6,6,-100.85,-49.42,-95.2,-13.64,-27.29,45.47,DESCENT, CXON
041, 13:28:59,898,683.3,88934,19.6,6.6, 13:28:59,19.2756,72.9666,863.5,6,-95.62,28.73,99.73,77.01,-71.97,-66.78,DESCENT, CXON
041, 13:29:00,899,682.3,88945,19.7,6.6, 13:29:00,19.2759,72.9663,862.5,6,30.81,-124.05,61.56,58.93,-35.6,-99.43,DESCENT, CXON
041, 13:29:01,900,681.2,88957,19.7,6.6, 13:29:01,19.2761,72.9662,861.4,6,-44.47,81.09,121.86,-26.99,-55.8,99.29,DESCENT, CXON
041, 13:29:02,901,680.1,88969,19.7,6.6, 13:29:02,19.2760,72.9665,860.3,6,125.45,-8.0,92.31,-19.9,-15.58,60.44,DESCENT, CXON
041, 13:29:03,902,679.0,88981,19.7,6.6, 13:29:03,19.2762,72.9668,859.2,6,108.98,117.88,8.22,-22.45,-98.6,5.38,DESCENT, CXON
041, 13:29:04,903,677.9,88992,19.7,6.6, 13:29:04,19.2767,72.9667,858.1,6,112.32,-125.91,-36.44,56.75,34.62,34.58,DESCENT, CXON
041, 13:29:05,904,676.9,89003,19.7,6.6, 13:29:05,19.2770,72.9670,857.1,6,-5.78,16.13,79.01,-1.12,-4.89,-3.09,DESCENT, CXON
041, 13:29:06,905,675.8,89015,19.7,6.6, 13:29:06,19.2769,72.9673,856.0,6,-32.35,45.15,-31.87,79.84,88.03,55.53,DESCENT, CXON
041, 13:29:07,906,674.7,89027,19.7,6.6, 13:29:07,19.2769,72.9674,854.9,6,-121.22,11.79,111.39,-87.17,78.25,14.44,DESCENT, CXON
041, 13:29:08,907,673.6,89038,19.7,6.6, 13:29:08,19.2771,72.9677,853.8,6,-20.5,-99.34,92.23,75.45,44.26,-56.48,DESCENT, CXON
041, 13:29:09,908,672.5,89050,19.7,6.6, 13:29:09,19.2770,72.9677,852.7,6,-11.04,124.94,33.0,95.27,81.68,-64.52,DESCENT, CXON
041, 13:29:10,909,671.5,89061,19.7,6.6, 13:29:10,19.2771,72.9678,851.7,6,62.33,-51.81,46.25,-26.08,56.48,-1.28,DESCENT, CXON
041, 13:29:11,910,670.4,89073,19.7,6.6, 13:29:11,19.2770,72.9674,850.6,6,102.86,6.47,37.99,66.1,78.09,-22.81,DESCENT, CXON
041, 13:29:12,911,669.3,89084,19.8,6.6, 13:29:12,19.2773,72.9677,849.5,6,-35.68,-20.84,-34.71,-31.58,-17.6,69.57,DESCENT, CXON
041, 13:29:13,912,668.2,89096,19.7,6.6, 13:29:13,19.2776,72.9678,848.4,6,36.98,-52.11,68.81,74.81,-23.62,-0.15,DESCENT, CXON
041, 13:29:14,913,667.1,89108,19.7,6.6, 13:29:14,19.2780,72.9680,847.3,6,-13.74,36.47,-81.85,-99.25,-28.55,15.04,DESCENT, CXON
041, 13:29:15,914,666.1,89119,19.7,6.6, 13:29:15,19.2779,72.9678,846.3,6,62.42,-36.19,63.0,49.9,-24.89,-93.67,DESCENT, CXON
041, 13:29:16,915,665.0,89131,19.7,6.6, 13:29:16,19.2780,72.9680,845.2,6,12.65,105.84,-127.72,93.71,23.26,-18.54,DESCENT, CXON
041, 13:29:17,916,663.9,89142,19.7,6.6, 13:29:17,19.2781,72.9676,844.1,6,32.1,-22.84,19.2,66.07,-73.64,68.88,DESCENT, CXON
041, 13:29:18,917,662.8,89154,19.7,6.6, 13:29:18,19.2777,72.9673,843.0,6,-60.37,7.54,114.36,-65.61,-42.19,-25.39,DESCENT, CXON
041, 13:29:19,918,661.7,89166,19.7,6.6, 13:29:19,19.2779,72.9670,841.9,6,-118.61,20.73,58.19,-73.23,-90.39,33.76,DESCENT, CXON
041, 13:29:20,919,660.7,89177,19.7,6.6, 13:29:20,19.2781,72.9667,840.9,6,-23.53,-115.52,-107.19,-29.62,75.51,81.93,DESCENT, CXON
041, 13:29:21,920,659.6,89189,19.7,6.6, 13:29:21,19.2782,72.9668,839.8,6,40.54,-0.88,-26.6,67.36,-39.8,-18.85,DESCENT, CXON
041, 13:29:22,921,658.5,89200,19.7,6.6, 13:29:22,19.2781,72.9668,838.7,6,-25.48,-75.39,-37.76,57.91,-62.43,-4.5,DESCENT, CXON
041, 13:29:23,922,657.4,89212,19.7,6.6, 13:29:23,19.2784,72.9665,837.6,6,-3.53,-81.24,38.08,35.55,-55.76,-53.88,DESCENT, CXON
041, 13:29:24,923,656.3,89224,19.7,6.6, 13:29:24,19.2788,72.9669,836.5,6,75.77,-27.58,-11.12,-59.76,-7.95,90.18,DESCENT, CXON
041, 13:29:25,924,655.3,89235,19.6,6.6, 13:29:25,19.2786,72.9673,835.5,6,-51.63,-3.29,-116.47,38.12,2.8,60.18,DESCENT, CXON
041, 13:29:26,925,654.2,89247,19.6,6.6, 13:29:26,19.2784,72.9671,834.4,6,25.41,-117.2,113.59,44.11,-1.31,-27.73,DESCENT, CXON
041, 13:29:27,926,653.1,89258,19.6,6.6, 13:29:27,19.2787,72.9668,833.3,6,-104.24,48.26,-7.82,58.32,-17.71,96.46,DESCENT, CXON
041, 13:29:28,927,652.0,89270,19.6,6.6, 13:29:28,19.2788,72.9669,832.2,6,-12.89,82.64,53.36,63.71,-49.42,0.97,DESCENT, CXON
041, 13:29:29,928,650.9,89282,19.6,6.6, 13:29:29,19.2784,72.9672,831.1,6,-13.51,-88.67,92.28,11.29,48.07,47.98,DESCENT, CXON
041, 13:29:30,929,649.9,89293,19.6,6.6, 13:29:30,19.2781,72.9671,830.1,6,-87.42,35.4,-72.93,-94.34,-72.74,-65.12,DESCENT, CXON
041, 13:29:31,930,648.8,89305,19.6,6.6, 13:29:31,19.2781,72.9667,829.0,6,7.34,-64.09,-106.23,-88.66,-69.81,-19.83,DESCENT, CXON
041, 13:29:32,931,647.7,89316,19.6,6.6, 13:29:32,19.2778,72.9670,827.9,6,97.73,-45.84,-111.33,93.04,-83.18,29.99,DESCENT, CXON
041, 13:29:33,932,646.6,89328,19.6,6.6, 13:29:33,19.2782,72.9667,826.8,6,57.33,105.84,103.24,69.82,-12.72,2.35,DESCENT, CXON
041, 13:29:34,933,645.5,89340,19.6,6.6, 13:29:34,19.2780,72.9663,825.7,6,-76.92,-93.45,111.63,-38.18,-29.51,94.91,DESCENT, CXON
041, 13:29:35,934,644.5,89351,19.6,6.6, 13:29:35,19.2777,72.9662,824.7,6,-54.36,116.62,-20.61,94.56,-45.98,-90.51,DESCENT, CXON
041, 13:29:36,935,643.4,89363,19.7,6.6, 13:29:36,19.2780,72.9663,823.6,6,-56.2,86.88,-18.42,96.71,11.61,88.76,DESCENT, CXON
041, 13:29:37,936,642.3,89374,19.7,6.6, 13:29:37,19.2782,72.9666,822.5,6,40.32,-123.96,48.9,52.34,-61.27,-80.96,DESCENT, CXON
041, 13:29:38,937,641.2,89386,19.7,6.6, 13:29:38,19.2779,72.9670,821.4,6,-22.02,128.83,60.84,-14.34,-63.48,-14.69,DESCENT, CXON
041, 13:29:39,938,640.1,89398,19.7,6.6, 13:29:39,19.2783,72.9669,820.3,6,-123.91,42.82,48.73,29.47,60.64,62.42,DESCENT, CXON
041, 13:29:40,939,639.1,89409,19.7,6.6, 13:29:40,19.2780,72.9674,819.3,6,43.27,-105.44,-86.2,28.27,-38.79,87.43,DESCENT, CXON
041, 13:29:41,940,638.0,89421,19.7,6.6, 13:29:41,19.2781,72.9678,818.2,6,-50.99,101.95,58.06,13.82,89.23,76.73,DESCENT, CXON
041, 13:29:42,941,636.9,89432,19.7,6.6, 13:29:42,19.2777,72.9676,817.1,6,39.19,-99.61,37.23,-30.6,-22.51,64.55,DESCENT, CXON
041, 13:29:43,942,635.8,89444,19.7,6.6, 13:29:43,19.2777,72.9677,816.0,6,126.25,110.74,27.98,-84.22,80.33,-90.87,DESCENT, CXON
041, 13:29:44,943,634.7,89456,19.7,6.6, 13:29:44,19.2775,72.9680,814.9,6,48.5,-87.03,106.18,99.65,31.38,96.43,DESCENT, CXON
041, 13:29:45,944,633.7,89467,19.7,6.6, 13:29:45,19.2778,72.9684,813.9,6,50.98,-108.25,-33.16,40.79,-26.82,-66.69,DESCENT, CXON
041, 13:29:46,945,632.6,89479,19.7,6.6, 13:29:46,19.2778,72.9681,812.8,6,58.93,-74.61,113.3,-78.57,26.25,28.7,DESCENT, CXON
041, 13:29:47,946,631.5,89491,19.6,6.6, 13:29:47,19.2779,72.9683,811.7,6,-81.88,-6.03,87.36,23.63,-51.26,-33.18,DESCENT, CXON
041, 13:29:48,947,630.4,89502,19.7,6.6, 13:29:48,19.2779,72.9684,810.6,6,-18.17,-129.31,-102.34,68.42,-8.99,-41.65,DESCENT, CXON
041, 13:29:49,948,629.3,89514,19.7,6.6, 13:29:49,19.2776,72.9687,809.5,6,67.51,-78.77,-47.45,-84.67,-36.43,4.21,DESCENT, CXON
041, 13:29:50,949,628.3,89525,19.7,6.6, 13:29:50,19.2780,72.9692,808.5,6,17.52,-118.72,-95.06,34.52,-73.93,79.84,DESCENT, CXON
041, 13:29:51,950,627.2,89537,19.6,6.6, 13:29:51,19.2785,72.9692,807.4,6,14.33,25.0,-99.2,-32.89,-26.23,47.56,DESCENT, CXON
041, 13:29:52,951,626.1,89549,19.6,6.6, 13:29:52,19.2783,72.9692,806.3,6,108.1,-84.63,-39.29,23.16,99.05,-94.94,DESCENT, CXON
041, 13:29:53,952,625.0,89561,19.7,6.6, 13:29:53,19.2784,72.9696,805.2,6,-105.08,25.55,-47.59,51.08,42.89,-16.84,DESCENT, CXON
041, 13:29:54,953,623.9,89572,19.6,6.6, 13:29:54,19.2786,72.9697,804.1,6,63.9,116.74,-66.43,37.92,61.35,-46.82,DESCENT, CXON
041, 13:29:55,954,622.9,89583,19.7,6.6, 13:29:55,19.2791,72.9698,803.1,6,122.93,99.94,73.3,-25.88,-8.35,17.44,DESCENT, CXON
041, 13:29:56,955,621.8,89595,19.7,6.6, 13:29:56,19.2795,72.9696,802.0,6,5.41,-92.28,-85.58,-41.84,-90.49,13.96,DESCENT, CXON
041, 13:29:57,956,620.7,89607,19.7,6.6, 13:29:57,19.2798,72.9697,800.9,6,47.67,-107.81,-44.28,-95.76,-68.02,69.97,DESCENT, CXON
041, 13:29:58,957,619.6,89619,19.6,6.6, 13:29:58,19.2797,72.9699,799.8,6,96.59,85.7,120.87,93.17,-20.29,97.61,DESCENT, CXON
041, 13:29:59,958,618.5,89631,19.7,6.6, 13:29:59,19.2796,72.9700,798.7,6,89.81,-104.24,101.7,34.08,18.6,-18.6,DESCENT, CXON
041, 13:30:00,959,617.5,89641,19.6,6.6, 13:30:00,19.2798,72.9700,797.7,6,55.58,97.82,-107.4,-96.24,88.25,-61.33,DESCENT, CXON
041, 13:30:01,960,616.4,89653,19.7,6.6, 13:30:01,19.2796,72.9696,796.6,6,-18.57,25.96,-115.85,-97.71,-42.53,76.2,DESCENT, CXON
041, 13:30:02,961,615.3,89665,19.7,6.6, 13:30:02,19.2796,72.9696,795.5,6,54.23,-55.92,-37.67,0.75,-52.58,-14.16,DESCENT, CXON
041, 13:30:03,962,614.2,89677,19.7,6.6, 13:30:03,19.2793,72.9695,794.4,6,18.26,-69.76,-29.21,11.91,-27.12,-63.43,DESCENT, CXON
041, 13:30:04,963,613.1,89689,19.7,6.6, 13:30:04,19.2797,72.9692,793.3,6,14.03,11.71,-23.53,25.18,76.68,-36.19,DESCENT, CXON
041, 13:30:05,964,612.1,89700,19.7,6.6, 13:30:05,19.2801,72.9693,792.3,6,66.06,-28.75,-45.8,38.02,13.6,82.66,DESCENT, CXON
041, 13:30:06,965,611.0,89711,19.7,6.6, 13:30:06,19.2803,72.9697,791.2,6,-8.67,74.77,-101.53,27.93,-34.16,38.68,DESCENT, CXON
041, 13:30:07,966,609.9,89723,19.6,6.6, 13:30:07,19.2801,72.9700,790.1,6,55.2,107.34,-22.41,-86.92,61.73,-48.72,DESCENT, CXON
041, 13:30:08,967,608.8,89735,19.6,6.6, 13:30:08,19.2801,72.9696,789.0,6,-71.02,64.52,-10.46,76.34,61.38,6.76,DESCENT, CXON
041, 13:30:09,968,607.7,89747,19.7,6.6, 13:30:09,19.2801,72.9697,787.9,6,-115.99,96.48,-91.07,16.06,-45.78,-23.64,DESCENT, CXON
041, 13:30:10,969,606.7,89758,19.7,6.6, 13:30:10,19.2799,72.9699,786.9,6,32.82,-109.02,123.0,-78.73,-55.38,-43.72,DESCENT, CXON
041, 13:30:11,970,605.6,89770,19.7,6.6, 13:30:11,19.2803,72.9696,785.8,6,19.29,32.3,-63.03,-28.95,-11.02,77.41,DESCENT, CXON
041, 13:30:12,971,604.5,89782,19.7,6.6, 13:30:12,19.2800,72.9695,784.7,6,82.35,-17.09,-28.41,27.77,-91.91,29.61,DESCENT, CXON
041, 13:30:13,972,603.4,89793,19.7,6.6, 13:30:13,19.2800,72.9699,783.6,6,-61.8,7.82,-40.11,10.53,-21.82,-31.17,DESCENT, CXON
041, 13:30:14,973,602.3,89805,19.7,6.6, 13:30:14,19.2805,72.9698,782.5,6,-8.7,-34.96,95.4,-26.56,36.01,-64.63,DESCENT, CXON
041, 13:30:15,974,601.3,89816,19.7,6.6, 13:30:15,19.2809,72.9697,781.5,6,117.73,17.35,-41.31,10.2,86.18,38.7,DESCENT, CXON
041, 13:30:16,975,600.2,89828,19.7,6.6, 13:30:16,19.2811,72.9694,780.4,6,86.26,36.46,38.58,-39.22,52.6,5.43,DESCENT, CXON
041, 13:30:17,976,599.1,89840,19.7,6.6, 13:30:17,19.2814,72.9696,779.3,6,88.36,50.99,-29.98,91.07,81.16,34.26,DESCENT, CXON
041, 13:30:18,977,598.0,89852,19.7,6.6, 13:30:18,19.2810,72.9700,778.2,6,86.01,24.61,-8.85,60.73,-95.74,-19.95,DESCENT, CXON
041, 13:30:19,978,596.9,89864,19.7,6.6, 13:30:19,19.2809,72.9701,777.1,6,103.33,-23.23,-100.11,-97.39,67.08,-6.31,DESCENT, CXON
041, 13:30:20,979,595.9,89874,19.7,6.6, 13:30:20,19.2806,72.9697,776.1,6,102.89,-117.68,-46.34,-5.35,14.66,-55.54,DESCENT, CXON
041, 13:30:21,980,594.8,89886,19.7,6.6, 13:30:21,19.2811,72.9694,775.0,6,-53.07,-103.28,-54.7,-57.36,-93.93,61.45,DESCENT, CXON
041, 13:30:22,981,593.7,89898,19.7,6.6, 13:30:22,19.2814,72.9697,773.9,6,-123.51,22.51,91.3,26.45,20.79,-14.9,DESCENT, CXON
041, 13:30:23,982,592.6,89910,19.7,6.6, 13:30:23,19.2813,72.9697,772.8,6,-7.43,-81.33,44.9,66.86,30.74,-97.92,DESCENT, CXON
041, 13:30:24,983,591.5,89922,19.7,6.6, 13:30:24,19.2810,72.9698,771.7,6,47.66,8.89,-44.08,-96.6,40.81,-66.73,DESCENT, CXON
041, 13:30:25,984,590.5,89933,19.7,6.6, 13:30:25,19.2813,72.9695,770.7,6,123.19,64.47,96.89,-63.09,44.05,-24.31,DESCENT, CXON
041, 13:30:26,985,589.4,89945,19.7,6.6, 13:30:26,19.2813,72.9700,769.6,6,-16.06,-8.59,55.92,-69.72,79.16,-33.56,DESCENT, CXON
041, 13:30:27,986,588.3,89957,19.7,6.6, 13:30:27,19.2810,72.9701,768.5,6,-67.43,-15.62,-77.94,44.85,47.47,37.23,DESCENT, CXON
041, 13:30:28,987,587.2,89968,19.7,6.6, 13:30:28,19.2811,72.9698,767.4,6,56.2,12.26,112.41,63.63,31.05,65.47,DESCENT, CXON
041, 13:30:29,988,586.1,89980,19.7,6.6, 13:30:29,19.2808,72.9700,766.3,6,43.09,34.45,3.09,-8.98,83.84,-24.72,DESCENT, CXON
041, 13:30:30,989,585.1,89991,19.6,6.6, 13:30:30,19.2811,72.9704,765.3,6,126.24,-16.49,-89.59,-1.45,-1.97,-22.51,DESCENT, CXON
041, 13:30:31,990,584.0,90003,19.7,6.6, 13:30:31,19.2816,72.9702,764.2,6,-56.19,85.74,-69.17,44.98,-45.23,-18.18,DESCENT, CXON
041, 13:30:32,991,582.9,90015,19.7,6.6, 13:30:32,19.2819,72.9706,763.1,6,110.46,-88.64,-123.31,-11.96,48.05,9.42,DESCENT, CXON
041, 13:30:33,992,581.8,90027,19.7,6.6, 13:30:33,19.2821,72.9704,762.0,6,-25.57,-113.05,-27.6,50.24,-36.75,-62.98,DESCENT, CXON
041, 13:30:34,993,580.7,90039,19.7,6.6, 13:30:34,19.2823,72.9701,760.9,6,-17.77,-70.44,81.11,-16.34,-11.29,75.52,DESCENT, CXON
041, 13:30:35,994,579.7,90050,19.7,6.6, 13:30:35,19.2828,72.9700,759.9,6,10.3,38.58,-42.94,25.8,-15.71,66.22,DESCENT, CXON
041, 13:30:36,995,578.6,90061,19.7,6.6, 13:30:36,19.2829,72.9702,758.8,6,-28.6,-91.57,-35.47,-34.9,-97.12,53.83,DESCENT, CXON
041, 13:30:37,996,577.5,90073,19.7,6.6, 13:30:37,19.2831,72.9699,757.7,6,-97.33,56.43,-119.41,73.79,1.61,93.39,DESCENT, CXON
041, 13:30:38,997,576.4,90085,19.7,6.6, 13:30:38,19.2830,72.9699,756.6,6,70.04,-9.93,57.22,98.23,49.77,2.71,DESCENT, CXON
041, 13:30:39,998,575.3,90097,19.7,6.6, 13:30:39,19.2831,72.9699,755.5,6,113.2,126.66,17.69,11.72,-79.37,13.1,DESCENT, CXON
041, 13:30:40,999,574.3,90108,19.7,6.6, 13:30:40,19.2834,72.9697,754.5,6,55.57,-56.65,24.84,55.04,-93.54,68.04,DESCENT, CXON
041, 13:30:41,1000,573.2,90120,19.7,6.6, 13:30:41,19.2833,72.9698,753.4,6,62.69,-83.7,-111.75,-53.74,26.88,-19.39,DESCENT, CXON
041, 13:30:42,1001,572.1,90132,19.8,6.6, 13:30:42,19.2832,72.9699,752.3,6,-92.09,28.43,38.29,-52.71,33.29,-72.26,DESCENT, CXON
041, 13:30:43,1002,571.0,90144,19.8,6.6, 13:30:43,19.2836,72.9701,751.2,6,-74.21,60.4,29.78,-24.3,38.57,52.04,DESCENT, CXON
041, 13:30:44,1003,569.9,90156,19.8,6.6, 13:30:44,19.2841,72.9705,750.1,6,-17.13,110.96,128.31,-31.1,-61.77,-51.19,DESCENT, CXON
041, 13:30:45,1004,568.9,90166,19.8,6.6, 13:30:45,19.2839,72.9708,749.1,6,-125.15,29.11,-23.95,42.01,-48.25,-4.3,DESCENT, CXON
041, 13:30:46,1005,567.8,90178,19.8,6.6, 13:30:46,19.2843,72.9707,748.0,6,-53.26,112.98,-33.77,8.21,-71.88,-17.66,DESCENT, CXON
041, 13:30:47,1006,566.7,90190,19.8,6.6, 13:30:47,19.2846,72.9711,746.9,6,-69.99,-116.36,-96.16,30.11,9.13,-26.15,DESCENT, CXON
041, 13:30:48,1007,565.6,90202,19.8,6.6, 13:30:48,19.2847,72.9711,745.8,6,-93.75,71.66,-82.07,60.05,52.23,-12.61,DESCENT, CXON
041, 13:30:49,1008,564.5,90214,19.8,6.6, 13:30:49,19.2844,72.9713,744.7,6,-33.59,16.32,-34.31,-46.76,-67.4,52.47,DESCENT, CXON
041, 13:30:50,1009,563.5,90225,19.8,6.6, 13:30:50,19.2848,72.9710,743.7,6,-70.41,-89.14,15.5,55.53,-93.8,84.97,DESCENT, CXON
041, 13:30:51,1010,562.4,90237,19.8,6.6, 13:30:51,19.2848,72.9710,742.6,6,-105.59,-61.76,96.42,-43.0,80.17,66.7,DESCENT, CXON
041, 13:30:52,1011,561.3,90249,19.8,6.6, 13:30:52,19.2848,72.9714,741.5,6,-49.05,-66.36,-124.66,6.69,10.02,-57.66,DESCENT, CXON
041, 13:30:53,1012,560.2,90261,19.8,6.6, 13:30:53,19.2846,72.9717,740.4,6,96.78,-20.76,-96.14,14.15,-40.94,-79.0,DESCENT, CXON
041, 13:30:54,1013,559.1,90273,19.8,6.6, 13:30:54,19.2844,72.9715,739.3,6,58.2,108.36,-38.56,17.09,-55.86,-6.96,DESCENT, CXON
041, 13:30:55,1014,558.1,90283,19.8,6.6, 13:30:55,19.2845,72.9716,738.3,6,-118.7,-99.14,-22.3,-70.45,9.25,18.64,DESCENT, CXON
041, 13:30:56,1015,557.0,90295,19.8,6.6, 13:30:56,19.2846,72.9719,737.2,6,-99.99,96.97,111.72,18.27,65.52,10.0,DESCENT, CXON
041, 13:30:57,1016,555.9,90307,19.8,6.6, 13:30:57,19.2846,72.9721,736.1,6,76.52,102.39,4.71,88.99,-25.6,-96.26,DESCENT, CXON
041, 13:30:58,1017,554.8,90319,19.8,6.6, 13:30:58,19.2849,72.9719,735.0,6,-123.44,57.89,-80.28,70.35,13.21,-72.83,DESCENT, CXON
041, 13:30:59,1018,553.7,90331,19.8,6.6, 13:30:59,19.2847,72.9724,733.9,6,-115.31,-91.39,24.57,35.3,20.44,84.67,DESCENT, CXON
041, 13:31:00,1019,552.7,90342,19.8,6.6, 13:31:00,19.2848,72.9723,732.9,6,-26.99,-27.15,99.39,-42.95,38.41,13.5,DESCENT, CXON
041, 13:31:01,1020,551.6,90354,19.7,6.6, 13:31:01,19.2846,72.9722,731.8,6,-79.92,52.23,50.23,-26.98,-76.47,19.09,DESCENT, CXON
041, 13:31:02,1021,550.5,90366,19.7,6.6, 13:31:02,19.2848,72.9718,730.7,6,-118.13,82.92,95.66,-82.52,-55.39,-14.74,DESCENT, CXON
041, 13:31:03,1022,549.4,90378,19.8,6.6, 13:31:03,19.2853,72.9715,729.6,6,105.39,-115.2,26.47,94.35,44.35,82.74,DESCENT, CXON
041, 13:31:04,1023,548.3,90390,19.7,6.6, 13:31:04,19.2857,72.9713,728.5,6,70.62,108.59,-74.43,-21.69,54.1,14.72,DESCENT, CXON
041, 13:31:05,1024,547.3,90401,19.8,6.6, 13:31:05,19.2857,72.9711,727.5,6,-58.65,97.45,-62.05,79.26,60.59,14.06,DESCENT, CXON
041, 13:31:06,1025,546.2,90413,19.7,6.6, 13:31:06,19.2854,72.9714,726.4,6,119.24,120.23,-57.15,87.34,-11.94,-26.44,DESCENT, CXON
041, 13:31:07,1026,545.1,90424,19.8,6.6, 13:31:07,19.2856,72.9713,725.3,6,-102.16,-82.44,-61.54,-61.61,14.18,-37.08,DESCENT, CXON
041, 13:31:08,1027,544.0,90436,19.7,6.6, 13:31:08,19.2855,72.9709,724.2,6,-127.55,13.43,-122.28,11.46,-94.88,-6.13,DESCENT, CXON
041, 13:31:09,1028,542.9,90448,19.8,6.6, 13:31:09,19.2853,72.9713,723.1,6,122.84,81.58,112.32,94.32,-26.44,8.7,DESCENT, CXON
041, 13:31:10,1029,541.9,90459,19.7,6.6, 13:31:10,19.2851,72.9711,722.1,6,-12.73,11.54,127.62,-32.82,-99.22,-22.42,DESCENT, CXON
041, 13:31:11,1030,540.8,90471,19.8,6.6, 13:31:11,19.2852,72.9712,721.0,6,88.16,-44.92,27.9,90.5,94.47,12.99,DESCENT, CXON
041, 13:31:12,1031,539.7,90483,19.8,6.6, 13:31:12,19.2855,72.9714,719.9,6,45.53,-29.98,56.19,-29.67,-53.48,-80.03,DESCENT, CXON
041, 13:31:13,1032,538.6,90495,19.7,6.6, 13:31:13,19.2854,72.9713,718.8,6,-33.31,-21.7,123.43,5.27,9.83,-19.9,DESCENT, CXON
041, 13:31:14,1033,537.5,90507,19.7,6.6, 13:31:14,19.2855,72.9714,717.7,6,-38.72,-81.84,-74.62,-82.14,-43.1,-91.89,DESCENT, CXON
041, 13:31:15,1034,536.5,90518,19.7,6.6, 13:31:15,19.2852,72.9717,716.7,6,-12.54,32.17,-18.14,58.88,35.93,-75.83,DESCENT, CXON
041, 13:31:16,1035,535.4,90530,19.7,6.6, 13:31:16,19.2855,72.9716,715.6,6,-71.75,-121.22,126.37,-76.18,-49.72,86.17,DESCENT, CXON
041, 13:31:17,1036,534.3,90542,19.7,6.6, 13:31:17,19.2855,72.9718,714.5,6,73.43,123.37,-47.14,-83.1,-56.92,-99.01,DESCENT, CXON
041, 13:31:18,1037,533.2,90554,19.7,6.6, 13:31:18,19.2859,72.9715,713.4,6,-60.3,101.23,22.65,-20.09,-85.59,-88.76,DESCENT, CXON
041, 13:31:19,1038,532.1,90566,19.6,6.6, 13:31:19,19.2856,72.9716,712.3,6,82.63,-129.39,-55.26,-17.31,21.97,47.15,DESCENT, CXON
041, 13:31:20,1039,531.1,90577,19.6,6.6, 13:31:20,19.2855,72.9718,711.3,6,-10.48,111.58,7.58,17.11,33.19,-3.52,DESCENT, CXON
041, 13:31:21,1040,530.0,90588,19.6,6.6, 13:31:21,19.2856,72.9723,710.2,6,-50.63,-1.46,123.38,62.9,10.82,-39.14,DESCENT, CXON
041, 13:31:22,1041,528.9,90600,19.6,6.6, 13:31:22,19.2856,72.9723,709.1,6,-63.43,-5.05,19.17,-79.59,31.78,42.01,DESCENT, CXON
041, 13:31:23,1042,527.8,90612,19.6,6.6, 13:31:23,19.2852,72.9723,708.0,6,45.52,-22.94,23.12,21.01,-91.13,-89.26,DESCENT, CXON
041, 13:31:24,1043,526.7,90624,19.6,6.6, 13:31:24,19.2854,72.9723,706.9,6,-62.49,-95.71,38.01,52.92,-21.44,-82.94,DESCENT, CXON
041, 13:31:25,1044,525.7,90635,19.5,6.6, 13:31:25,19.2857,72.9723,705.9,6,100.68,-28.68,-123.87,-59.07,78.02,41.12,DESCENT, CXON
041, 13:31:26,1045,524.6,90647,19.5,6.6, 13:31:26,19.2857,72.9723,704.8,6,-123.42,109.68,8.09,-47.21,-93.7,14.24,DESCENT, CXON
041, 13:31:27,1046,523.5,90659,19.5,6.6, 13:31:27,19.2861,72.9727,703.7,6,42.93,-115.15,-49.13,16.36,-16.78,-56.58,DESCENT, CXON
041, 13:31:28,1047,522.4,90671,19.5,6.6, 13:31:28,19.2863,72.9726,702.6,6,-7.79,96.84,-92.53,25.81,-53.39,80.96,DESCENT, CXON
041, 13:31:29,1048,521.3,90683,19.5,6.6, 13:31:29,19.2862,72.9727,701.5,6,-46.42,-38.67,117.9,93.94,98.84,81.65,DESCENT, CXON
041, 13:31:30,1049,520.3,90694,19.5,6.6, 13:31:30,19.2866,72.9727,700.5,6,108.89,77.29,-56.16,-28.09,38.11,-67.19,DESCENT, CXON
041, 13:31:31,1050,519.2,90706,19.5,6.6, 13:31:31,19.2863,72.9731,699.4,6,129.37,83.31,1.02,49.22,37.41,-11.73,DESCENT, CXON
041, 13:31:32,1051,518.1,90718,19.5,6.6, 13:31:32,19.2861,72.9730,698.3,6,-37.17,41.39,-67.19,-52.46,74.91,56.4,DESCENT, CXON
041, 13:31:33,1052,517.0,90730,19.5,6.6, 13:31:33,19.2859,72.9730,697.2,6,86.82,79.65,-70.67,-3.51,17.83,-97.79,DESCENT, CXON
041, 13:31:34,1053,515.9,90742,19.5,6.6, 13:31:34,19.2861,72.9730,696.1,6,18.47,7.2,-40.09,-82.96,48.4,54.51,DESCENT, CXON
041, 13:31:35,1054,514.9,90753,19.5,6.6, 13:31:35,19.2864,72.9732,695.1,6,80.1,121.26,-119.64,88.4,-9.55,55.55,DESCENT, CXON
041, 13:31:36,1055,513.8,90765,19.5,6.6, 13:31:36,19.2865,72.9729,694.0,6,60.25,-41.92,-32.11,-45.42,61.94,28.15,DESCENT, CXON
041, 13:31:37,1056,512.7,90777,19.5,6.6, 13:31:37,19.2863,72.9732,692.9,6,27.15,69.14,30.22,97.11,39.02,-7.23,DESCENT, CXON
041, 13:31:38,1057,511.6,90789,19.5,6.6, 13:31:38,19.2862,72.9731,691.8,6,77.7,82.67,120.95,37.25,0.96,-21.01,DESCENT, CXON
041, 13:31:39,1058,510.5,90801,19.5,6.6, 13:31:39,19.2866,72.9734,690.7,6,-30.22,-57.6,-118.31,56.07,-14.44,-21.14,DESCENT, CXON
041, 13:31:40,1059,509.5,90812,19.4,6.6, 13:31:40,19.2870,72.9732,689.7,6,63.28,67.32,41.66,19.19,-50.12,34.9,DESCENT, CXON
041, 13:31:41,1060,508.4,90824,19.4,6.6, 13:31:41,19.2871,72.9731,688.6,6,105.59,32.37,-41.24,29.96,-69.5,-62.26,DESCENT, CXON
041, 13:31:42,1061,507.3,90836,19.5,6.6, 13:31:42,19.2874,72.9729,687.5,6,-7.61,-68.33,78.58,19.43,-21.32,-23.1,DESCENT, CXON
041, 13:31:43,1062,506.2,90848,19.4,6.6, 13:31:43,19.2876,72.9728,686.4,6,-102.83,-29.68,-12.25,97.62,-22.93,-19.35,DESCENT, CXON
041, 13:31:44,1063,505.1,90859,19.5,6.6, 13:31:44,19.2876,72.9728,685.3,6,-71.43,-90.33,-7.19,28.08,-78.82,-4.71,DESCENT, CXON
041, 13:31:45,1064,504.1,90870,19.4,6.6, 13:31:45,19.2875,72.9730,684.3,6,73.53,-24.82,-30.52,-84.23,-57.64,24.32,DESCENT, CXON
041, 13:31:46,1065,503.0,90882,19.5,6.6, 13:31:46,19.2880,72.9734,683.2,6,-34.92,10.17,44.87,-34.16,-26.73,44.35,DESCENT, CXON
041, 13:31:47,1066,501.9,90894,19.5,6.6, 13:31:47,19.2881,72.9731,682.1,6,-7.65,-53.44,-86.52,4.88,40.46,5.18,DESCENT, CXON
041, 13:31:48,1067,500.8,90906,19.5,6.6, 13:31:48,19.2881,72.9736,681.0,6,-74.34,-127.85,17.82,39.06,-23.51,-20.18,DESCENT, CXON
041, 13:31:49,1068,499.7,90918,19.4,6.6, 13:31:49,19.2884,72.9740,679.9,6,-57.43,16.78,-10.49,-73.69,46.7,6.36,DESCENT, CXON
041, 13:31:50,1069,498.7,90929,19.5,6.6, 13:31:50,19.2888,72.9738,678.9,6,-101.48,80.62,-101.85,37.46,-64.89,41.03,DESCENT, CXON
041, 13:31:51,1070,497.6,90941,19.4,6.6, 13:31:51,19.2892,72.9739,677.8,6,-12.87,122.75,73.91,-54.86,41.19,-22.9,DESCENT, CXON
041, 13:31:52,1071,496.5,90953,19.4,6.6, 13:31:52,19.2890,72.9738,676.7,6,-59.08,-80.89,97.19,-24.21,12.12,62.25,DESCENT, CXON
041, 13:31:53,1072,495.4,90965,19.4,6.6, 13:31:53,19.2895,72.9742,675.6,6,88.22,-44.32,85.88,28.36,-93.75,-24.5,DESCENT, CXON
041, 13:31:54,1073,494.3,90977,19.4,6.6, 13:31:54,19.2900,72.9745,674.5,6,87.44,124.87,-40.81,81.57,-99.51,59.73,DESCENT, CXON
041, 13:31:55,1074,493.3,90988,19.4,6.6, 13:31:55,19.2900,72.9742,673.5,6,35.49,74.76,-71.88,-50.95,54.16,5.71,DESCENT, CXON
041, 13:31:56,1075,492.2,91000,19.4,6.6, 13:31:56,19.2904,72.9740,672.4,6,-54.81,-12.73,100.48,61.86,-22.99,33.22,DESCENT, CXON
041, 13:31:57,1076,491.5,91008,19.3,6.6, 13:31:57,19.2903,72.9742,671.7,7,-43.13,-54.85,42.4,-43.96,-62.34,-58.01,GLIDER_DEPLOYMENT, CXON
041, 13:31:58,1077,490.9,91014,19.3,6.6, 13:31:58,19.2904,72.9744,671.1,7,-25.7,1.84,-20.1,11.18,-54.72,17.37,GLIDER_DEPLOYMENT, CXON
041, 13:31:59,1078,490.3,91021,19.2,6.6, 13:31:59,19.2902,72.9745,670.5,7,-37.37,-6.66,-28.26,19.73,39.1,48.23,GLIDER_DEPLOYMENT, CXON
041, 13:32:00,1079,489.6,91029,19.2,6.6, 13:32:00,19.2903,72.9744,669.8,7,-25.42,0.97,56.78,-62.21,34.63,-24.8,GLIDER_DEPLOYMENT, CXON
041, 13:32:01,1080,489.0,91035,19.3,6.6, 13:32:01,19.2905,72.9744,669.2,7,-22.79,-6.24,-59.44,-56.27,57.09,-58.47,GLIDER_DEPLOYMENT, CXON
041, 13:32:02,1081,488.4,91042,19.2,6.6, 13:32:02,19.2901,72.9748,668.6,7,-35.2,55.48,-7.96,12.06,14.53,-57.54,GLIDER_DEPLOYMENT, CXON
041, 13:32:03,1082,487.7,91049,19.2,6.6, 13:32:03,19.2904,72.9751,667.9,7,21.65,-44.64,-10.9,1.29,-64.31,37.22,GLIDER_DEPLOYMENT, CXON
041, 13:32:04,1083,487.1,91056,19.2,6.6, 13:32:04,19.2902,72.9748,667.3,7,54.31,14.43,27.92,14.91,9.0,52.16,GLIDER_DEPLOYMENT, CXON
041, 13:32:05,1084,486.5,91062,19.1,6.6, 13:32:05,19.2900,72.9749,666.7,7,-12.68,50.49,-32.02,-32.32,58.42,30.94,GLIDER_DEPLOYMENT, CXON
041, 13:32:06,1085,485.8,91070,19.1,6.6, 13:32:06,19.2903,72.9746,666.0,7,26.62,-32.79,36.74,-59.66,57.99,50.65,GLIDER_DEPLOYMENT, CXON
041, 13:32:07,1086,485.2,91077,19.1,6.6, 13:32:07,19.2907,72.9749,665.4,7,-24.97,36.11,9.6,-35.42,26.3,-11.92,GLIDER_DEPLOYMENT, CXON
041, 13:32:08,1087,484.6,91083,19.1,6.6, 13:32:08,19.2909,72.9747,664.8,7,-8.76,21.94,-15.45,-33.94,3.7,63.07,GLIDER_DEPLOYMENT, CXON
041, 13:32:09,1088,483.9,91091,19.0,6.6, 13:32:09,19.2909,72.9752,664.1,7,59.11,-58.99,17.03,-50.66,-41.02,-51.01,GLIDER_DEPLOYMENT, CXON
041, 13:32:10,1089,483.3,91097,19.0,6.6, 13:32:10,19.2914,72.9751,663.5,7,47.79,22.69,-51.09,56.13,-31.71,67.0,GLIDER_DEPLOYMENT, CXON
041, 13:32:11,1090,482.7,91104,19.0,6.6, 13:32:11,19.2915,72.9752,662.9,7,-38.05,-1.41,31.14,7.87,67.24,4.82,GLIDER_DEPLOYMENT, CXON
041, 13:32:12,1091,482.0,91111,19.0,6.6, 13:32:12,19.2918,72.9753,662.2,7,45.94,-19.69,-4.44,43.79,-34.2,-17.97,GLIDER_DEPLOYMENT, CXON
041, 13:32:13,1092,481.4,91118,19.0,6.6, 13:32:13,19.2918,72.9749,661.6,7,31.66,-10.2,-31.48,-15.96,-50.76,47.71,GLIDER_DEPLOYMENT, CXON
041, 13:32:14,1093,480.7,91126,19.0,6.6, 13:32:14,19.2920,72.9746,660.9,7,-9.28,59.47,-59.88,-22.09,-49.12,-46.1,GLIDER_DEPLOYMENT, CXON
041, 13:32:15,1094,480.1,91132,19.0,6.6, 13:32:15,19.2917,72.9750,660.3,7,-8.38,-39.23,-47.86,3.46,-21.11,0.14,GLIDER_DEPLOYMENT, CXON
041, 13:32:16,1095,479.5,91139,19.0,6.6, 13:32:16,19.2918,72.9747,659.7,7,0.18,40.88,10.79,-51.91,18.39,-58.41,GLIDER_DEPLOYMENT, CXON
041, 13:32:17,1096,478.8,91146,18.9,6.6, 13:32:17,19.2919,72.9745,659.0,7,-26.55,-45.54,47.41,-49.67,24.42,42.87,GLIDER_DEPLOYMENT, CXON
041, 13:32:18,1097,478.2,91153,18.9,6.6, 13:32:18,19.2918,72.9748,658.4,7,22.28,-50.66,24.45,-50.3,-2.66,-44.32,GLIDER_DEPLOYMENT, CXON
041, 13:32:19,1098,477.6,91160,18.9,6.6, 13:32:19,19.2921,72.9747,657.8,7,-53.44,-5.97,49.73,7.28,16.72,37.19,GLIDER_DEPLOYMENT, CXON
041, 13:32:20,1099,476.9,91167,18.9,6.6, 13:32:20,19.2926,72.9750,657.1,7,36.85,-42.98,-28.24,29.53,11.26,50.69,GLIDER_DEPLOYMENT, CXON
041, 13:32:21,1100,476.3,91174,19.0,6.6, 13:32:21,19.2924,72.9752,656.5,7,-46.69,-0.61,-26.92,-13.84,21.57,18.7,GLIDER_DEPLOYMENT, CXON
041, 13:32:22,1101,475.7,91180,19.0,6.6, 13:32:22,19.2928,72.9754,655.9,7,48.85,13.5,17.58,54.36,34.46,18.84,GLIDER_DEPLOYMENT, CXON
041, 13:32:23,1102,475.0,91188,18.9,6.6, 13:32:23,19.2930,72.9758,655.2,7,-13.62,-34.73,-7.04,47.78,35.77,-51.73,GLIDER_DEPLOYMENT, CXON
041, 13:32:24,1103,474.4,91195,18.9,6.6, 13:32:24,19.2933,72.9756,654.6,7,46.64,-10.61,-36.83,-11.85,-50.42,53.09,GLIDER_DEPLOYMENT, CXON
041, 13:32:25,1104,473.8,91201,18.8,6.6, 13:32:25,19.2932,72.9752,654.0,7,-33.38,58.69,43.08,-11.1,52.24,57.15,GLIDER_DEPLOYMENT, CXON
041, 13:32:26,1105,473.1,91209,18.9,6.6, 13:32:26,19.2933,72.9753,653.3,7,25.96,12.18,56.78,-44.77,55.79,35.71,GLIDER_DEPLOYMENT, CXON
041, 13:32:27,1106,472.5,91215,18.9,6.6, 13:32:27,19.2932,72.9753,652.7,7,9.21,56.39,-30.9,48.64,22.03,58.81,GLIDER_DEPLOYMENT, CXON
041, 13:32:28,1107,471.9,91222,18.8,6.6, 13:32:28,19.2936,72.9757,652.1,7,23.79,40.77,16.08,7.36,-43.08,2.58,GLIDER_DEPLOYMENT, CXON
041, 13:32:29,1108,471.2,91229,18.9,6.6, 13:32:29,19.2932,72.9756,651.4,7,-31.27,41.06,-38.16,37.19,-42.53,-22.41,GLIDER_DEPLOYMENT, CXON
041, 13:32:30,1109,470.6,91236,18.9,6.6, 13:32:30,19.2933,72.9754,650.8,7,30.71,-51.95,21.25,-33.95,64.02,-23.95,GLIDER_DEPLOYMENT, CXON
041, 13:32:31,1110,470.0,91243,18.9,6.6, 13:32:31,19.2937,72.9756,650.2,7,49.71,29.24,-52.77,34.11,-16.69,-41.9,GLIDER_DEPLOYMENT, CXON
041, 13:32:32,1111,469.3,91250,18.9,6.6, 13:32:32,19.2936,72.9753,649.5,7,17.9,-52.85,-31.3,-63.23,-45.89,34.67,GLIDER_DEPLOYMENT, CXON
041, 13:32:33,1112,468.7,91257,18.9,6.6, 13:32:33,19.2935,72.9756,648.9,7,28.32,17.23,12.59,-50.42,46.01,59.17,GLIDER_DEPLOYMENT, CXON
041, 13:32:34,1113,468.0,91264,18.9,6.6, 13:32:34,19.2932,72.9754,648.2,7,56.64,-21.94,-26.35,3.55,-65.15,40.54,GLIDER_DEPLOYMENT, CXON
041, 13:32:35,1114,467.4,91271,18.9,6.6, 13:32:35,19.2928,72.9758,647.6,7,37.15,31.67,-34.73,63.59,19.72,-65.55,GLIDER_DEPLOYMENT, CXON
041, 13:32:36,1115,466.8,91278,19.0,6.6, 13:32:36,19.2926,72.9762,647.0,7,11.66,16.38,-56.66,-40.11,40.91,-68.07,GLIDER_DEPLOYMENT, CXON
041, 13:32:37,1116,466.1,91285,18.9,6.6, 13:32:37,19.2927,72.9759,646.3,7,34.13,-5.8,33.87,57.87,66.04,-43.16,GLIDER_DEPLOYMENT, CXON
041, 13:32:38,1117,465.5,91292,18.9,6.6, 13:32:38,19.2926,72.9763,645.7,7,-19.66,15.21,-29.28,31.22,-30.32,-10.91,GLIDER_DEPLOYMENT, CXON
041, 13:32:39,1118,464.9,91298,18.9,6.6, 13:32:39,19.2923,72.9761,645.1,7,-34.56,32.08,20.87,30.39,43.07,-37.27,GLIDER_DEPLOYMENT, CXON
041, 13:32:40,1119,464.2,91306,18.9,6.6, 13:32:40,19.2922,72.9762,644.4,7,-28.75,35.39,-34.52,-8.12,25.76,-38.96,GLIDER_DEPLOYMENT, CXON
041, 13:32:41,1120,463.6,91313,18.9,6.6, 13:32:41,19.2918,72.9759,643.8,7,18.27,38.7,21.58,50.81,23.19,39.0,GLIDER_DEPLOYMENT, CXON
041, 13:32:42,1121,463.0,91319,19.0,6.6, 13:32:42,19.2919,72.9756,643.2,7,-31.66,-49.7,-46.67,-15.16,-29.08,8.8,GLIDER_DEPLOYMENT, CXON
041, 13:32:43,1122,462.3,91327,19.0,6.6, 13:32:43,19.2923,72.9760,642.5,7,-36.95,10.77,-36.3,-60.93,-39.16,-41.41,GLIDER_DEPLOYMENT, CXON
041, 13:32:44,1123,461.7,91333,18.9,6.6, 13:32:44,19.2926,72.9764,641.9,7,43.63,-51.19,-57.18,50.04,-17.55,-21.67,GLIDER_DEPLOYMENT, CXON
041, 13:32:45,1124,461.1,91340,19.0,6.6, 13:32:45,19.2925,72.9761,641.3,7,-46.21,25.46,48.67,-64.63,-38.74,3.48,GLIDER_DEPLOYMENT, CXON
041, 13:32:46,1125,460.4,91348,18.9,6.6, 13:32:46,19.2926,72.9759,640.6,7,-45.94,-9.72,37.33,-50.63,5.32,43.48,GLIDER_DEPLOYMENT, CXON
041, 13:32:47,1126,459.8,91354,18.9,6.6, 13:32:47,19.2930,72.9762,640.0,7,59.63,-24.03,-1.94,-6.95,47.66,16.77,GLIDER_DEPLOYMENT, CXON
041, 13:32:48,1127,459.2,91361,18.9,6.6, 13:32:48,19.2934,72.9761,639.4,7,-44.25,-38.85,-30.75,-56.6,66.72,7.73,GLIDER_DEPLOYMENT, CXON
041, 13:32:49,1128,458.5,91368,19.0,6.6, 13:32:49,19.2935,72.9759,638.7,7,46.9,-9.55,-11.3,33.93,51.59,69.65,GLIDER_DEPLOYMENT, CXON
041, 13:32:50,1129,457.9,91375,18.9,6.6, 13:32:50,19.2938,72.9759,638.1,7,-35.7,-2.65,-23.29,-33.95,38.16,-21.12,GLIDER_DEPLOYMENT, CXON
041, 13:32:51,1130,457.3,91382,19.0,6.6, 13:32:51,19.2935,72.9762,637.5,7,32.98,24.59,13.19,-45.6,0.2,46.63,GLIDER_DEPLOYMENT, CXON
041, 13:32:52,1131,456.6,91389,19.0,6.6, 13:32:52,19.2937,72.9760,636.8,7,-53.37,41.53,-57.81,-34.51,-14.04,28.03,GLIDER_DEPLOYMENT, CXON
041, 13:32:53,1132,456.0,91396,19.0,6.6, 13:32:53,19.2941,72.9758,636.2,7,-30.13,-45.33,-20.41,-55.61,64.56,10.48,GLIDER_DEPLOYMENT, CXON
041, 13:32:54,1133,455.4,91402,19.0,6.6, 13:32:54,19.2945,72.9756,635.6,7,32.36,-35.44,-27.53,-50.81,4.89,-30.2,GLIDER_DEPLOYMENT, CXON
041, 13:32:55,1134,454.7,91410,19.0,6.6, 13:32:55,19.2943,72.9753,634.9,7,1.84,-12.03,-6.38,-18.42,-46.92,-52.83,GLIDER_DEPLOYMENT, CXON
041, 13:32:56,1135,454.1,91417,19.0,6.6, 13:32:56,19.2945,72.9755,634.3,7,1.59,-36.41,49.69,4.58,-5.87,-33.43,GLIDER_DEPLOYMENT, CXON
041, 13:32:57,1136,453.4,91424,19.0,6.6, 13:32:57,19.2945,72.9758,633.6,7,-45.08,11.9,-27.38,-37.23,-27.49,-14.51,GLIDER_DEPLOYMENT, CXON
041, 13:32:58,1137,452.8,91431,19.0,6.6, 13:32:58,19.2949,72.9755,633.0,7,42.64,-7.61,35.1,-14.73,-33.98,55.23,GLIDER_DEPLOYMENT, CXON
041, 13:32:59,1138,452.2,91437,19.0,6.6, 13:32:59,19.2950,72.9757,632.4,7,54.79,28.88,56.27,-21.08,-28.29,53.67,GLIDER_DEPLOYMENT, CXON
041, 13:33:00,1139,451.5,91445,19.0,6.6, 13:33:00,19.2950,72.9757,631.7,7,53.68,-35.69,-40.04,-45.93,-27.63,-11.53,GLIDER_DEPLOYMENT, CXON
041, 13:33:01,1140,450.9,91452,19.0,6.6, 13:33:01,19.2946,72.9756,631.1,7,0.98,-53.5,-2.22,56.72,21.45,62.44,GLIDER_DEPLOYMENT, CXON
041, 13:33:02,1141,450.3,91458,19.0,6.6, 13:33:02,19.2942,72.9753,630.5,7,9.14,41.12,-20.2,-51.57,36.26,5.46,GLIDER_DEPLOYMENT, CXON
041, 13:33:03,1142,449.6,91466,19.0,6.6, 13:33:03,19.2943,72.9754,629.8,7,25.26,48.26,-50.9,46.35,-25.01,-11.82,GLIDER_DEPLOYMENT, CXON
041, 13:33:04,1143,449.0,91472,19.0,6.6, 13:33:04,19.2943,72.9751,629.2,7,-3.11,-42.2,-58.1,-62.88,-16.71,-6.9,GLIDER_DEPLOYMENT, CXON
041, 13:33:05,1144,448.4,91479,19.0,6.6, 13:33:05,19.2947,72.9752,628.6,7,57.61,5.09,54.51,26.79,-15.78,-62.98,GLIDER_DEPLOYMENT, CXON
041, 13:33:06,1145,447.7,91487,18.9,6.6, 13:33:06,19.2949,72.9751,627.9,7,-40.41,16.8,51.58,-35.23,69.57,4.77,GLIDER_DEPLOYMENT, CXON
041, 13:33:07,1146,447.1,91493,18.9,6.6, 13:33:07,19.2951,72.9755,627.3,7,-35.61,-31.43,-42.83,-40.82,-38.42,-11.55,GLIDER_DEPLOYMENT, CXON
041, 13:33:08,1147,446.5,91500,18.9,6.6, 13:33:08,19.2949,72.9753,626.7,7,-9.75,-39.69,-53.86,-57.34,-69.32,24.37,GLIDER_DEPLOYMENT, CXON
041, 13:33:09,1148,445.8,91508,18.8,6.6, 13:33:09,19.2953,72.9755,626.0,7,-23.25,-11.75,-8.72,-25.06,-62.48,-48.11,GLIDER_DEPLOYMENT, CXON
041, 13:33:10,1149,445.2,91514,18.8,6.6, 13:33:10,19.2952,72.9752,625.4,7,13.89,-36.04,1.25,27.05,-0.4,33.75,GLIDER_DEPLOYMENT, CXON
041, 13:33:11,1150,444.6,91521,18.8,6.6, 13:33:11,19.2950,72.9748,624.8,7,23.14,-15.88,-25.1,-58.29,-44.8,54.83,GLIDER_DEPLOYMENT, CXON
041, 13:33:12,1151,443.9,91528,18.8,6.6, 13:33:12,19.2954,72.9746,624.1,7,-32.88,46.41,-31.59,13.77,61.11,-4.8,GLIDER_DEPLOYMENT, CXON
041, 13:33:13,1152,443.3,91535,18.8,6.6, 13:33:13,19.2958,72.9750,623.5,7,24.84,-33.12,-54.23,-66.98,59.23,6.0,GLIDER_DEPLOYMENT, CXON
041, 13:33:14,1153,442.7,91541,18.8,6.6, 13:33:14,19.2956,72.9755,622.9,7,-27.14,-38.5,-27.35,69.37,61.56,-20.67,GLIDER_DEPLOYMENT, CXON
041, 13:33:15,1154,442.0,91549,18.8,6.6, 13:33:15,19.2959,72.9759,622.2,7,-16.52,-32.12,1.54,60.76,15.84,52.08,GLIDER_DEPLOYMENT, CXON
041, 13:33:16,1155,441.4,91556,18.8,6.6, 13:33:16,19.2963,72.9760,621.6,7,35.25,36.91,-6.88,26.51,26.86,-8.47,GLIDER_DEPLOYMENT, CXON
041, 13:33:17,1156,440.7,91563,18.8,6.6, 13:33:17,19.2967,72.9765,620.9,7,-15.91,21.14,6.1,49.25,-36.34,-4.63,GLIDER_DEPLOYMENT, CXON
041, 13:33:18,1157,440.1,91570,18.7,6.6, 13:33:18,19.2969,72.9761,620.3,7,-46.98,-43.0,10.95,38.53,-21.85,-58.88,GLIDER_DEPLOYMENT, CXON
041, 13:33:19,1158,439.5,91577,18.7,6.6, 13:33:19,19.2969,72.9759,619.7,7,-18.38,-32.11,37.54,-16.57,29.89,6.88,GLIDER_DEPLOYMENT, CXON
041, 13:33:20,1159,438.8,91584,18.7,6.6, 13:33:20,19.2971,72.9763,619.0,7,50.1,-41.53,-28.9,-56.12,-43.51,-15.89,GLIDER_DEPLOYMENT, CXON
041, 13:33:21,1160,438.2,91591,18.7,6.6, 13:33:21,19.2972,72.9760,618.4,7,-14.83,-42.77,-26.45,10.44,0.23,-45.91,GLIDER_DEPLOYMENT, CXON
041, 13:33:22,1161,437.6,91597,18.7,6.6, 13:33:22,19.2974,72.9761,617.8,7,-21.35,-24.11,31.38,-67.89,21.54,63.87,GLIDER_DEPLOYMENT, CXON
041, 13:33:23,1162,436.9,91605,18.7,6.6, 13:33:23,19.2970,72.9764,617.1,7,-37.78,-9.36,18.18,24.51,-29.7,25.52,GLIDER_DEPLOYMENT, CXON
041, 13:33:24,1163,436.3,91612,18.7,6.6, 13:33:24,19.2970,72.9766,616.5,7,44.79,22.43,51.28,39.42,63.93,-34.96,GLIDER_DEPLOYMENT, CXON
041, 13:33:25,1164,435.7,91618,18.8,6.6, 13:33:25,19.2967,72.9765,615.9,7,53.49,-24.65,-22.94,59.75,67.46,36.05,GLIDER_DEPLOYMENT, CXON
041, 13:33:26,1165,435.0,91626,18.7,6.6, 13:33:26,19.2964,72.9761,615.2,7,-52.42,-19.83,-31.05,50.28,-7.45,49.17,GLIDER_DEPLOYMENT, CXON
041, 13:33:27,1166,434.4,91633,18.7,6.6, 13:33:27,19.2963,72.9757,614.6,7,-5.44,54.13,56.6,60.44,-56.31,-8.1,GLIDER_DEPLOYMENT, CXON
041, 13:33:28,1167,433.8,91639,18.8,6.6, 13:33:28,19.2960,72.9755,614.0,7,-49.9,28.82,25.51,68.38,-62.92,28.39,GLIDER_DEPLOYMENT, CXON
041, 13:33:29,1168,433.1,91647,18.8,6.6, 13:33:29,19.2957,72.9760,613.3,7,34.86,-51.71,-37.55,22.21,-46.07,-8.95,GLIDER_DEPLOYMENT, CXON
041, 13:33:30,1169,432.5,91653,18.7,6.6, 13:33:30,19.2957,72.9761,612.7,7,41.65,-59.53,-17.43,-59.91,7.37,-46.86,GLIDER_DEPLOYMENT, CXON
041, 13:33:31,1170,431.9,91660,18.7,6.6, 13:33:31,19.2959,72.9763,612.1,7,12.68,-35.81,22.17,65.83,-57.5,47.45,GLIDER_DEPLOYMENT, CXON
041, 13:33:32,1171,431.2,91668,18.7,6.6, 13:33:32,19.2961,72.9767,611.4,7,-39.96,-36.34,0.1,-41.36,0.95,68.61,GLIDER_DEPLOYMENT, CXON
041, 13:33:33,1172,430.6,91674,18.7,6.6, 13:33:33,19.2959,72.9764,610.8,7,10.64,53.69,-3.63,8.19,27.9,50.26,GLIDER_DEPLOYMENT, CXON
041, 13:33:34,1173,430.0,91681,18.7,6.6, 13:33:34,19.2957,72.9768,610.2,7,12.62,45.94,-42.39,40.48,-53.44,-51.53,GLIDER_DEPLOYMENT, CXON
041, 13:33:35,1174,429.3,91688,18.7,6.6, 13:33:35,19.2957,72.9770,609.5,7,52.53,-8.46,9.42,-12.48,-16.4,-32.9,GLIDER_DEPLOYMENT, CXON
041, 13:33:36,1175,428.7,91695,18.6,6.6, 13:33:36,19.2960,72.9773,608.9,7,22.32,-7.08,-10.68,-43.53,-36.03,69.69,GLIDER_DEPLOYMENT, CXON
041, 13:33:37,1176,428.0,91703,18.6,6.6, 13:33:37,19.2961,72.9773,608.2,7,-24.73,-9.86,-8.36,55.78,54.74,-29.65,GLIDER_DEPLOYMENT, CXON
041, 13:33:38,1177,427.4,91709,18.6,6.6, 13:33:38,19.2966,72.9770,607.6,7,-2.22,-58.55,-4.71,-5.61,-68.0,-48.76,GLIDER_DEPLOYMENT, CXON
041, 13:33:39,1178,426.8,91716,18.6,6.6, 13:33:39,19.2965,72.9766,607.0,7,-21.1,-18.27,-47.55,13.93,-39.2,4.44,GLIDER_DEPLOYMENT, CXON
041, 13:33:40,1179,426.1,91724,18.6,6.6, 13:33:40,19.2965,72.9768,606.3,7,47.3,22.84,40.52,22.77,-38.6,43.88,GLIDER_DEPLOYMENT, CXON
041, 13:33:41,1180,425.5,91730,18.6,6.6, 13:33:41,19.2969,72.9764,605.7,7,48.95,-17.11,5.09,41.58,-46.6,-0.56,GLIDER_DEPLOYMENT, CXON
041, 13:33:42,1181,424.9,91737,18.6,6.6, 13:33:42,19.2974,72.9762,605.1,7,-8.79,-45.54,51.85,0.96,49.73,-31.9,GLIDER_DEPLOYMENT, CXON
041, 13:33:43,1182,424.2,91744,18.6,6.6, 13:33:43,19.2975,72.9764,604.4,7,8.81,10.13,-22.79,63.33,-67.27,-46.69,GLIDER_DEPLOYMENT, CXON
041, 13:33:44,1183,423.6,91751,18.6,6.6, 13:33:44,19.2979,72.9762,603.8,7,53.2,-5.2,8.52,20.63,16.45,53.13,GLIDER_DEPLOYMENT, CXON
041, 13:33:45,1184,423.0,91758,18.6,6.6, 13:33:45,19.2983,72.9761,603.2,7,22.06,-41.05,16.53,-27.94,69.24,23.1,GLIDER_DEPLOYMENT, CXON
041, 13:33:46,1185,422.3,91765,18.6,6.6, 13:33:46,19.2980,72.9764,602.5,7,17.82,-57.95,-4.81,-53.7,69.98,-56.04,GLIDER_DEPLOYMENT, CXON
041, 13:33:47,1186,421.7,91772,18.6,6.6, 13:33:47,19.2977,72.9768,601.9,7,8.87,14.17,-28.4,-48.47,-24.39,-65.14,GLIDER_DEPLOYMENT, CXON
041, 13:33:48,1187,421.1,91779,18.6,6.6, 13:33:48,19.2977,72.9771,601.3,7,-42.98,-35.25,2.78,26.2,-25.98,-41.06,GLIDER_DEPLOYMENT, CXON
041, 13:33:49,1188,420.4,91786,18.5,6.6, 13:33:49,19.2976,72.9774,600.6,7,-31.19,-19.13,29.43,-41.01,-64.6,66.11,GLIDER_DEPLOYMENT, CXON
041, 13:33:50,1189,419.8,91793,18.6,6.6, 13:33:50,19.2975,72.9774,600.0,7,-34.76,34.38,46.22,29.7,-14.08,47.59,GLIDER_DEPLOYMENT, CXON
041, 13:33:51,1190,419.2,91799,18.6,6.6, 13:33:51,19.2977,72.9772,599.4,7,58.34,35.48,-10.84,33.75,-28.96,-61.1,GLIDER_DEPLOYMENT, CXON
041, 13:33:52,1191,418.5,91807,18.6,6.6, 13:33:52,19.2977,72.9776,598.7,7,9.25,-28.09,-34.55,8.14,1.3,56.5,GLIDER_DEPLOYMENT, CXON
041, 13:33:53,1192,417.9,91814,18.6,6.6, 13:33:53,19.2977,72.9775,598.1,7,-37.66,-13.99,5.15,-42.84,-25.12,3.76,GLIDER_DEPLOYMENT, CXON
041, 13:33:54,1193,417.3,91820,18.6,6.6, 13:33:54,19.2976,72.9771,597.5,7,2.16,-18.71,-46.11,-3.62,16.25,-20.82,GLIDER_DEPLOYMENT, CXON
041, 13:33:55,1194,416.6,91828,18.6,6.6, 13:33:55,19.2973,72.9767,596.8,7,3.06,12.63,6.84,-37.9,-21.79,30.48,GLIDER_DEPLOYMENT, CXON
041, 13:33:56,1195,416.0,91835,18.6,6.6, 13:33:56,19.2971,72.9769,596.2,7,-2.48,-59.66,30.53,42.43,68.17,61.92,GLIDER_DEPLOYMENT, CXON
041, 13:33:57,1196,415.3,91842,18.6,6.6, 13:33:57,19.2969,72.9771,595.5,7,-9.74,-21.25,-45.97,14.77,29.47,37.7,GLIDER_DEPLOYMENT, CXON
041, 13:33:58,1197,414.7,91849,18.6,6.6, 13:33:58,19.2971,72.9768,594.9,7,46.36,51.29,15.71,-33.4,8.73,37.27,GLIDER_DEPLOYMENT, CXON
041, 13:33:59,1198,414.1,91855,18.6,6.6, 13:33:59,19.2972,72.9772,594.3,7,33.14,20.3,5.39,54.58,14.37,26.48,GLIDER_DEPLOYMENT, CXON
041, 13:34:00,1199,413.4,91863,18.5,6.6, 13:34:00,19.2973,72.9770,593.6,7,56.36,-33.45,47.47,-23.32,-43.16,10.8,GLIDER_DEPLOYMENT, CXON
041, 13:34:01,1200,412.8,91870,18.5,6.6, 13:34:01,19.2975,72.9767,593.0,7,-22.8,-46.58,-0.77,3.89,-25.78,24.19,GLIDER_DEPLOYMENT, CXON
041, 13:34:02,1201,412.2,91876,18.5,6.6, 13:34:02,19.2977,72.9765,592.4,7,39.6,-56.45,-31.77,-66.03,63.21,4.97,GLIDER_DEPLOYMENT, CXON
041, 13:34:03,1202,411.5,91884,18.5,6.6, 13:34:03,19.2974,72.9769,591.7,7,-57.52,24.12,35.18,-16.13,54.61,37.34,GLIDER_DEPLOYMENT, CXON
041, 13:34:04,1203,410.9,91891,18.5,6.6, 13:34:04,19.2971,72.9766,591.1,7,4.97,2.98,-37.49,4.26,-58.89,-27.73,GLIDER_DEPLOYMENT, CXON
041, 13:34:05,1204,410.3,91897,18.5,6.6, 13:34:05,19.2972,72.9763,590.5,7,45.85,-34.63,51.77,58.56,65.06,-30.48,GLIDER_DEPLOYMENT, CXON
041, 13:34:06,1205,409.6,91905,18.5,6.6, 13:34:06,19.2977,72.9765,589.8,7,-55.56,-43.39,-47.33,-21.31,61.21,40.47,GLIDER_DEPLOYMENT, CXON
041, 13:34:07,1206,409.0,91912,18.5,6.6, 13:34:07,19.2973,72.9766,589.2,7,-13.28,-50.93,50.33,22.07,69.39,19.6,GLIDER_DEPLOYMENT, CXON
041, 13:34:08,1207,408.4,91918,18.5,6.6, 13:34:08,19.2973,72.9770,588.6,7,7.04,16.58,-4.83,-19.86,-68.36,-39.39,GLIDER_DEPLOYMENT, CXON
041, 13:34:09,1208,407.7,91926,18.5,6.6, 13:34:09,19.2969,72.9773,587.9,7,59.45,23.72,39.68,-40.65,48.94,-16.7,GLIDER_DEPLOYMENT, CXON
041, 13:34:10,1209,407.1,91932,18.5,6.6, 13:34:10,19.2968,72.9774,587.3,7,-33.17,-28.97,27.2,40.5,67.63,21.64,GLIDER_DEPLOYMENT, CXON
041, 13:34:11,1210,406.5,91939,18.5,6.6, 13:34:11,19.2969,72.9775,586.7,7,50.09,8.05,55.38,-3.1,-7.53,-65.95,GLIDER_DEPLOYMENT, CXON
041, 13:34:12,1211,405.8,91947,18.5,6.6, 13:34:12,19.2965,72.9775,586.0,7,-46.08,-27.9,46.08,58.16,-53.98,12.3,GLIDER_DEPLOYMENT, CXON
041, 13:34:13,1212,405.2,91953,18.5,6.6, 13:34:13,19.2964,72.9776,585.4,7,-8.96,8.37,-52.07,15.82,15.6,-43.45,GLIDER_DEPLOYMENT, CXON
041, 13:34:14,1213,404.6,91960,18.5,6.6, 13:34:14,19.2968,72.9778,584.8,7,2.49,29.97,-5.54,28.95,-17.82,7.72,GLIDER_DEPLOYMENT, CXON
041, 13:34:15,1214,403.9,91968,18.5,6.6, 13:34:15,19.2969,72.9777,584.1,7,-17.99,18.63,-6.49,-8.27,-16.96,-29.31,GLIDER_DEPLOYMENT, CXON
041, 13:34:16,1215,403.3,91974,18.5,6.6, 13:34:16,19.2967,72.9779,583.5,7,3.77,16.45,19.6,-13.99,-68.53,-19.13,GLIDER_DEPLOYMENT, CXON
041, 13:34:17,1216,402.7,91981,18.5,6.6, 13:34:17,19.2971,72.9781,582.9,7,18.38,-17.94,35.32,-51.86,53.93,-1.46,GLIDER_DEPLOYMENT, CXON
041, 13:34:18,1217,402.0,91989,18.5,6.6, 13:34:18,19.2972,72.9786,582.2,7,-45.53,-52.36,11.37,-38.33,-38.16,69.75,GLIDER_DEPLOYMENT, CXON
041, 13:34:19,1218,401.4,91995,18.5,6.6, 13:34:19,19.2971,72.9784,581.6,7,-29.75,-43.81,57.17,32.88,-19.65,-54.76,GLIDER_DEPLOYMENT, CXON
041, 13:34:20,1219,400.7,92003,18.5,6.6, 13:34:20,19.2968,72.9788,580.9,7,6.17,58.19,-7.15,-9.03,-68.83,10.66,GLIDER_DEPLOYMENT, CXON
041, 13:34:21,1220,400.1,92009,18.5,6.6, 13:34:21,19.2966,72.9792,580.3,7,-19.97,36.8,25.69,60.67,10.51,-19.56,GLIDER_DEPLOYMENT, CXON
041, 13:34:22,1221,399.5,92016,18.5,6.6, 13:34:22,19.2963,72.9791,579.7,7,-21.95,38.75,-59.17,0.29,1.07,-47.85,GLIDER_DEPLOYMENT, CXON
041, 13:34:23,1222,398.8,92024,18.5,6.6, 13:34:23,19.2966,72.9789,579.0,7,45.42,-22.55,-48.67,-48.95,-41.41,-51.51,GLIDER_DEPLOYMENT, CXON
041, 13:34:24,1223,398.2,92030,18.5,6.6, 13:34:24,19.2965,72.9789,578.4,7,30.36,-51.13,-49.49,51.8,-24.21,-45.55,GLIDER_DEPLOYMENT, CXON
041, 13:34:25,1224,397.6,92037,18.4,6.6, 13:34:25,19.2970,72.9789,577.8,7,25.4,-4.59,-35.54,-25.92,-22.52,-34.95,GLIDER_DEPLOYMENT, CXON
041, 13:34:26,1225,396.9,92045,18.4,6.6, 13:34:26,19.2969,72.9792,577.1,7,-56.02,55.62,13.79,21.31,-43.08,-41.55,GLIDER_DEPLOYMENT, CXON
041, 13:34:27,1226,396.3,92051,18.5,6.6, 13:34:27,19.2965,72.9795,576.5,7,-36.0,-50.76,11.61,-56.67,47.71,48.18,GLIDER_DEPLOYMENT, CXON
041, 13:34:28,1227,395.7,92058,18.4,6.6, 13:34:28,19.2966,72.9798,575.9,7,-55.45,24.54,-45.17,-17.08,-46.91,-58.66,GLIDER_DEPLOYMENT, CXON
041, 13:34:29,1228,395.0,92066,18.4,6.6, 13:34:29,19.2970,72.9802,575.2,7,27.15,1.4,17.6,-23.44,-4.34,6.68,GLIDER_DEPLOYMENT, CXON
041, 13:34:30,1229,394.4,92072,18.4,6.6, 13:34:30,19.2974,72.9807,574.6,7,28.31,43.02,-23.38,-59.59,-38.83,-0.02,GLIDER_DEPLOYMENT, CXON
041, 13:34:31,1230,393.8,92079,18.4,6.6, 13:34:31,19.2978,72.9810,574.0,7,-24.15,-53.37,-2.14,-23.82,51.77,56.79,GLIDER_DEPLOYMENT, CXON
041, 13:34:32,1231,393.1,92087,18.4,6.6, 13:34:32,19.2981,72.9811,573.3,7,-6.96,54.37,35.7,9.97,68.17,-49.16,GLIDER_DEPLOYMENT, CXON
041, 13:34:33,1232,392.5,92093,18.5,6.6, 13:34:33,19.2980,72.9808,572.7,7,9.74,44.28,-38.91,55.78,68.16,-42.84,GLIDER_DEPLOYMENT, CXON
041, 13:34:34,1233,391.9,92100,18.5,6.6, 13:34:34,19.2979,72.9805,572.1,7,-27.91,52.99,40.8,63.19,-0.2,-0.11,GLIDER_DEPLOYMENT, CXON
041, 13:34:35,1234,391.2,92107,18.4,6.6, 13:34:35,19.2980,72.9810,571.4,7,-52.28,18.8,-54.38,66.06,-41.73,27.14,GLIDER_DEPLOYMENT, CXON
041, 13:34:36,1235,390.6,92114,18.4,6.6, 13:34:36,19.2980,72.9810,570.8,7,-38.55,-12.45,-52.4,29.06,65.96,5.86,GLIDER_DEPLOYMENT, CXON
041, 13:34:37,1236,390.0,92121,18.4,6.6, 13:34:37,19.2977,72.9813,570.2,7,22.93,-47.53,-14.65,-52.82,28.13,-67.92,GLIDER_DEPLOYMENT, CXON
041, 13:34:38,1237,389.3,92128,18.4,6.6, 13:34:38,19.2981,72.9811,569.5,7,3.48,25.38,52.66,52.48,-48.68,30.19,GLIDER_DEPLOYMENT, CXON
041, 13:34:39,1238,388.7,92135,18.4,6.6, 13:34:39,19.2981,72.9815,568.9,7,-57.68,23.87,5.09,53.53,-3.46,-35.13,GLIDER_DEPLOYMENT, CXON
041, 13:34:40,1239,388.0,92143,18.5,6.6, 13:34:40,19.2983,72.9814,568.2,7,-53.55,-39.86,42.02,-48.01,58.58,-49.36,GLIDER_DEPLOYMENT, CXON
041, 13:34:41,1240,387.4,92149,18.5,6.6, 13:34:41,19.2985,72.9815,567.6,7,11.59,51.02,-32.78,69.07,9.77,43.25,GLIDER_DEPLOYMENT, CXON
041, 13:34:42,1241,386.8,92156,18.5,6.6, 13:34:42,19.2987,72.9815,567.0,7,-33.92,45.45,7.22,68.52,53.75,34.83,GLIDER_DEPLOYMENT, CXON
041, 13:34:43,1242,386.1,92164,18.5,6.6, 13:34:43,19.2990,72.9817,566.3,7,-48.28,-51.69,-47.82,-39.35,36.99,37.44,GLIDER_DEPLOYMENT, CXON
041, 13:34:44,1243,385.5,92170,18.5,6.6, 13:34:44,19.2994,72.9814,565.7,7,-32.69,-7.08,-28.72,33.04,46.84,34.1,GLIDER_DEPLOYMENT, CXON
041, 13:34:45,1244,384.9,92177,18.5,6.6, 13:34:45,19.2993,72.9815,565.1,7,3.72,-41.68,41.41,43.75,38.87,-57.18,GLIDER_DEPLOYMENT, CXON
041, 13:34:46,1245,384.2,92185,18.4,6.6, 13:34:46,19.2996,72.9817,564.4,7,51.96,-8.86,-32.78,-3.6,-27.79,-16.68,GLIDER_DEPLOYMENT, CXON
041, 13:34:47,1246,383.6,92191,18.5,6.6, 13:34:47,19.2998,72.9818,563.8,7,-57.4,1.26,44.05,20.66,49.17,19.47,GLIDER_DEPLOYMENT, CXON
041, 13:34:48,1247,383.0,92198,18.5,6.6, 13:34:48,19.2998,72.9816,563.2,7,30.78,-24.71,19.78,21.76,-67.6,16.0,GLIDER_DEPLOYMENT, CXON
041, 13:34:49,1248,382.3,92206,18.5,6.6, 13:34:49,19.3000,72.9818,562.5,7,-34.36,25.32,-50.99,-62.28,54.26,59.97,GLIDER_DEPLOYMENT, CXON
041, 13:34:50,1249,381.7,92212,18.5,6.6, 13:34:50,19.3003,72.9819,561.9,7,3.55,4.21,53.22,65.34,-8.98,-41.77,GLIDER_DEPLOYMENT, CXON
041, 13:34:51,1250,381.1,92219,18.5,6.6, 13:34:51,19.3006,72.9823,561.3,7,14.39,-50.16,4.13,-51.99,5.15,44.62,GLIDER_DEPLOYMENT, CXON
041, 13:34:52,1251,380.4,92227,18.5,6.6, 13:34:52,19.3003,72.9827,560.6,7,44.57,-1.4,-53.73,24.72,-13.86,-14.37,GLIDER_DEPLOYMENT, CXON
041, 13:34:53,1252,379.8,92233,18.5,6.6, 13:34:53,19.3000,72.9829,560.0,7,2.2,-8.29,30.05,0.38,-47.34,-32.49,GLIDER_DEPLOYMENT, CXON
041, 13:34:54,1253,379.2,92240,18.5,6.6, 13:34:54,19.3002,72.9832,559.4,7,-17.09,32.02,9.96,-34.39,-52.45,17.63,GLIDER_DEPLOYMENT, CXON
041, 13:34:55,1254,378.5,92247,18.5,6.6, 13:34:55,19.3005,72.9835,558.7,7,10.79,-30.54,-24.44,50.62,-31.75,-2.22,GLIDER_DEPLOYMENT, CXON
041, 13:34:56,1255,377.9,92254,18.5,6.6, 13:34:56,19.3002,72.9833,558.1,7,35.53,34.23,-49.51,-47.27,68.12,-46.79,GLIDER_DEPLOYMENT, CXON
041, 13:34:57,1256,377.3,92261,18.6,6.6, 13:34:57,19.3006,72.9836,557.5,7,-48.32,32.32,25.84,-64.16,61.91,-29.07,GLIDER_DEPLOYMENT, CXON
041, 13:34:58,1257,376.6,92268,18.6,6.6, 13:34:58,19.3007,72.9837,556.8,7,-52.12,42.42,2.79,-56.21,0.36,-43.5,GLIDER_DEPLOYMENT, CXON
041, 13:34:59,1258,376.0,92275,18.5,6.6, 13:34:59,19.3010,72.9834,556.2,7,-25.48,56.21,15.41,-44.01,15.36,-35.28,GLIDER_DEPLOYMENT, CXON
041, 13:35:00,1259,375.3,92283,18.5,6.6, 13:35:00,19.3007,72.9831,555.5,7,21.38,55.98,-51.75,34.87,-50.02,-61.8,GLIDER_DEPLOYMENT, CXON
041, 13:35:01,1260,374.7,92289,18.4,6.6, 13:35:01,19.3010,72.9835,554.9,7,-58.44,-41.97,-54.33,-13.01,-24.9,-43.11,GLIDER_DEPLOYMENT, CXON
041, 13:35:02,1261,374.1,92296,18.5,6.6, 13:35:02,19.3012,72.9832,554.3,7,18.47,-44.48,-36.36,68.46,-32.69,-6.85,GLIDER_DEPLOYMENT, CXON
041, 13:35:03,1262,373.4,92304,18.5,6.6, 13:35:03,19.3013,72.9829,553.6,7,20.24,22.03,10.11,-16.11,44.8,-61.15,GLIDER_DEPLOYMENT, CXON
041, 13:35:04,1263,372.8,92310,18.5,6.6, 13:35:04,19.3017,72.9832,553.0,7,-31.27,-14.04,11.52,-16.78,-61.21,68.98,GLIDER_DEPLOYMENT, CXON
041, 13:35:05,1264,372.2,92317,18.5,6.6, 13:35:05,19.3014,72.9828,552.4,7,49.31,-43.22,7.62,62.28,37.52,12.78,GLIDER_DEPLOYMENT, CXON
041, 13:35:06,1265,371.5,92325,18.4,6.6, 13:35:06,19.3017,72.9826,551.7,7,-32.58,-10.64,11.79,54.56,12.75,-32.62,GLIDER_DEPLOYMENT, CXON
041, 13:35:07,1266,370.9,92331,18.5,6.6, 13:35:07,19.3014,72.9822,551.1,7,9.17,9.4,-4.25,7.53,-43.69,-40.55,GLIDER_DEPLOYMENT, CXON
041, 13:35:08,1267,370.3,92338,18.5,6.6, 13:35:08,19.3014,72.9826,550.5,7,-3.92,29.28,-52.72,-1.32,-62.46,-42.21,GLIDER_DEPLOYMENT, CXON
041, 13:35:09,1268,369.6,92346,18.4,6.6, 13:35:09,19.3011,72.9830,549.8,7,-23.94,-23.48,-51.47,-18.33,39.78,6.47,GLIDER_DEPLOYMENT, CXON
041, 13:35:10,1269,369.0,92352,18.5,6.6, 13:35:10,19.3013,72.9830,549.2,7,40.24,-6.03,-43.27,-38.6,41.61,-61.9,GLIDER_DEPLOYMENT, CXON
041, 13:35:11,1270,368.4,92359,18.4,6.6, 13:35:11,19.3015,72.9830,548.6,7,18.29,-9.62,10.77,-64.58,-12.31,66.35,GLIDER_DEPLOYMENT, CXON
041, 13:35:12,1271,367.7,92367,18.4,6.6, 13:35:12,19.3017,72.9835,547.9,7,-4.13,-10.06,38.59,49.1,-38.34,23.58,GLIDER_DEPLOYMENT, CXON
041, 13:35:13,1272,367.1,92373,18.4,6.6, 13:35:13,19.3020,72.9834,547.3,7,49.73,-1.65,44.07,-51.93,-13.38,-65.27,GLIDER_DEPLOYMENT, CXON
041, 13:35:14,1273,366.5,92380,18.4,6.6, 13:35:14,19.3020,72.9834,546.7,7,56.45,-13.61,-23.28,-50.75,58.65,42.33,GLIDER_DEPLOYMENT, CXON
041, 13:35:15,1274,365.8,92388,18.4,6.6, 13:35:15,19.3024,72.9836,546.0,7,-47.0,17.83,44.61,-3.44,-10.2,20.21,GLIDER_DEPLOYMENT, CXON
041, 13:35:16,1275,365.2,92394,18.4,6.6, 13:35:16,19.3026,72.9841,545.4,7,-46.36,19.79,0.41,-64.73,-47.41,-27.29,GLIDER_DEPLOYMENT, CXON
041, 13:35:17,1276,364.6,92401,18.4,6.6, 13:35:17,19.3025,72.9843,544.8,7,30.57,59.49,40.55,-43.23,8.29,14.85,GLIDER_DEPLOYMENT, CXON
041, 13:35:18,1277,363.9,92409,18.4,6.6, 13:35:18,19.3024,72.9841,544.1,7,20.06,44.8,21.87,22.12,64.09,-34.48,GLIDER_DEPLOYMENT, CXON
041, 13:35:19,1278,363.3,92415,18.4,6.6, 13:35:19,19.3026,72.9837,543.5,7,1.31,38.01,-35.7,-14.87,67.55,-6.41,GLIDER_DEPLOYMENT, CXON
041, 13:35:20,1279,362.6,92423,18.4,6.6, 13:35:20,19.3030,72.9837,542.8,7,47.82,24.61,-11.84,16.1,-27.95,-62.75,GLIDER_DEPLOYMENT, CXON
041, 13:35:21,1280,362.0,92430,18.4,6.6, 13:35:21,19.3029,72.9841,542.2,7,56.46,-36.25,-40.09,-20.55,-6.93,-50.16,GLIDER_DEPLOYMENT, CXON
041, 13:35:22,1281,361.4,92436,18.4,6.6, 13:35:22,19.3030,72.9839,541.6,7,17.6,-46.06,-0.72,48.7,-67.65,-42.94,GLIDER_DEPLOYMENT, CXON
041, 13:35:23,1282,360.7,92444,18.4,6.6, 13:35:23,19.3032,72.9837,540.9,7,48.0,-39.24,-1.37,32.19,14.14,-60.79,GLIDER_DEPLOYMENT, CXON
041, 13:35:24,1283,360.1,92451,18.3,6.6, 13:35:24,19.3037,72.9841,540.3,7,-23.94,-54.25,16.18,-42.24,54.88,58.61,GLIDER_DEPLOYMENT, CXON
041, 13:35:25,1284,359.5,92457,18.4,6.6, 13:35:25,19.3040,72.9844,539.7,7,-14.43,26.64,-58.47,27.24,-7.72,67.8,GLIDER_DEPLOYMENT, CXON
041, 13:35:26,1285,358.8,92465,18.4,6.6, 13:35:26,19.3042,72.9845,539.0,7,14.03,-59.03,-33.02,-33.95,28.47,58.27,GLIDER_DEPLOYMENT, CXON
041, 13:35:27,1286,358.2,92472,18.4,6.6, 13:35:27,19.3044,72.9842,538.4,7,-29.37,9.8,30.47,-11.31,27.29,-23.21,GLIDER_DEPLOYMENT, CXON
041, 13:35:28,1287,357.6,92478,18.4,6.6, 13:35:28,19.3044,72.9843,537.8,7,-46.82,51.61,-59.0,32.39,-21.45,61.3,GLIDER_DEPLOYMENT, CXON
041, 13:35:29,1288,356.9,92486,18.3,6.6, 13:35:29,19.3046,72.9842,537.1,7,38.17,20.0,-7.06,22.52,25.38,-23.99,GLIDER_DEPLOYMENT, CXON
041, 13:35:30,1289,356.3,92493,18.3,6.6, 13:35:30,19.3047,72.9838,536.5,7,-40.57,-8.31,-49.21,3.44,-14.66,-28.62,GLIDER_DEPLOYMENT, CXON
041, 13:35:31,1290,355.7,92499,18.3,6.6, 13:35:31,19.3044,72.9839,535.9,7,59.12,12.77,58.19,-37.44,-39.07,-24.21,GLIDER_DEPLOYMENT, CXON
041, 13:35:32,1291,355.0,92507,18.3,6.6, 13:35:32,19.3042,72.9840,535.2,7,37.39,32.71,-55.23,37.32,19.33,-32.76,GLIDER_DEPLOYMENT, CXON
041, 13:35:33,1292,354.4,92514,18.2,6.6, 13:35:33,19.3039,72.9838,534.6,7,-23.5,35.58,53.44,58.18,48.92,48.35,GLIDER_DEPLOYMENT, CXON
041, 13:35:34,1293,353.8,92520,18.2,6.6, 13:35:34,19.3037,72.9835,534.0,7,-46.1,-43.84,-21.71,-62.96,-28.66,49.77,GLIDER_DEPLOYMENT, CXON
041, 13:35:35,1294,353.1,92528,18.2,6.6, 13:35:35,19.3041,72.9831,533.3,7,27.26,5.16,-56.37,54.69,41.35,-55.8,GLIDER_DEPLOYMENT, CXON
041, 13:35:36,1295,352.5,92535,18.2,6.6, 13:35:36,19.3043,72.9829,532.7,7,-56.33,24.62,25.59,-44.62,-65.23,10.44,GLIDER_DEPLOYMENT, CXON
041, 13:35:37,1296,351.9,92541,18.2,6.6, 13:35:37,19.3047,72.9830,532.1,7,-45.85,23.88,26.46,9.51,63.5,-3.39,GLIDER_DEPLOYMENT, CXON
041, 13:35:38,1297,351.2,92549,18.2,6.6, 13:35:38,19.3046,72.9829,531.4,7,-8.43,1.34,-46.24,26.74,-62.37,-34.68,GLIDER_DEPLOYMENT, CXON
041, 13:35:39,1298,350.6,92556,18.2,6.6, 13:35:39,19.3045,72.9832,530.8,7,27.78,-14.93,-39.96,35.03,51.69,-58.62,GLIDER_DEPLOYMENT, CXON
041, 13:35:40,1299,350.0,92562,18.2,6.6, 13:35:40,19.3047,72.9830,530.2,7,38.66,13.08,35.85,62.74,25.68,23.87,GLIDER_DEPLOYMENT, CXON
041, 13:35:41,1300,349.3,92570,18.2,6.6, 13:35:41,19.3046,72.9833,529.5,7,11.51,-26.59,48.31,2.36,67.04,21.43,GLIDER_DEPLOYMENT, CXON
041, 13:35:42,1301,348.7,92577,18.2,6.6, 13:35:42,19.3051,72.9833,528.9,7,20.84,-11.58,2.76,-45.28,-18.43,-12.13,GLIDER_DEPLOYMENT, CXON
041, 13:35:43,1302,348.0,92584,18.2,6.6, 13:35:43,19.3049,72.9835,528.2,7,-3.19,45.84,-57.66,-8.04,46.39,35.71,GLIDER_DEPLOYMENT, CXON
041, 13:35:44,1303,347.4,92591,18.2,6.6, 13:35:44,19.3049,72.9831,527.6,7,-50.26,-32.6,44.67,-43.13,-30.04,8.1,GLIDER_DEPLOYMENT, CXON
041, 13:35:45,1304,346.8,92598,18.2,6.6, 13:35:45,19.3048,72.9830,527.0,7,-58.45,35.33,-14.74,-29.16,-40.99,-0.91,GLIDER_DEPLOYMENT, CXON
041, 13:35:46,1305,346.1,92605,18.2,6.6, 13:35:46,19.3045,72.9828,526.3,7,3.29,-20.64,-47.13,52.05,-61.67,-12.2,GLIDER_DEPLOYMENT, CXON
041, 13:35:47,1306,345.5,92612,18.2,6.6, 13:35:47,19.3044,72.9828,525.7,7,22.7,-28.9,-14.47,56.07,18.86,-7.64,GLIDER_DEPLOYMENT, CXON
041, 13:35:48,1307,344.9,92619,18.1,6.6, 13:35:48,19.3048,72.9826,525.1,7,42.09,-15.13,-2.55,-66.4,-36.02,-36.31,GLIDER_DEPLOYMENT, CXON
041, 13:35:49,1308,344.2,92626,18.1,6.6, 13:35:49,19.3053,72.9825,524.4,8,36.26,-23.84,9.72,-42.77,57.29,2.16,GLIDER_DEPLOYMENT, CXON
041, 13:35:50,1309,343.6,92633,18.1,6.6, 13:35:50,19.3054,72.9825,523.8,8,25.4,-3.09,9.17,-28.14,-48.64,-38.74,GLIDER_DEPLOYMENT, CXON
041, 13:35:51,1310,343.0,92640,18.1,6.6, 13:35:51,19.3050,72.9823,523.2,8,9.99,1.35,58.69,56.46,-60.03,42.85,GLIDER_DEPLOYMENT, CXON
041, 13:35:52,1311,342.3,92648,18.2,6.6, 13:35:52,19.3055,72.9822,522.5,8,15.5,22.19,35.6,30.3,44.85,-22.77,GLIDER_DEPLOYMENT, CXON
041, 13:35:53,1312,341.7,92654,18.2,6.6, 13:35:53,19.3060,72.9821,521.9,8,14.36,43.3,31.19,27.63,-49.59,-48.23,GLIDER_DEPLOYMENT, CXON
041, 13:35:54,1313,341.1,92661,18.2,6.6, 13:35:54,19.3056,72.9823,521.3,8,-45.6,-36.79,-26.69,6.79,30.54,62.55,GLIDER_DEPLOYMENT, CXON
041, 13:35:55,1314,340.4,92669,18.2,6.6, 13:35:55,19.3060,72.9824,520.6,8,50.29,25.86,-44.39,-19.3,-39.31,-6.98,GLIDER_DEPLOYMENT, CXON
041, 13:35:56,1315,339.8,92675,18.1,6.6, 13:35:56,19.3064,72.9822,520.0,8,59.97,55.48,-13.76,52.39,62.44,32.84,GLIDER_DEPLOYMENT, CXON
041, 13:35:57,1316,339.2,92682,18.1,6.6, 13:35:57,19.3067,72.9821,519.4,8,-2.96,-49.31,-41.25,41.37,-26.79,28.33,GLIDER_DEPLOYMENT, CXON
041, 13:35:58,1317,338.5,92690,18.1,6.6, 13:35:58,19.3066,72.9818,518.7,8,20.1,-29.17,-35.46,-5.13,-0.54,54.68,GLIDER_DEPLOYMENT, CXON
041, 13:35:59,1318,337.9,92696,18.1,6.6, 13:35:59,19.3066,72.9819,518.1,8,-44.44,-24.22,12.46,61.53,14.14,-40.63,GLIDER_DEPLOYMENT, CXON
041, 13:36:00,1319,337.3,92703,18.2,6.6, 13:36:00,19.3064,72.9818,517.5,8,-55.98,31.44,-33.83,45.71,30.48,38.68,GLIDER_DEPLOYMENT, CXON
041, 13:36:01,1320,336.6,92711,18.2,6.6, 13:36:01,19.3060,72.9819,516.8,8,-58.42,2.29,32.88,-50.35,-8.84,5.75,GLIDER_DEPLOYMENT, CXON
041, 13:36:02,1321,336.0,92717,18.1,6.6, 13:36:02,19.3061,72.9817,516.2,8,-41.73,-33.5,52.43,55.64,-54.41,10.22,GLIDER_DEPLOYMENT, CXON
041, 13:36:03,1322,335.3,92725,18.1,6.6, 13:36:03,19.3059,72.9819,515.5,8,-57.66,55.01,-25.73,-21.31,62.87,-50.48,GLIDER_DEPLOYMENT, CXON
041, 13:36:04,1323,334.7,92732,18.1,6.6, 13:36:04,19.3058,72.9818,514.9,8,9.92,54.01,-10.21,-63.86,-17.78,49.38,GLIDER_DEPLOYMENT, CXON
041, 13:36:05,1324,334.1,92738,18.1,6.6, 13:36:05,19.3056,72.9816,514.3,8,-17.92,-21.81,20.5,30.68,-63.74,-49.62,GLIDER_DEPLOYMENT, CXON
041, 13:36:06,1325,333.4,92746,18.1,6.6, 13:36:06,19.3059,72.9814,513.6,8,23.15,-50.97,21.03,-39.01,47.57,48.06,GLIDER_DEPLOYMENT, CXON
041, 13:36:07,1326,332.8,92753,18.1,6.6, 13:36:07,19.3064,72.9818,513.0,8,17.68,13.91,-17.17,25.68,-50.3,-5.88,GLIDER_DEPLOYMENT, CXON
041, 13:36:08,1327,332.2,92759,18.0,6.6, 13:36:08,19.3066,72.9818,512.4,8,-35.1,53.86,-25.14,5.52,-1.36,-44.16,GLIDER_DEPLOYMENT, CXON
041, 13:36:09,1328,331.5,92767,18.1,6.6, 13:36:09,19.3070,72.9817,511.7,8,49.31,49.2,53.01,-45.09,-48.2,-58.33,GLIDER_DEPLOYMENT, CXON
041, 13:36:10,1329,330.9,92774,18.0,6.6, 13:36:10,19.3066,72.9817,511.1,8,-17.39,27.41,-54.42,30.89,64.13,-28.46,GLIDER_DEPLOYMENT, CXON
041, 13:36:11,1330,330.3,92780,18.0,6.6, 13:36:11,19.3065,72.9821,510.5,8,59.56,-33.29,-3.56,-49.54,8.07,-14.92,GLIDER_DEPLOYMENT, CXON
041, 13:36:12,1331,329.6,92788,18.0,6.6, 13:36:12,19.3070,72.9824,509.8,8,38.98,-14.1,19.78,-54.16,-21.27,58.97,GLIDER_DEPLOYMENT, CXON
041, 13:36:13,1332,329.0,92795,18.1,6.6, 13:36:13,19.3070,72.9824,509.2,8,14.41,11.25,-28.69,53.19,-7.0,38.58,GLIDER_DEPLOYMENT, CXON
041, 13:36:14,1333,328.4,92801,18.1,6.6, 13:36:14,19.3071,72.9825,508.6,8,32.63,-32.46,-54.59,43.84,27.18,34.97,GLIDER_DEPLOYMENT, CXON
041, 13:36:15,1334,327.7,92809,18.1,6.6, 13:36:15,19.3075,72.9827,507.9,8,53.33,6.72,43.85,-62.04,-46.83,7.43,GLIDER_DEPLOYMENT, CXON
041, 13:36:16,1335,327.1,92816,18.1,6.6, 13:36:16,19.3072,72.9831,507.3,8,-51.4,46.66,-32.04,28.84,13.03,-36.92,GLIDER_DEPLOYMENT, CXON
041, 13:36:17,1336,326.5,92823,18.1,6.6, 13:36:17,19.3073,72.9830,506.7,8,5.26,-26.18,-45.55,27.55,-33.37,62.81,GLIDER_DEPLOYMENT, CXON
041, 13:36:18,1337,325.8,92830,18.1,6.6, 13:36:18,19.3075,72.9834,506.0,8,-15.57,28.0,-20.21,69.17,-27.98,-64.87,GLIDER_DEPLOYMENT, CXON
041, 13:36:19,1338,325.2,92837,18.1,6.6, 13:36:19,19.3077,72.9833,505.4,8,-10.31,-10.96,-16.4,-43.48,6.24,23.29,GLIDER_DEPLOYMENT, CXON
041, 13:36:20,1339,324.6,92844,18.0,6.6, 13:36:20,19.3075,72.9833,504.8,8,-33.87,20.8,-11.28,11.38,-12.89,1.14,GLIDER_DEPLOYMENT, CXON
041, 13:36:21,1340,323.9,92851,18.0,6.6, 13:36:21,19.3075,72.9832,504.1,8,41.61,-24.67,34.93,-10.62,-53.67,10.4,GLIDER_DEPLOYMENT, CXON
041, 13:36:22,1341,323.3,92858,18.0,6.6, 13:36:22,19.3080,72.9836,503.5,8,-3.41,36.9,20.38,-27.61,-51.87,11.37,GLIDER_DEPLOYMENT, CXON
041, 13:36:23,1342,322.6,92866,18.0,6.6, 13:36:23,19.3081,72.9834,502.8,8,33.21,56.12,-2.4,65.79,-7.03,-67.55,GLIDER_DEPLOYMENT, CXON
041, 13:36:24,1343,322.0,92872,18.0,6.6, 13:36:24,19.3085,72.9835,502.2,8,55.29,-40.49,-14.02,-68.0,-62.81,29.56,GLIDER_DEPLOYMENT, CXON
041, 13:36:25,1344,321.4,92879,18.0,6.6, 13:36:25,19.3085,72.9839,501.6,8,-31.67,-59.47,24.15,27.51,-50.59,59.92,GLIDER_DEPLOYMENT, CXON
041, 13:36:26,1345,320.7,92887,18.0,6.6, 13:36:26,19.3088,72.9840,500.9,8,24.15,-45.12,17.26,-20.37,-22.99,-26.18,GLIDER_DEPLOYMENT, CXON
041, 13:36:27,1346,320.1,92894,18.0,6.6, 13:36:27,19.3091,72.9836,500.3,8,1.55,-57.24,5.41,-46.62,64.52,-25.37,GLIDER_DEPLOYMENT, CXON
041, 13:36:28,1347,319.5,92900,18.0,6.6, 13:36:28,19.3095,72.9832,499.7,8,-23.66,-32.91,29.56,-17.95,50.64,-24.13,GLIDER_DEPLOYMENT, CXON
041, 13:36:29,1348,318.8,92908,18.0,6.6, 13:36:29,19.3092,72.9829,499.0,8,2.75,8.92,-34.36,-44.84,3.01,-7.66,GLIDER_DEPLOYMENT, CXON
041, 13:36:30,1349,318.2,92915,18.0,6.6, 13:36:30,19.3089,72.9825,498.4,8,-52.23,35.4,24.31,-48.52,-23.74,-26.89,GLIDER_DEPLOYMENT, CXON
041, 13:36:31,1350,317.6,92921,18.0,6.6, 13:36:31,19.3091,72.9822,497.8,8,-55.03,-32.99,16.99,-7.44,52.1,45.13,GLIDER_DEPLOYMENT, CXON
041, 13:36:32,1351,316.9,92929,18.0,6.6, 13:36:32,19.3096,72.9826,497.1,8,-49.28,-12.04,-42.55,15.68,0.72,-57.08,GLIDER_DEPLOYMENT, CXON
041, 13:36:33,1352,316.3,92936,18.0,6.6, 13:36:33,19.3098,72.9826,496.5,8,-3.39,16.12,23.76,29.1,-11.89,-45.94,GLIDER_DEPLOYMENT, CXON
041, 13:36:34,1353,315.7,92942,18.0,6.6, 13:36:34,19.3096,72.9824,495.9,8,11.31,14.6,-48.02,2.02,10.47,26.13,GLIDER_DEPLOYMENT, CXON
041, 13:36:35,1354,315.0,92950,18.0,6.6, 13:36:35,19.3094,72.9823,495.2,8,-45.07,41.06,14.17,43.76,2.07,-54.55,GLIDER_DEPLOYMENT, CXON
041, 13:36:36,1355,314.4,92957,18.0,6.6, 13:36:36,19.3091,72.9826,494.6,8,-60.0,-13.3,-54.99,37.0,68.7,-65.42,GLIDER_DEPLOYMENT, CXON
041, 13:36:37,1356,313.8,92963,18.0,6.6, 13:36:37,19.3089,72.9825,494.0,8,58.47,50.57,-13.64,23.87,41.17,-20.37,GLIDER_DEPLOYMENT, CXON
041, 13:36:38,1357,313.1,92971,18.0,6.6, 13:36:38,19.3091,72.9830,493.3,8,-7.0,-10.69,-14.31,14.99,-66.88,57.8,GLIDER_DEPLOYMENT, CXON
041, 13:36:39,1358,312.5,92978,18.0,6.6, 13:36:39,19.3087,72.9829,492.7,8,-42.49,32.34,44.39,6.43,62.15,-38.07,GLIDER_DEPLOYMENT, CXON
041, 13:36:40,1359,311.9,92985,18.0,6.6, 13:36:40,19.3087,72.9827,492.1,8,50.53,30.1,-25.42,-38.3,-30.31,-14.65,GLIDER_DEPLOYMENT, CXON
041, 13:36:41,1360,311.2,92992,18.0,6.6, 13:36:41,19.3092,72.9824,491.4,8,-36.53,-14.41,54.24,-5.98,30.67,46.1,GLIDER_DEPLOYMENT, CXON
041, 13:36:42,1361,310.6,92999,18.0,6.6, 13:36:42,19.3095,72.9826,490.8,8,59.15,-27.52,54.41,-1.89,51.63,19.77,GLIDER_DEPLOYMENT, CXON
041, 13:36:43,1362,310.0,93006,18.0,6.6, 13:36:43,19.3092,72.9825,490.2,8,-1.48,38.36,-37.67,39.17,-57.65,-20.98,GLIDER_DEPLOYMENT, CXON
041, 13:36:44,1363,309.3,93013,18.0,6.6, 13:36:44,19.3093,72.9829,489.5,8,23.11,-13.95,2.51,-15.53,52.16,-27.47,GLIDER_DEPLOYMENT, CXON
041, 13:36:45,1364,308.7,93020,18.0,6.6, 13:36:45,19.3091,72.9832,488.9,8,22.41,-30.56,-9.6,55.26,64.52,-38.82,GLIDER_DEPLOYMENT, CXON
041, 13:36:46,1365,308.0,93028,18.0,6.6, 13:36:46,19.3096,72.9831,488.2,8,54.53,-56.24,22.6,59.42,44.81,10.1,GLIDER_DEPLOYMENT, CXON
041, 13:36:47,1366,307.4,93035,18.0,6.6, 13:36:47,19.3100,72.9835,487.6,8,-33.45,-18.74,13.58,-27.54,-40.14,51.64,GLIDER_DEPLOYMENT, CXON
041, 13:36:48,1367,306.8,93041,18.0,6.6, 13:36:48,19.3100,72.9835,487.0,8,44.59,29.49,32.93,-67.69,43.43,40.97,GLIDER_DEPLOYMENT, CXON
041, 13:36:49,1368,306.1,93049,18.0,6.6, 13:36:49,19.3103,72.9839,486.3,8,4.71,46.68,-49.47,-33.62,44.84,41.11,GLIDER_DEPLOYMENT, CXON
041, 13:36:50,1369,305.5,93056,18.0,6.6, 13:36:50,19.3103,72.9842,485.7,8,-12.2,-21.72,31.43,27.41,-19.35,29.99,GLIDER_DEPLOYMENT, CXON
041, 13:36:51,1370,304.9,93062,18.0,6.6, 13:36:51,19.3101,72.9841,485.1,8,-9.78,-49.4,-22.59,-20.77,-24.22,0.94,GLIDER_DEPLOYMENT, CXON
041, 13:36:52,1371,304.2,93070,18.0,6.6, 13:36:52,19.3100,72.9838,484.4,8,-49.46,46.25,31.18,33.42,57.1,-13.83,GLIDER_DEPLOYMENT, CXON
041, 13:36:53,1372,303.6,93077,18.0,6.6, 13:36:53,19.3100,72.9841,483.8,8,-49.78,-7.47,-50.24,-40.01,7.49,21.0,GLIDER_DEPLOYMENT, CXON
041, 13:36:54,1373,303.0,93083,18.0,6.6, 13:36:54,19.3098,72.9838,483.2,8,-37.47,-55.81,-59.84,-53.87,5.13,-6.06,GLIDER_DEPLOYMENT, CXON
041, 13:36:55,1374,302.3,93091,18.1,6.6, 13:36:55,19.3095,72.9835,482.5,8,24.05,57.61,29.92,-37.16,-21.63,-8.77,GLIDER_DEPLOYMENT, CXON
041, 13:36:56,1375,301.7,93098,18.1,6.6, 13:36:56,19.3092,72.9831,481.9,8,45.61,57.02,57.37,-16.79,26.23,-41.06,GLIDER_DEPLOYMENT, CXON
041, 13:36:57,1376,301.1,93105,18.0,6.6, 13:36:57,19.3091,72.9834,481.3,8,3.32,-31.95,-2.22,5.7,-42.65,-7.33,GLIDER_DEPLOYMENT, CXON
041, 13:36:58,1377,300.4,93112,18.0,6.6, 13:36:58,19.3096,72.9837,480.6,8,-44.57,50.24,23.08,-7.97,-43.57,22.18,GLIDER_DEPLOYMENT, CXON
041, 13:36:59,1378,299.8,93119,18.0,6.6, 13:36:59,19.3093,72.9837,480.0,8,56.07,11.76,1.52,16.58,21.65,14.33,GLIDER_DEPLOYMENT, CXON
041, 13:37:00,1379,299.2,93126,18.0,6.6, 13:37:00,19.3094,72.9841,479.4,8,44.62,-1.4,-24.59,12.24,-63.46,-0.45,GLIDER_DEPLOYMENT, CXON
041, 13:37:01,1380,298.5,93133,18.0,6.6, 13:37:01,19.3091,72.9839,478.7,8,-2.42,13.06,55.66,-54.97,-51.97,-2.15,GLIDER_DEPLOYMENT, CXON
041, 13:37:02,1381,297.9,93140,18.0,6.6, 13:37:02,19.3090,72.9841,478.1,8,-9.54,-38.49,-51.46,36.53,1.43,5.34,GLIDER_DEPLOYMENT, CXON
041, 13:37:03,1382,297.3,93147,18.1,6.6, 13:37:03,19.3090,72.9840,477.5,8,50.29,-50.9,33.2,-5.47,4.6,-34.91,GLIDER_DEPLOYMENT, CXON
041, 13:37:04,1383,296.6,93155,18.1,6.6, 13:37:04,19.3089,72.9837,476.8,8,46.98,39.57,-53.95,-49.28,-29.64,-66.0,GLIDER_DEPLOYMENT, CXON
041, 13:37:05,1384,296.0,93161,18.1,6.6, 13:37:05,19.3091,72.9838,476.2,8,57.49,-23.47,-21.86,-32.78,14.38,-4.72,GLIDER_DEPLOYMENT, CXON
041, 13:37:06,1385,295.3,93169,18.0,6.6, 13:37:06,19.3096,72.9842,475.5,8,14.84,43.5,-1.64,-0.48,27.45,-41.74,GLIDER_DEPLOYMENT, CXON
041, 13:37:07,1386,294.7,93176,18.0,6.6, 13:37:07,19.3095,72.9842,474.9,8,-38.65,17.12,-46.26,-7.46,-62.21,5.6,GLIDER_DEPLOYMENT, CXON
041, 13:37:08,1387,294.1,93182,18.0,6.6, 13:37:08,19.3091,72.9845,474.3,8,-24.13,54.53,-20.55,-49.76,23.73,-35.91,GLIDER_DEPLOYMENT, CXON
041, 13:37:09,1388,293.4,93190,18.0,6.6, 13:37:09,19.3089,72.9846,473.6,8,-33.23,-28.22,-50.15,-36.72,-39.37,-47.73,GLIDER_DEPLOYMENT, CXON
041, 13:37:10,1389,292.8,93197,18.0,6.6, 13:37:10,19.3090,72.9847,473.0,8,21.88,13.65,-3.52,49.63,-50.2,-31.52,GLIDER_DEPLOYMENT, CXON
041, 13:37:11,1390,292.2,93203,18.0,6.6, 13:37:11,19.3094,72.9847,472.4,8,41.13,7.44,51.71,56.19,-23.61,-30.95,GLIDER_DEPLOYMENT, CXON
041, 13:37:12,1391,291.5,93211,18.0,6.6, 13:37:12,19.3094,72.9846,471.7,8,-57.14,-13.83,51.03,-11.33,41.29,55.56,GLIDER_DEPLOYMENT, CXON
041, 13:37:13,1392,290.9,93218,18.0,6.6, 13:37:13,19.3094,72.9845,471.1,8,52.84,36.6,29.18,-62.17,20.77,26.59,GLIDER_DEPLOYMENT, CXON
041, 13:37:14,1393,290.3,93225,18.0,6.6, 13:37:14,19.3094,72.9843,470.5,8,-47.13,-41.75,-5.12,-68.14,41.05,-11.61,GLIDER_DEPLOYMENT, CXON
041, 13:37:15,1394,289.6,93232,18.0,6.6, 13:37:15,19.3093,72.9844,469.8,8,25.81,-8.39,25.8,10.19,43.58,32.04,GLIDER_DEPLOYMENT, CXON
041, 13:37:16,1395,289.0,93239,18.0,6.6, 13:37:16,19.3092,72.9841,469.2,8,39.62,-40.32,50.85,-22.0,-48.67,27.63,GLIDER_DEPLOYMENT, CXON
041, 13:37:17,1396,288.4,93246,18.0,6.6, 13:37:17,19.3092,72.9843,468.6,8,2.12,19.65,35.11,65.42,16.92,-10.29,GLIDER_DEPLOYMENT, CXON
041, 13:37:18,1397,287.7,93254,18.0,6.6, 13:37:18,19.3096,72.9844,467.9,8,23.58,38.29,23.55,54.15,-6.46,27.56,GLIDER_DEPLOYMENT, CXON
041, 13:37:19,1398,287.1,93260,18.0,6.6, 13:37:19,19.3099,72.9843,467.3,8,-40.89,42.29,6.19,64.67,13.79,-33.89,GLIDER_DEPLOYMENT, CXON
041, 13:37:20,1399,286.5,93267,18.0,6.6, 13:37:20,19.3097,72.9840,466.7,8,3.37,26.12,8.88,-63.32,39.41,24.53,GLIDER_DEPLOYMENT, CXON
041, 13:37:21,1400,285.8,93275,18.0,6.6, 13:37:21,19.3097,72.9843,466.0,8,-49.09,-23.14,30.73,25.77,28.23,27.05,GLIDER_DEPLOYMENT, CXON
041, 13:37:22,1401,285.2,93281,18.0,6.6, 13:37:22,19.3093,72.9841,465.4,8,-23.68,-0.03,-48.5,-10.02,-50.41,-23.05,GLIDER_DEPLOYMENT, CXON
041, 13:37:23,1402,284.6,93288,18.0,6.6, 13:37:23,19.3096,72.9837,464.8,8,-35.88,47.15,-11.37,62.4,-26.95,2.63,GLIDER_DEPLOYMENT, CXON
041, 13:37:24,1403,283.9,93296,18.0,6.6, 13:37:24,19.3101,72.9837,464.1,8,35.64,0.85,-18.09,48.42,59.36,-67.85,GLIDER_DEPLOYMENT, CXON
041, 13:37:25,1404,283.3,93303,18.0,6.6, 13:37:25,19.3102,72.9837,463.5,8,26.3,-41.18,-3.0,-41.99,51.01,39.99,GLIDER_DEPLOYMENT, CXON
041, 13:37:26,1405,282.6,93310,18.0,6.6, 13:37:26,19.3103,72.9839,462.8,8,-31.3,32.64,17.88,69.56,-33.28,-13.68,GLIDER_DEPLOYMENT, CXON
041, 13:37:27,1406,282.0,93317,18.0,6.6, 13:37:27,19.3106,72.9843,462.2,8,-40.07,27.36,-25.15,-31.77,-20.71,39.03,GLIDER_DEPLOYMENT, CXON
041, 13:37:28,1407,281.4,93324,18.0,6.6, 13:37:28,19.3108,72.9846,461.6,8,-36.46,43.78,2.52,19.01,50.46,-40.08,GLIDER_DEPLOYMENT, CXON
041, 13:37:29,1408,280.7,93331,18.0,6.6, 13:37:29,19.3104,72.9846,460.9,8,5.01,-6.11,0.56,47.17,-54.04,30.79,GLIDER_DEPLOYMENT, CXON
041, 13:37:30,1409,280.1,93338,18.0,6.6, 13:37:30,19.3104,72.9843,460.3,8,-4.94,-39.77,-6.66,-50.85,69.46,-40.69,GLIDER_DEPLOYMENT, CXON
041, 13:37:31,1410,279.5,93345,18.0,6.6, 13:37:31,19.3106,72.9840,459.7,8,41.73,-15.38,-50.07,-9.79,17.11,-19.45,GLIDER_DEPLOYMENT, CXON
041, 13:37:32,1411,278.8,93353,18.0,6.6, 13:37:32,19.3109,72.9844,459.0,8,38.02,-52.51,-9.63,4.52,-16.4,-44.0,GLIDER_DEPLOYMENT, CXON
041, 13:37:33,1412,278.2,93359,18.0,6.6, 13:37:33,19.3107,72.9844,458.4,8,59.62,-13.98,55.89,24.23,20.52,57.93,GLIDER_DEPLOYMENT, CXON
041, 13:37:34,1413,277.6,93366,18.0,6.6, 13:37:34,19.3107,72.9847,457.8,8,45.01,-59.87,52.11,-65.48,19.61,-59.81,GLIDER_DEPLOYMENT, CXON
041, 13:37:35,1414,276.9,93374,18.0,6.6, 13:37:35,19.3104,72.9851,457.1,8,-30.3,48.11,-13.94,8.2,-7.66,36.61,GLIDER_DEPLOYMENT, CXON
041, 13:37:36,1415,276.3,93380,18.0,6.6, 13:37:36,19.3102,72.9850,456.5,8,-46.76,-28.64,-26.64,26.54,-49.65,-48.46,GLIDER_DEPLOYMENT, CXON
041, 13:37:37,1416,275.7,93387,18.1,6.6, 13:37:37,19.3099,72.9854,455.9,8,31.1,13.14,55.43,4.74,-50.52,-68.38,GLIDER_DEPLOYMENT, CXON
041, 13:37:38,1417,275.0,93395,18.0,6.6, 13:37:38,19.3100,72.9858,455.2,8,-51.54,-51.48,-48.53,-19.11,61.04,39.29,GLIDER_DEPLOYMENT, CXON
041, 13:37:39,1418,274.4,93402,18.0,6.6, 13:37:39,19.3098,72.9856,454.6,8,-21.41,-30.41,-24.52,-38.63,-21.85,12.73,GLIDER_DEPLOYMENT, CXON
041, 13:37:40,1419,273.8,93408,18.0,6.6, 13:37:40,19.3097,72.9852,454.0,8,8.63,-22.46,-34.8,-12.73,62.48,13.86,GLIDER_DEPLOYMENT, CXON
041, 13:37:41,1420,273.1,93416,18.0,6.6, 13:37:41,19.3098,72.9854,453.3,8,43.76,31.27,-53.92,68.26,-67.71,37.81,GLIDER_DEPLOYMENT, CXON
041, 13:37:42,1421,272.5,93423,18.0,6.6, 13:37:42,19.3103,72.9857,452.7,8,-50.04,17.63,-45.85,-10.55,-51.83,-27.8,GLIDER_DEPLOYMENT, CXON
041, 13:37:43,1422,271.9,93429,18.0,6.6, 13:37:43,19.3100,72.9855,452.1,8,33.29,-24.82,9.52,51.11,19.07,44.65,GLIDER_DEPLOYMENT, CXON
041, 13:37:44,1423,271.2,93437,18.0,6.6, 13:37:44,19.3098,72.9860,451.4,8,50.12,-21.37,51.13,-57.91,-38.21,50.9,GLIDER_DEPLOYMENT, CXON
041, 13:37:45,1424,270.6,93444,18.0,6.6, 13:37:45,19.3096,72.9863,450.8,8,-44.72,0.11,8.94,8.18,50.8,-65.1,GLIDER_DEPLOYMENT, CXON
041, 13:37:46,1425,269.9,93452,18.0,6.6, 13:37:46,19.3097,72.9861,450.1,8,35.68,-8.4,-28.64,38.23,36.96,45.4,GLIDER_DEPLOYMENT, CXON
041, 13:37:47,1426,269.3,93458,18.0,6.6, 13:37:47,19.3093,72.9862,449.5,8,-55.61,14.59,-44.02,38.65,-67.21,26.62,GLIDER_DEPLOYMENT, CXON
041, 13:37:48,1427,268.7,93465,18.0,6.6, 13:37:48,19.3093,72.9863,448.9,8,41.91,-25.98,56.58,-28.71,-64.83,-30.84,GLIDER_DEPLOYMENT, CXON
041, 13:37:49,1428,268.0,93473,18.0,6.6, 13:37:49,19.3090,72.9867,448.2,8,33.32,29.48,58.61,-62.67,26.08,49.85,GLIDER_DEPLOYMENT, CXON
041, 13:37:50,1429,267.4,93480,18.0,6.6, 13:37:50,19.3088,72.9871,447.6,8,-3.45,39.63,-29.74,14.24,34.45,-22.13,GLIDER_DEPLOYMENT, CXON
041, 13:37:51,1430,266.8,93486,18.0,6.6, 13:37:51,19.3090,72.9871,447.0,8,-35.99,-21.56,-21.7,-52.52,13.02,-48.34,GLIDER_DEPLOYMENT, CXON
041, 13:37:52,1431,266.1,93494,18.0,6.6, 13:37:52,19.3095,72.9873,446.3,8,-34.51,41.34,52.64,-23.78,41.63,18.15,GLIDER_DEPLOYMENT, CXON
041, 13:37:53,1432,265.5,93501,18.0,6.6, 13:37:53,19.3097,72.9875,445.7,8,52.43,-5.3,-47.45,-68.95,31.25,-4.23,GLIDER_DEPLOYMENT, CXON
041, 13:37:54,1433,264.9,93508,18.0,6.6, 13:37:54,19.3095,72.9873,445.1,8,8.81,-57.45,-47.9,-59.63,-28.37,-8.21,GLIDER_DEPLOYMENT, CXON
041, 13:37:55,1434,264.2,93515,18.0,6.6, 13:37:55,19.3098,72.9876,444.4,8,5.57,30.52,35.52,31.96,-25.56,10.53,GLIDER_DEPLOYMENT, CXON
041, 13:37:56,1435,263.6,93522,18.0,6.6, 13:37:56,19.3097,72.9872,443.8,8,12.14,-46.26,-6.57,-43.75,-53.79,54.31,GLIDER_DEPLOYMENT, CXON
041, 13:37:57,1436,263.0,93529,18.0,6.6, 13:37:57,19.3100,72.9873,443.2,8,-1.89,17.91,37.29,-43.38,5.67,-32.25,GLIDER_DEPLOYMENT, CXON
041, 13:37:58,1437,262.3,93537,18.0,6.6, 13:37:58,19.3103,72.9877,442.5,8,-8.09,-39.04,-38.78,-27.07,-17.97,53.75,GLIDER_DEPLOYMENT, CXON
041, 13:37:59,1438,261.7,93543,18.0,6.6, 13:37:59,19.3105,72.9875,441.9,8,-15.53,-7.17,-52.15,-27.17,10.04,14.41,GLIDER_DEPLOYMENT, CXON
041, 13:38:00,1439,261.1,93550,18.0,6.6, 13:38:00,19.3106,72.9872,441.3,8,-59.52,55.62,27.77,61.15,-25.42,37.84,GLIDER_DEPLOYMENT, CXON
041, 13:38:01,1440,260.4,93558,18.0,6.6, 13:38:01,19.3102,72.9870,440.6,8,-15.08,-7.41,8.7,-44.01,-38.95,-66.9,GLIDER_DEPLOYMENT, CXON
041, 13:38:02,1441,259.8,93564,18.0,6.6, 13:38:02,19.3100,72.9866,440.0,8,41.12,-32.7,0.92,10.95,-64.24,6.45,GLIDER_DEPLOYMENT, CXON
041, 13:38:03,1442,259.2,93571,18.0,6.6, 13:38:03,19.3102,72.9869,439.4,8,7.27,-17.11,1.39,23.45,-8.78,33.13,GLIDER_DEPLOYMENT, CXON
041, 13:38:04,1443,258.5,93579,18.1,6.6, 13:38:04,19.3102,72.9866,438.7,8,-39.15,-24.43,7.45,-61.69,-26.52,-49.36,GLIDER_DEPLOYMENT, CXON
041, 13:38:05,1444,257.9,93586,18.1,6.6, 13:38:05,19.3105,72.9863,438.1,8,-17.18,29.64,40.06,-15.17,62.0,53.0,GLIDER_DEPLOYMENT, CXON
041, 13:38:06,1445,257.3,93592,18.1,6.6, 13:38:06,19.3103,72.9865,437.5,8,-52.81,17.91,-32.48,-43.81,16.22,-15.33,GLIDER_DEPLOYMENT, CXON
041, 13:38:07,1446,256.6,93600,18.0,6.6, 13:38:07,19.3106,72.9864,436.8,8,33.57,14.15,-59.64,-22.08,14.0,-35.83,GLIDER_DEPLOYMENT, CXON
041, 13:38:08,1447,256.0,93607,18.0,6.6, 13:38:08,19.3105,72.9866,436.2,8,-7.04,58.64,-32.75,-65.6,20.92,27.09,GLIDER_DEPLOYMENT, CXON
041, 13:38:09,1448,255.3,93615,18.0,6.6, 13:38:09,19.3103,72.9866,435.5,8,-26.58,-44.49,-43.07,-63.93,-10.08,-51.18,GLIDER_DEPLOYMENT, CXON
041, 13:38:10,1449,254.7,93621,18.0,6.6, 13:38:10,19.3105,72.9868,434.9,8,-18.63,36.57,-54.63,-11.48,60.6,-62.57,GLIDER_DEPLOYMENT, CXON
041, 13:38:11,1450,254.1,93628,18.0,6.6, 13:38:11,19.3104,72.9865,434.3,8,40.74,34.9,10.37,-11.69,7.92,0.01,GLIDER_DEPLOYMENT, CXON
041, 13:38:12,1451,253.4,93636,18.0,6.6, 13:38:12,19.3107,72.9866,433.6,8,-31.66,10.19,33.33,-0.23,-24.58,6.16,GLIDER_DEPLOYMENT, CXON
041, 13:38:13,1452,252.8,93643,18.0,6.6, 13:38:13,19.3111,72.9866,433.0,8,-9.75,2.31,31.16,-46.07,-44.29,-1.65,GLIDER_DEPLOYMENT, CXON
041, 13:38:14,1453,252.2,93649,18.0,6.6, 13:38:14,19.3108,72.9864,432.4,8,-16.14,47.51,13.42,-30.79,19.31,1.39,GLIDER_DEPLOYMENT, CXON
041, 13:38:15,1454,251.5,93657,18.0,6.6, 13:38:15,19.3110,72.9867,431.7,8,55.88,-57.96,1.67,-16.74,-7.68,44.74,GLIDER_DEPLOYMENT, CXON
041, 13:38:16,1455,250.9,93664,18.0,6.6, 13:38:16,19.3113,72.9871,431.1,8,10.05,3.28,-47.86,-17.33,-43.32,38.15,GLIDER_DEPLOYMENT, CXON
041, 13:38:17,1456,250.3,93670,18.0,6.6, 13:38:17,19.3114,72.9875,430.5,8,41.79,-14.84,-16.03,4.29,-11.48,66.41,GLIDER_DEPLOYMENT, CXON
041, 13:38:18,1457,249.6,93678,18.0,6.6, 13:38:18,19.3119,72.9872,429.8,8,53.55,-16.64,-28.65,14.13,-14.18,-40.71,GLIDER_DEPLOYMENT, CXON
041, 13:38:19,1458,249.0,93685,18.1,6.6, 13:38:19,19.3116,72.9872,429.2,8,38.98,36.61,-5.51,-13.45,-50.47,41.66,GLIDER_DEPLOYMENT, CXON
041, 13:38:20,1459,248.4,93692,18.1,6.6, 13:38:20,19.3118,72.9876,428.6,8,-16.88,-32.23,29.34,17.22,-14.75,-69.38,GLIDER_DEPLOYMENT, CXON
041, 13:38:21,1460,247.7,93700,18.1,6.6, 13:38:21,19.3116,72.9876,427.9,8,32.43,-18.27,-44.97,24.63,25.95,15.18,GLIDER_DEPLOYMENT, CXON
041, 13:38:22,1461,247.1,93706,18.1,6.6, 13:38:22,19.3117,72.9876,427.3,8,42.67,-20.39,-31.1,-18.44,45.36,34.01,GLIDER_DEPLOYMENT, CXON
041, 13:38:23,1462,246.5,93713,18.1,6.6, 13:38:23,19.3122,72.9875,426.7,8,34.71,23.18,13.95,-37.53,-69.87,51.55,GLIDER_DEPLOYMENT, CXON
041, 13:38:24,1463,245.8,93721,18.1,6.6, 13:38:24,19.3126,72.9879,426.0,8,27.96,27.13,38.41,61.88,58.74,53.16,GLIDER_DEPLOYMENT, CXON
041, 13:38:25,1464,245.2,93727,18.0,6.6, 13:38:25,19.3123,72.9877,425.4,8,44.04,5.64,54.47,-23.64,-60.74,-49.03,GLIDER_DEPLOYMENT, CXON
041, 13:38:26,1465,244.6,93734,18.1,6.6, 13:38:26,19.3123,72.9879,424.8,8,-55.65,52.41,-26.01,-42.1,-1.89,-3.03,GLIDER_DEPLOYMENT, CXON
041, 13:38:27,1466,243.9,93742,18.1,6.6, 13:38:27,19.3121,72.9882,424.1,8,-20.95,-12.1,47.64,33.49,31.96,41.12,GLIDER_DEPLOYMENT, CXON
041, 13:38:28,1467,243.3,93749,18.0,6.6, 13:38:28,19.3122,72.9886,423.5,8,-39.11,24.17,-3.02,62.2,29.34,59.11,GLIDER_DEPLOYMENT, CXON
041, 13:38:29,1468,242.6,93757,18.0,6.6, 13:38:29,19.3120,72.9884,422.8,8,-22.44,-34.36,15.1,9.62,33.2,35.1,GLIDER_DEPLOYMENT, CXON
041, 13:38:30,1469,242.0,93763,18.1,6.6, 13:38:30,19.3122,72.9885,422.2,8,-2.71,-19.11,-22.82,-23.48,1.21,-7.77,GLIDER_DEPLOYMENT, CXON
041, 13:38:31,1470,241.4,93770,18.1,6.6, 13:38:31,19.3127,72.9886,421.6,8,58.92,-22.0,13.04,11.48,-6.88,-5.68,GLIDER_DEPLOYMENT, CXON
041, 13:38:32,1471,240.7,93778,18.0,6.6, 13:38:32,19.3124,72.9889,420.9,8,-2.49,-18.44,-23.14,62.44,-23.06,10.96,GLIDER_DEPLOYMENT, CXON
041, 13:38:33,1472,240.1,93784,18.0,6.6, 13:38:33,19.3125,72.9890,420.3,8,-47.32,-56.84,18.03,-69.71,2.62,-30.9,GLIDER_DEPLOYMENT, CXON
041, 13:38:34,1473,239.5,93791,18.0,6.6, 13:38:34,19.3121,72.9887,419.7,8,-20.26,17.48,24.58,46.5,63.78,7.94,GLIDER_DEPLOYMENT, CXON
041, 13:38:35,1474,238.8,93799,18.0,6.6, 13:38:35,19.3120,72.9888,419.0,8,-39.03,-12.33,-30.73,24.96,62.61,-18.51,GLIDER_DEPLOYMENT, CXON
041, 13:38:36,1475,238.2,93806,18.0,6.6, 13:38:36,19.3123,72.9887,418.4,8,-27.82,18.53,-22.75,-0.4,18.1,7.82,GLIDER_DEPLOYMENT, CXON
041, 13:38:37,1476,237.6,93812,18.0,6.6, 13:38:37,19.3121,72.9887,417.8,8,47.72,42.68,-52.8,-45.73,-36.98,39.14,GLIDER_DEPLOYMENT, CXON
041, 13:38:38,1477,236.9,93820,18.0,6.6, 13:38:38,19.3124,72.9891,417.1,8,37.82,-18.22,38.3,-33.53,60.44,-50.25,GLIDER_DEPLOYMENT, CXON
041, 13:38:39,1478,236.3,93827,18.0,6.6, 13:38:39,19.3127,72.9894,416.5,8,3.79,4.5,-24.92,12.2,-63.4,31.13,GLIDER_DEPLOYMENT, CXON
041, 13:38:40,1479,235.7,93834,18.1,6.6, 13:38:40,19.3127,72.9895,415.9,8,-14.47,51.39,-34.32,-1.75,26.77,34.5,GLIDER_DEPLOYMENT, CXON
041, 13:38:41,1480,235.0,93841,18.0,6.6, 13:38:41,19.3129,72.9892,415.2,8,38.93,-57.69,45.69,44.12,0.89,54.64,GLIDER_DEPLOYMENT, CXON
041, 13:38:42,1481,234.4,93848,18.1,6.6, 13:38:42,19.3127,72.9889,414.6,8,-46.04,-48.5,20.99,28.22,62.37,-16.41,GLIDER_DEPLOYMENT, CXON
041, 13:38:43,1482,233.8,93855,18.1,6.6, 13:38:43,19.3130,72.9894,414.0,8,-58.86,54.57,-10.42,41.74,-40.89,5.82,GLIDER_DEPLOYMENT, CXON
041, 13:38:44,1483,233.1,93863,18.1,6.6, 13:38:44,19.3132,72.9891,413.3,8,49.79,-53.42,38.38,9.13,17.04,-38.89,GLIDER_DEPLOYMENT, CXON
041, 13:38:45,1484,232.5,93869,18.1,6.6, 13:38:45,19.3130,72.9895,412.7,8,-10.13,43.21,-32.1,-17.7,-40.32,-65.2,GLIDER_DEPLOYMENT, CXON
041, 13:38:46,1485,231.9,93876,18.1,6.6, 13:38:46,19.3131,72.9895,412.1,8,-47.32,50.02,16.2,2.5,-31.67,-11.54,GLIDER_DEPLOYMENT, CXON
041, 13:38:47,1486,231.2,93884,18.1,6.6, 13:38:47,19.3132,72.9899,411.4,8,-12.1,42.41,-51.82,29.2,-53.06,-31.74,GLIDER_DEPLOYMENT, CXON
041, 13:38:48,1487,230.6,93891,18.0,6.6, 13:38:48,19.3136,72.9902,410.8,8,-0.13,-46.61,2.42,55.84,31.01,-69.75,GLIDER_DEPLOYMENT, CXON
041, 13:38:49,1488,229.9,93899,18.1,6.6, 13:38:49,19.3137,72.9898,410.1,8,25.61,14.95,-59.52,-7.84,-67.54,-61.33,GLIDER_DEPLOYMENT, CXON
041, 13:38:50,1489,229.3,93905,18.1,6.6, 13:38:50,19.3136,72.9895,409.5,8,-27.14,-32.62,6.79,-31.75,57.75,-67.83,GLIDER_DEPLOYMENT, CXON
041, 13:38:51,1490,228.7,93912,18.1,6.6, 13:38:51,19.3136,72.9892,408.9,8,-13.56,-26.3,35.82,-36.45,19.54,24.47,GLIDER_DEPLOYMENT, CXON
041, 13:38:52,1491,228.0,93920,18.1,6.6, 13:38:52,19.3137,72.9889,408.2,8,-31.14,50.98,-38.96,64.07,-47.7,-65.57,GLIDER_DEPLOYMENT, CXON
041, 13:38:53,1492,227.4,93927,18.0,6.6, 13:38:53,19.3141,72.9887,407.6,8,-18.58,-19.08,16.03,-27.46,-4.45,21.32,GLIDER_DEPLOYMENT, CXON
041, 13:38:54,1493,226.8,93933,18.0,6.6, 13:38:54,19.3143,72.9889,407.0,8,-59.54,-8.06,41.54,13.11,24.53,66.67,GLIDER_DEPLOYMENT, CXON
041, 13:38:55,1494,226.1,93941,18.0,6.6, 13:38:55,19.3140,72.9893,406.3,8,10.35,44.86,18.87,-22.44,29.41,-32.1,GLIDER_DEPLOYMENT, CXON
041, 13:38:56,1495,225.5,93948,18.0,6.6, 13:38:56,19.3143,72.9891,405.7,8,30.52,5.19,15.32,-56.64,3.65,-57.05,GLIDER_DEPLOYMENT, CXON
041, 13:38:57,1496,224.9,93955,18.0,6.6, 13:38:57,19.3142,72.9891,405.1,8,14.9,7.06,57.55,47.92,25.99,-21.13,GLIDER_DEPLOYMENT, CXON
041, 13:38:58,1497,224.2,93962,18.0,6.6, 13:38:58,19.3140,72.9893,404.4,8,18.29,43.25,-52.84,-2.5,-22.37,-22.15,GLIDER_DEPLOYMENT, CXON
041, 13:38:59,1498,223.6,93969,18.0,6.6, 13:38:59,19.3140,72.9894,403.8,8,-45.88,6.73,15.99,-52.63,-22.58,-32.69,GLIDER_DEPLOYMENT, CXON
041, 13:39:00,1499,223.0,93976,18.0,6.6, 13:39:00,19.3145,72.9894,403.2,8,51.09,-55.87,30.09,55.94,-8.41,-17.57,GLIDER_DEPLOYMENT, CXON
041, 13:39:01,1500,222.3,93984,18.0,6.6, 13:39:01,19.3143,72.9898,402.5,8,17.22,-0.19,-4.84,41.37,33.53,-30.62,GLIDER_DEPLOYMENT, CXON
041, 13:39:02,1501,221.7,93990,18.0,6.6, 13:39:02,19.3139,72.9898,401.9,8,-46.2,19.91,-20.07,-24.37,-39.47,-34.93,GLIDER_DEPLOYMENT, CXON
041, 13:39:03,1502,221.1,93997,18.0,6.6, 13:39:03,19.3139,72.9899,401.3,8,-21.71,54.4,11.83,-46.19,25.26,-69.85,GLIDER_DEPLOYMENT, CXON
041, 13:39:04,1503,220.4,94005,18.0,6.6, 13:39:04,19.3137,72.9899,400.6,8,49.14,32.84,34.28,11.2,-42.41,21.21,GLIDER_DEPLOYMENT, CXON
041, 13:39:05,1504,219.8,94012,18.0,6.6, 13:39:05,19.3134,72.9900,400.0,8,50.08,-20.64,16.54,-55.41,52.95,54.24,GLIDER_DEPLOYMENT, CXON
041, 13:39:06,1505,219.2,94018,18.0,6.6, 13:39:06,19.3137,72.9900,399.4,8,45.66,-54.39,-25.45,-53.62,45.74,33.36,GLIDER_DEPLOYMENT, CXON
041, 13:39:07,1506,218.5,94026,18.0,6.6, 13:39:07,19.3138,72.9901,398.7,8,-10.02,7.95,7.21,-25.3,-18.64,-47.16,GLIDER_DEPLOYMENT, CXON
041, 13:39:08,1507,217.9,94033,18.0,6.6, 13:39:08,19.3136,72.9902,398.1,8,-13.19,-38.25,-52.48,-64.82,34.12,-51.25,GLIDER_DEPLOYMENT, CXON
041, 13:39:09,1508,217.2,94041,18.0,6.6, 13:39:09,19.3134,72.9903,397.4,8,-3.12,-33.2,21.42,19.56,63.12,-23.0,GLIDER_DEPLOYMENT, CXON
041, 13:39:10,1509,216.6,94047,18.0,6.6, 13:39:10,19.3135,72.9899,396.8,8,-23.07,-8.51,-54.5,-56.13,45.37,-54.44,GLIDER_DEPLOYMENT, CXON
041, 13:39:11,1510,216.0,94054,18.0,6.6, 13:39:11,19.3136,72.9899,396.2,8,-28.07,-5.17,-26.64,62.25,-5.58,-52.23,GLIDER_DEPLOYMENT, CXON
041, 13:39:12,1511,215.3,94062,18.0,6.6, 13:39:12,19.3139,72.9902,395.5,8,50.73,2.23,29.67,40.81,44.09,14.75,GLIDER_DEPLOYMENT, CXON
041, 13:39:13,1512,214.7,94069,18.1,6.6, 13:39:13,19.3138,72.9901,394.9,8,40.79,51.25,-14.72,59.24,41.14,27.41,GLIDER_DEPLOYMENT, CXON
041, 13:39:14,1513,214.1,94076,18.0,6.6, 13:39:14,19.3137,72.9903,394.3,8,-4.45,-33.26,-42.43,43.36,-43.31,-46.07,GLIDER_DEPLOYMENT, CXON
041, 13:39:15,1514,213.4,94083,18.0,6.6, 13:39:15,19.3137,72.9901,393.6,8,43.07,6.5,-0.75,-4.43,-67.43,48.12,GLIDER_DEPLOYMENT, CXON
041, 13:39:16,1515,212.8,94090,18.1,6.6, 13:39:16,19.3138,72.9904,393.0,8,41.65,54.92,48.52,53.94,-49.45,69.23,GLIDER_DEPLOYMENT, CXON
041, 13:39:17,1516,212.2,94097,18.1,6.6, 13:39:17,19.3142,72.9902,392.4,8,-8.15,-46.91,-3.43,68.75,28.74,-5.65,GLIDER_DEPLOYMENT, CXON
041, 13:39:18,1517,211.5,94105,18.1,6.6, 13:39:18,19.3142,72.9901,391.7,8,-1.33,8.56,-11.35,13.09,-12.06,-0.28,GLIDER_DEPLOYMENT, CXON
041, 13:39:19,1518,210.9,94111,18.1,6.6, 13:39:19,19.3146,72.9902,391.1,8,31.0,-23.75,-40.46,-25.96,-50.53,37.17,GLIDER_DEPLOYMENT, CXON
041, 13:39:20,1519,210.3,94118,18.1,6.6, 13:39:20,19.3144,72.9899,390.5,8,32.56,8.87,-42.54,69.07,35.43,64.78,GLIDER_DEPLOYMENT, CXON
041, 13:39:21,1520,209.6,94126,18.2,6.6, 13:39:21,19.3148,72.9903,389.8,8,-40.85,-18.39,4.46,19.31,-48.8,-31.96,GLIDER_DEPLOYMENT, CXON
041, 13:39:22,1521,209.0,94133,18.2,6.6, 13:39:22,19.3148,72.9907,389.2,8,45.01,48.11,-37.31,-16.19,22.91,43.74,GLIDER_DEPLOYMENT, CXON
041, 13:39:23,1522,208.4,94139,18.2,6.6, 13:39:23,19.3150,72.9903,388.6,8,-22.71,-53.75,1.33,-52.34,22.33,-12.88,GLIDER_DEPLOYMENT, CXON
041, 13:39:24,1523,207.7,94147,18.2,6.6, 13:39:24,19.3155,72.9900,387.9,8,-50.18,0.0,0.3,48.3,-66.28,-44.69,GLIDER_DEPLOYMENT, CXON
041, 13:39:25,1524,207.1,94154,18.2,6.6, 13:39:25,19.3158,72.9902,387.3,8,-31.55,-13.47,32.07,7.85,-54.89,-19.55,GLIDER_DEPLOYMENT, CXON
041, 13:39:26,1525,206.5,94161,18.2,6.6, 13:39:26,19.3156,72.9901,386.7,8,-19.28,43.8,-50.01,-57.48,-51.58,-10.07,GLIDER_DEPLOYMENT, CXON
041, 13:39:27,1526,205.8,94169,18.1,6.6, 13:39:27,19.3159,72.9899,386.0,8,-44.23,5.76,39.89,-38.54,37.11,-19.03,GLIDER_DEPLOYMENT, CXON
041, 13:39:28,1527,205.2,94175,18.2,6.6, 13:39:28,19.3157,72.9902,385.4,8,10.88,-13.51,2.16,56.76,-2.61,9.01,GLIDER_DEPLOYMENT, CXON
041, 13:39:29,1528,204.6,94182,18.2,6.6, 13:39:29,19.3160,72.9899,384.8,8,47.98,-59.14,8.12,-34.26,25.87,17.56,GLIDER_DEPLOYMENT, CXON
041, 13:39:30,1529,203.9,94190,18.2,6.6, 13:39:30,19.3165,72.9896,384.1,8,-32.44,-1.85,51.35,-14.52,-40.95,3.39,GLIDER_DEPLOYMENT, CXON
041, 13:39:31,1530,203.3,94197,18.2,6.6, 13:39:31,19.3168,72.9896,383.5,8,41.13,-47.49,-19.47,-53.57,48.39,-7.44,GLIDER_DEPLOYMENT, CXON
041, 13:39:32,1531,202.6,94204,18.2,6.6, 13:39:32,19.3168,72.9895,382.8,8,24.52,-31.66,58.13,-23.92,1.92,-4.1,GLIDER_DEPLOYMENT, CXON
041, 13:39:33,1532,202.0,94211,18.2,6.6, 13:39:33,19.3164,72.9899,382.2,8,57.56,13.69,-43.98,-42.89,-25.23,-65.24,GLIDER_DEPLOYMENT, CXON
041, 13:39:34,1533,201.4,94218,18.1,6.6, 13:39:34,19.3163,72.9903,381.6,8,7.03,59.92,-23.17,-60.18,36.75,31.92,GLIDER_DEPLOYMENT, CXON
041, 13:39:35,1534,200.7,94226,18.2,6.6, 13:39:35,19.3166,72.9900,380.9,8,26.6,23.11,7.91,16.11,-5.05,-9.85,GLIDER_DEPLOYMENT, CXON
041, 13:39:36,1535,200.1,94233,18.2,6.6, 13:39:36,19.3170,72.9899,380.3,8,6.84,-13.23,-39.44,28.65,-69.1,52.97,GLIDER_DEPLOYMENT, CXON
041, 13:39:37,1536,199.5,94239,18.1,6.6, 13:39:37,19.3173,72.9899,379.7,8,-24.09,-1.41,51.74,20.45,-19.48,62.77,GLIDER_DEPLOYMENT, CXON
041, 13:39:38,1537,198.8,94247,18.1,6.6, 13:39:38,19.3176,72.9902,379.0,8,35.52,-12.38,21.8,-40.56,-32.52,61.92,GLIDER_DEPLOYMENT, CXON
041, 13:39:39,1538,198.2,94254,18.1,6.6, 13:39:39,19.3177,72.9904,378.4,8,-16.53,-12.34,51.28,34.34,61.53,-48.83,GLIDER_DEPLOYMENT, CXON
041, 13:39:40,1539,197.6,94261,18.1,6.6, 13:39:40,19.3181,72.9907,377.8,8,46.29,-28.29,25.67,-55.24,-5.85,-68.35,GLIDER_DEPLOYMENT, CXON
041, 13:39:41,1540,196.9,94268,18.1,6.6, 13:39:41,19.3181,72.9909,377.1,8,21.11,45.85,52.06,-27.11,-23.28,-11.29,GLIDER_DEPLOYMENT, CXON
041, 13:39:42,1541,196.3,94275,18.1,6.6, 13:39:42,19.3184,72.9911,376.5,8,17.81,-24.8,-26.68,36.48,-57.09,68.83,GLIDER_DEPLOYMENT, CXON
041, 13:39:43,1542,195.7,94282,18.0,6.6, 13:39:43,19.3187,72.9915,375.9,8,-41.27,52.73,1.19,-52.52,6.46,-37.6,GLIDER_DEPLOYMENT, CXON
041, 13:39:44,1543,195.0,94290,18.0,6.6, 13:39:44,19.3191,72.9919,375.2,8,43.49,20.96,27.54,51.62,47.23,-0.59,GLIDER_DEPLOYMENT, CXON
041, 13:39:45,1544,194.4,94297,18.1,6.6, 13:39:45,19.3189,72.9917,374.6,8,13.7,5.46,-9.31,-0.25,-40.87,-11.55,GLIDER_DEPLOYMENT, CXON
041, 13:39:46,1545,193.8,94303,18.1,6.6, 13:39:46,19.3191,72.9914,374.0,8,-34.83,-2.05,32.71,-31.34,33.34,-37.9,GLIDER_DEPLOYMENT, CXON
041, 13:39:47,1546,193.1,94311,18.0,6.6, 13:39:47,19.3189,72.9918,373.3,8,6.08,-56.92,-3.59,5.74,-52.51,-17.79,GLIDER_DEPLOYMENT, CXON
041, 13:39:48,1547,192.5,94318,18.0,6.6, 13:39:48,19.3193,72.9917,372.7,8,47.57,-24.89,29.45,-48.26,11.73,34.58,GLIDER_DEPLOYMENT, CXON
041, 13:39:49,1548,191.9,94325,18.1,6.6, 13:39:49,19.3196,72.9914,372.1,8,55.93,-23.45,42.44,-46.96,68.11,5.29,GLIDER_DEPLOYMENT, CXON
041, 13:39:50,1549,191.2,94332,18.0,6.6, 13:39:50,19.3199,72.9917,371.4,8,-8.63,-32.23,16.35,48.8,33.2,29.53,GLIDER_DEPLOYMENT, CXON
041, 13:39:51,1550,190.6,94339,18.0,6.6, 13:39:51,19.3198,72.9918,370.8,8,20.22,11.99,-59.67,-27.02,-30.07,-10.98,GLIDER_DEPLOYMENT, CXON
041, 13:39:52,1551,189.9,94347,18.0,6.6, 13:39:52,19.3196,72.9918,370.1,8,45.87,-34.0,55.33,22.91,55.45,53.92,GLIDER_DEPLOYMENT, CXON
041, 13:39:53,1552,189.3,94354,18.0,6.6, 13:39:53,19.3194,72.9920,369.5,8,-16.73,-39.92,-27.01,20.5,-51.31,-55.44,GLIDER_DEPLOYMENT, CXON
041, 13:39:54,1553,188.7,94361,18.0,6.6, 13:39:54,19.3190,72.9918,368.9,8,-59.61,3.91,58.11,-48.69,10.82,-8.34,GLIDER_DEPLOYMENT, CXON
041, 13:39:55,1554,188.0,94368,18.1,6.6, 13:39:55,19.3193,72.9915,368.2,8,57.33,34.24,-46.97,-68.56,43.7,38.64,GLIDER_DEPLOYMENT, CXON
041, 13:39:56,1555,187.4,94375,18.0,6.6, 13:39:56,19.3195,72.9916,367.6,8,-55.08,-1.83,-14.49,-8.9,-21.72,48.86,GLIDER_DEPLOYMENT, CXON
041, 13:39:57,1556,186.8,94382,18.0,6.6, 13:39:57,19.3193,72.9920,367.0,8,2.05,-17.94,45.1,67.78,-11.64,-50.52,GLIDER_DEPLOYMENT, CXON
041, 13:39:58,1557,186.1,94390,18.0,6.6, 13:39:58,19.3197,72.9922,366.3,8,-21.41,17.88,41.69,69.26,-45.69,-5.69,GLIDER_DEPLOYMENT, CXON
041, 13:39:59,1558,185.5,94396,18.0,6.6, 13:39:59,19.3198,72.9922,365.7,8,-10.84,8.78,-12.57,-28.55,-11.75,39.32,GLIDER_DEPLOYMENT, CXON
041, 13:40:00,1559,184.9,94403,18.0,6.6, 13:40:00,19.3196,72.9926,365.1,8,-59.02,-18.23,55.66,29.56,-36.99,32.92,GLIDER_DEPLOYMENT, CXON
041, 13:40:01,1560,184.2,94411,18.0,6.6, 13:40:01,19.3193,72.9922,364.4,8,-25.77,-10.82,56.49,54.5,7.05,23.39,GLIDER_DEPLOYMENT, CXON
041, 13:40:02,1561,183.6,94418,18.0,6.6, 13:40:02,19.3192,72.9924,363.8,8,-33.93,-32.73,-27.99,-13.45,-28.48,13.75,GLIDER_DEPLOYMENT, CXON
041, 13:40:03,1562,183.0,94425,18.0,6.6, 13:40:03,19.3193,72.9927,363.2,8,34.5,-8.31,14.85,-66.4,59.44,23.23,GLIDER_DEPLOYMENT, CXON
041, 13:40:04,1563,182.3,94432,18.0,6.6, 13:40:04,19.3193,72.9926,362.5,8,41.09,31.23,-40.99,65.66,-41.23,-51.27,GLIDER_DEPLOYMENT, CXON
041, 13:40:05,1564,181.7,94439,18.0,6.6, 13:40:05,19.3198,72.9922,361.9,8,48.86,25.63,-21.9,-48.78,28.84,-65.61,GLIDER_DEPLOYMENT, CXON
041, 13:40:06,1565,181.1,94446,18.0,6.6, 13:40:06,19.3197,72.9927,361.3,8,41.48,6.08,17.43,18.43,39.97,46.29,GLIDER_DEPLOYMENT, CXON
041, 13:40:07,1566,180.4,94454,18.0,6.6, 13:40:07,19.3196,72.9932,360.6,8,-29.88,-46.38,18.14,-63.41,52.63,66.98,GLIDER_DEPLOYMENT, CXON
041, 13:40:08,1567,179.8,94461,18.1,6.6, 13:40:08,19.3197,72.9928,360.0,8,-6.42,38.77,-36.47,-47.91,-20.31,-20.79,GLIDER_DEPLOYMENT, CXON
041, 13:40:09,1568,179.2,94467,18.0,6.6, 13:40:09,19.3194,72.9930,359.4,8,-1.02,13.41,-20.96,56.48,38.4,7.73,GLIDER_DEPLOYMENT, CXON
041, 13:40:10,1569,178.5,94475,18.0,6.6, 13:40:10,19.3194,72.9930,358.7,8,8.12,-53.18,-0.47,-58.35,58.66,40.73,GLIDER_DEPLOYMENT, CXON
041, 13:40:11,1570,177.9,94482,18.0,6.6, 13:40:11,19.3196,72.9931,358.1,8,-11.33,-11.09,-32.94,-12.64,-62.84,-60.64,GLIDER_DEPLOYMENT, CXON
041, 13:40:12,1571,177.2,94490,18.0,6.6, 13:40:12,19.3194,72.9929,357.4,8,-17.42,11.11,58.96,28.64,44.82,8.29,GLIDER_DEPLOYMENT, CXON
041, 13:40:13,1572,176.6,94497,18.0,6.6, 13:40:13,19.3190,72.9928,356.8,8,-44.31,22.31,-16.34,-9.26,-48.29,65.74,GLIDER_DEPLOYMENT, CXON
041, 13:40:14,1573,176.0,94503,18.0,6.6, 13:40:14,19.3189,72.9927,356.2,8,-37.33,23.56,-8.32,-68.39,62.82,-52.99,GLIDER_DEPLOYMENT, CXON
041, 13:40:15,1574,175.3,94511,18.0,6.6, 13:40:15,19.3190,72.9930,355.5,8,-59.33,-35.88,35.12,27.28,-53.24,-32.6,GLIDER_DEPLOYMENT, CXON
041, 13:40:16,1575,174.7,94518,18.0,6.6, 13:40:16,19.3192,72.9929,354.9,8,7.9,0.02,-28.61,5.02,-68.91,30.58,GLIDER_DEPLOYMENT, CXON
041, 13:40:17,1576,174.1,94525,18.0,6.6, 13:40:17,19.3192,72.9930,354.3,8,22.11,32.75,-20.51,35.29,-19.67,39.01,GLIDER_DEPLOYMENT, CXON
041, 13:40:18,1577,173.4,94533,18.0,6.6, 13:40:18,19.3196,72.9928,353.6,8,-0.19,-18.43,-52.64,39.06,-42.48,-46.83,GLIDER_DEPLOYMENT, CXON
041, 13:40:19,1578,172.8,94539,18.0,6.6, 13:40:19,19.3198,72.9927,353.0,8,-1.38,-17.19,-0.83,-64.63,-29.77,64.13,GLIDER_DEPLOYMENT, CXON
041, 13:40:20,1579,172.2,94546,18.0,6.6, 13:40:20,19.3200,72.9927,352.4,8,14.51,23.49,9.07,40.08,-27.96,-37.86,GLIDER_DEPLOYMENT, CXON
041, 13:40:21,1580,171.5,94554,18.0,6.6, 13:40:21,19.3200,72.9923,351.7,8,-4.34,47.39,-39.95,10.13,-30.1,5.88,GLIDER_DEPLOYMENT, CXON
041, 13:40:22,1581,170.9,94561,18.0,6.6, 13:40:22,19.3198,72.9923,351.1,8,58.0,-56.81,-23.55,-39.47,-3.83,40.08,GLIDER_DEPLOYMENT, CXON
041, 13:40:23,1582,170.3,94567,18.0,6.6, 13:40:23,19.3196,72.9924,350.5,8,29.87,-20.13,-57.67,65.77,0.75,65.2,GLIDER_DEPLOYMENT, CXON
041, 13:40:24,1583,169.6,94575,18.0,6.6, 13:40:24,19.3194,72.9928,349.8,8,31.5,9.04,-57.81,-27.79,-10.87,-57.11,GLIDER_DEPLOYMENT, CXON
041, 13:40:25,1584,169.0,94582,18.0,6.6, 13:40:25,19.3192,72.9929,349.2,8,54.21,44.81,38.6,-27.47,-37.42,-3.08,GLIDER_DEPLOYMENT, CXON
041, 13:40:26,1585,168.4,94589,18.1,6.6, 13:40:26,19.3189,72.9933,348.6,8,-58.61,1.31,58.01,10.23,-68.75,-27.5,GLIDER_DEPLOYMENT, CXON
041, 13:40:27,1586,167.7,94597,18.1,6.6, 13:40:27,19.3186,72.9933,347.9,8,-2.29,-40.25,-44.34,-26.41,-14.09,63.46,GLIDER_DEPLOYMENT, CXON
041, 13:40:28,1587,167.1,94603,18.0,6.6, 13:40:28,19.3182,72.9933,347.3,8,-41.98,-52.8,-25.13,27.32,14.97,-29.71,GLIDER_DEPLOYMENT, CXON
041, 13:40:29,1588,166.5,94610,18.1,6.6, 13:40:29,19.3186,72.9935,346.7,8,-49.22,33.89,54.58,52.84,21.99,-52.37,GLIDER_DEPLOYMENT, CXON
041, 13:40:30,1589,165.8,94618,18.1,6.6, 13:40:30,19.3189,72.9939,346.0,8,-34.43,-57.16,52.42,54.7,-58.01,-5.92,GLIDER_DEPLOYMENT, CXON
041, 13:40:31,1590,165.2,94625,18.1,6.6, 13:40:31,19.3190,72.9944,345.4,8,-56.51,-15.38,-41.21,64.69,11.8,-33.35,GLIDER_DEPLOYMENT, CXON
041, 13:40:32,1591,164.5,94633,18.1,6.6, 13:40:32,19.3190,72.9949,344.7,8,-34.15,22.94,59.2,-37.73,28.41,46.04,GLIDER_DEPLOYMENT, CXON
041, 13:40:33,1592,163.9,94639,18.2,6.6, 13:40:33,19.3189,72.9946,344.1,8,0.72,43.44,-24.37,53.3,-32.86,-4.25,GLIDER_DEPLOYMENT, CXON
041, 13:40:34,1593,163.3,94646,18.2,6.6, 13:40:34,19.3193,72.9945,343.5,8,-13.07,31.11,35.55,40.55,-32.56,50.87,GLIDER_DEPLOYMENT, CXON
041, 13:40:35,1594,162.6,94654,18.2,6.6, 13:40:35,19.3192,72.9948,342.8,8,-51.7,28.78,-9.81,36.59,12.32,-19.88,GLIDER_DEPLOYMENT, CXON
041, 13:40:36,1595,162.0,94661,18.2,6.6, 13:40:36,19.3189,72.9946,342.2,8,16.55,-36.57,50.27,3.95,-25.09,-45.32,GLIDER_DEPLOYMENT, CXON
041, 13:40:37,1596,161.4,94668,18.2,6.6, 13:40:37,19.3186,72.9945,341.6,8,55.64,52.46,49.5,62.81,28.33,65.19,GLIDER_DEPLOYMENT, CXON
041, 13:40:38,1597,160.7,94676,18.2,6.6, 13:40:38,19.3184,72.9947,340.9,8,55.74,52.61,56.83,-8.07,25.82,70.0,GLIDER_DEPLOYMENT, CXON
041, 13:40:39,1598,160.1,94682,18.2,6.6, 13:40:39,19.3188,72.9948,340.3,8,44.87,-17.6,39.07,-9.23,-39.86,45.81,GLIDER_DEPLOYMENT, CXON
041, 13:40:40,1599,159.5,94689,18.2,6.6, 13:40:40,19.3188,72.9946,339.7,8,41.08,19.84,20.39,44.93,-66.25,41.28,GLIDER_DEPLOYMENT, CXON
041, 13:40:41,1600,158.8,94697,18.2,6.6, 13:40:41,19.3184,72.9950,339.0,8,-28.61,4.11,51.59,-42.95,-0.75,-61.61,GLIDER_DEPLOYMENT, CXON
041, 13:40:42,1601,158.2,94704,18.3,6.6, 13:40:42,19.3184,72.9953,338.4,8,-41.91,36.84,37.02,32.16,-65.32,-28.26,GLIDER_DEPLOYMENT, CXON
041, 13:40:43,1602,157.6,94710,18.3,6.6, 13:40:43,19.3184,72.9955,337.8,8,-5.31,9.92,-25.84,-41.86,51.9,7.5,GLIDER_DEPLOYMENT, CXON
041, 13:40:44,1603,156.9,94718,18.2,6.6, 13:40:44,19.3183,72.9956,337.1,8,-41.09,-5.9,-17.95,-15.83,-18.77,-63.71,GLIDER_DEPLOYMENT, CXON
041, 13:40:45,1604,156.3,94725,18.3,6.6, 13:40:45,19.3186,72.9961,336.5,8,-14.34,-18.15,21.18,62.0,4.65,20.5,GLIDER_DEPLOYMENT, CXON
041, 13:40:46,1605,155.7,94732,18.2,6.6, 13:40:46,19.3186,72.9963,335.9,8,-14.21,28.55,40.57,-35.28,3.73,-55.88,GLIDER_DEPLOYMENT, CXON
041, 13:40:47,1606,155.0,94740,18.2,6.6, 13:40:47,19.3189,72.9961,335.2,8,36.04,19.27,38.74,-60.76,2.35,-49.76,GLIDER_DEPLOYMENT, CXON
041, 13:40:48,1607,154.4,94747,18.2,6.6, 13:40:48,19.3187,72.9966,334.6,8,47.57,-13.15,-34.02,38.35,-22.56,50.58,GLIDER_DEPLOYMENT, CXON
041, 13:40:49,1608,153.8,94753,18.2,6.6, 13:40:49,19.3186,72.9967,334.0,8,-22.21,14.43,-52.92,-19.22,-20.52,12.74,GLIDER_DEPLOYMENT, CXON
041, 13:40:50,1609,153.1,94761,18.2,6.6, 13:40:50,19.3191,72.9964,333.3,8,27.97,-12.34,-34.53,-23.18,-17.59,-1.76,GLIDER_DEPLOYMENT, CXON
041, 13:40:51,1610,152.5,94768,18.2,6.6, 13:40:51,19.3194,72.9964,332.7,8,32.28,11.62,-55.87,45.89,53.81,19.59,GLIDER_DEPLOYMENT, CXON
041, 13:40:52,1611,151.9,94775,18.2,6.6, 13:40:52,19.3199,72.9965,332.1,8,-53.41,1.95,-35.67,-4.65,14.25,-39.11,GLIDER_DEPLOYMENT, CXON
041, 13:40:53,1612,151.2,94783,18.2,6.6, 13:40:53,19.3201,72.9966,331.4,8,37.89,59.82,56.76,-22.99,-7.13,10.9,GLIDER_DEPLOYMENT, CXON
041, 13:40:54,1613,150.6,94789,18.1,6.6, 13:40:54,19.3204,72.9971,330.8,8,-13.68,0.24,2.52,-55.66,-33.89,21.92,GLIDER_DEPLOYMENT, CXON
041, 13:40:55,1614,149.9,94797,18.2,6.6, 13:40:55,19.3203,72.9972,330.1,8,-10.84,-28.35,-39.39,-26.49,-61.99,-30.62,GLIDER_DEPLOYMENT, CXON
041, 13:40:56,1615,149.3,94804,18.1,6.6, 13:40:56,19.3205,72.9972,329.5,8,-21.33,21.43,-18.95,47.31,48.42,-37.19,GLIDER_DEPLOYMENT, CXON
041, 13:40:57,1616,148.7,94811,18.1,6.6, 13:40:57,19.3210,72.9970,328.9,8,-55.36,-33.19,53.03,16.79,32.71,-1.46,GLIDER_DEPLOYMENT, CXON
041, 13:40:58,1617,148.0,94819,18.1,6.6, 13:40:58,19.3211,72.9972,328.2,8,35.3,52.96,16.61,45.52,-47.38,-41.5,GLIDER_DEPLOYMENT, CXON
041, 13:40:59,1618,147.4,94825,18.2,6.6, 13:40:59,19.3211,72.9970,327.6,8,5.41,-23.65,48.63,-55.65,45.58,63.81,GLIDER_DEPLOYMENT, CXON
041, 13:41:00,1619,146.8,94832,18.2,6.6, 13:41:00,19.3213,72.9968,327.0,8,2.38,-44.81,-22.92,-59.63,-44.73,53.94,GLIDER_DEPLOYMENT, CXON
041, 13:41:01,1620,146.1,94840,18.2,6.6, 13:41:01,19.3213,72.9967,326.3,8,-1.35,-16.66,56.98,-65.0,-42.26,-39.26,GLIDER_DEPLOYMENT, CXON
041, 13:41:02,1621,145.5,94847,18.2,6.6, 13:41:02,19.3210,72.9968,325.7,8,45.87,5.54,-19.4,-0.12,-35.54,-63.98,GLIDER_DEPLOYMENT, CXON
041, 13:41:03,1622,144.9,94854,18.1,6.6, 13:41:03,19.3213,72.9968,325.1,8,44.88,-45.8,-22.37,-45.29,40.34,-46.73,GLIDER_DEPLOYMENT, CXON
041, 13:41:04,1623,144.2,94862,18.1,6.6, 13:41:04,19.3216,72.9969,324.4,8,-25.41,53.79,-1.96,-47.06,6.22,1.96,GLIDER_DEPLOYMENT, CXON
041, 13:41:05,1624,143.6,94868,18.1,6.6, 13:41:05,19.3216,72.9971,323.8,8,-16.8,17.23,-28.92,31.72,41.28,4.73,GLIDER_DEPLOYMENT, CXON
041, 13:41:06,1625,143.0,94875,18.1,6.6, 13:41:06,19.3215,72.9967,323.2,8,-14.79,31.7,32.64,-9.79,-7.75,14.97,GLIDER_DEPLOYMENT, CXON
041, 13:41:07,1626,142.3,94883,18.1,6.6, 13:41:07,19.3219,72.9964,322.5,8,-50.64,-0.43,13.26,-17.06,-11.68,60.92,GLIDER_DEPLOYMENT, CXON
041, 13:41:08,1627,141.7,94890,18.1,6.6, 13:41:08,19.3217,72.9963,321.9,8,-28.25,48.9,13.98,7.91,-57.81,41.39,GLIDER_DEPLOYMENT, CXON
041, 13:41:09,1628,141.1,94897,18.2,6.6, 13:41:09,19.3216,72.9959,321.3,8,41.17,-31.7,-39.66,51.91,24.47,-7.86,GLIDER_DEPLOYMENT, CXON
041, 13:41:10,1629,140.4,94904,18.1,6.6, 13:41:10,19.3215,72.9962,320.6,8,16.82,-13.46,56.82,-11.78,-33.85,-38.23,GLIDER_DEPLOYMENT, CXON
041, 13:41:11,1630,139.8,94911,18.1,6.6, 13:41:11,19.3219,72.9965,320.0,8,-18.35,-23.69,36.45,45.07,-26.27,-34.96,GLIDER_DEPLOYMENT, CXON
041, 13:41:12,1631,139.2,94918,18.1,6.6, 13:41:12,19.3219,72.9967,319.4,8,21.27,35.93,5.0,-66.51,22.73,-36.17,GLIDER_DEPLOYMENT, CXON
041, 13:41:13,1632,138.5,94926,18.1,6.6, 13:41:13,19.3221,72.9969,318.7,8,42.19,38.03,50.12,45.54,-34.44,34.38,GLIDER_DEPLOYMENT, CXON
041, 13:41:14,1633,137.9,94933,18.1,6.6, 13:41:14,19.3222,72.9970,318.1,8,-48.79,-38.12,-44.64,-56.22,51.5,57.39,GLIDER_DEPLOYMENT, CXON
041, 13:41:15,1634,137.2,94941,18.0,6.6, 13:41:15,19.3223,72.9972,317.4,8,-49.76,56.69,-56.35,-54.06,31.17,-23.94,GLIDER_DEPLOYMENT, CXON
041, 13:41:16,1635,136.6,94947,18.1,6.6, 13:41:16,19.3223,72.9973,316.8,8,37.74,-11.39,31.85,12.43,53.88,-55.18,GLIDER_DEPLOYMENT, CXON
041, 13:41:17,1636,136.0,94954,18.0,6.6, 13:41:17,19.3219,72.9974,316.2,8,-5.28,-38.05,-41.36,-41.96,54.71,8.55,GLIDER_DEPLOYMENT, CXON
041, 13:41:18,1637,135.3,94962,18.0,6.6, 13:41:18,19.3219,72.9974,315.5,8,-51.2,58.05,10.19,31.41,55.98,-55.98,GLIDER_DEPLOYMENT, CXON
041, 13:41:19,1638,134.7,94969,18.0,6.6, 13:41:19,19.3217,72.9972,314.9,8,-12.84,39.64,11.09,30.95,-0.19,59.51,GLIDER_DEPLOYMENT, CXON
041, 13:41:20,1639,134.1,94976,18.0,6.6, 13:41:20,19.3219,72.9977,314.3,8,38.27,6.18,-12.42,-57.49,-31.94,-57.29,GLIDER_DEPLOYMENT, CXON
041, 13:41:21,1640,133.4,94983,18.0,6.6, 13:41:21,19.3220,72.9976,313.6,8,25.29,-21.75,49.71,-37.64,-42.23,-39.12,GLIDER_DEPLOYMENT, CXON
041, 13:41:22,1641,132.8,94990,18.0,6.6, 13:41:22,19.3218,72.9980,313.0,8,-55.95,23.77,-4.94,-38.22,13.41,-38.63,GLIDER_DEPLOYMENT, CXON
041, 13:41:23,1642,132.2,94997,18.0,6.6, 13:41:23,19.3218,72.9984,312.4,8,47.33,-38.12,-34.79,-68.47,-20.65,-59.5,GLIDER_DEPLOYMENT, CXON
041, 13:41:24,1643,131.5,95005,18.0,6.6, 13:41:24,19.3218,72.9982,311.7,8,51.17,35.62,-17.38,5.09,-58.13,-61.4,GLIDER_DEPLOYMENT, CXON
041, 13:41:25,1644,130.9,95012,18.0,6.6, 13:41:25,19.3217,72.9980,311.1,8,-34.76,-33.98,-33.57,60.69,-36.36,21.04,GLIDER_DEPLOYMENT, CXON
041, 13:41:26,1645,130.3,95019,18.0,6.6, 13:41:26,19.3221,72.9981,310.5,8,53.42,27.05,47.61,3.18,-58.95,-59.39,GLIDER_DEPLOYMENT, CXON
041, 13:41:27,1646,129.6,95026,18.0,6.6, 13:41:27,19.3221,72.9985,309.8,8,48.76,-22.24,31.1,39.01,23.6,-37.6,GLIDER_DEPLOYMENT, CXON
041, 13:41:28,1647,129.0,95033,18.0,6.6, 13:41:28,19.3219,72.9986,309.2,8,-17.61,-11.93,-22.29,-50.76,-30.86,23.3,GLIDER_DEPLOYMENT, CXON
041, 13:41:29,1648,128.4,95040,18.0,6.6, 13:41:29,19.3223,72.9986,308.6,8,-24.47,18.45,46.65,44.35,-40.44,-40.17,GLIDER_DEPLOYMENT, CXON
041, 13:41:30,1649,127.7,95048,18.0,6.6, 13:41:30,19.3222,72.9986,307.9,8,31.97,-25.06,26.64,-67.67,-13.09,-66.19,GLIDER_DEPLOYMENT, CXON
041, 13:41:31,1650,127.1,95055,18.0,6.6, 13:41:31,19.3225,72.9989,307.3,8,-46.68,-24.03,35.27,25.79,-11.17,-51.46,GLIDER_DEPLOYMENT, CXON
041, 13:41:32,1651,126.5,95061,18.0,6.6, 13:41:32,19.3225,72.9991,306.7,8,44.28,22.97,6.68,3.97,15.78,-62.76,GLIDER_DEPLOYMENT, CXON
041, 13:41:33,1652,125.8,95069,18.0,6.6, 13:41:33,19.3225,72.9995,306.0,8,-32.11,-18.28,-29.78,21.55,42.34,-56.0,GLIDER_DEPLOYMENT, CXON
041, 13:41:34,1653,125.2,95076,18.0,6.6, 13:41:34,19.3228,72.9998,305.4,8,-40.25,26.49,-5.9,54.17,-42.58,47.44,GLIDER_DEPLOYMENT, CXON
041, 13:41:35,1654,124.5,95084,18.0,6.6, 13:41:35,19.3226,72.9997,304.7,8,-15.78,45.8,-39.32,-12.03,-18.33,4.41,GLIDER_DEPLOYMENT, CXON
041, 13:41:36,1655,123.9,95091,18.0,6.6, 13:41:36,19.3224,72.9994,304.1,8,-0.88,17.69,34.31,31.59,-47.28,68.94,GLIDER_DEPLOYMENT, CXON
041, 13:41:37,1656,123.3,95098,18.0,6.6, 13:41:37,19.3226,72.9996,303.5,8,-13.16,21.71,-5.81,-26.16,-26.1,-9.95,GLIDER_DEPLOYMENT, CXON
041, 13:41:38,1657,122.6,95106,18.0,6.6, 13:41:38,19.3224,72.9997,302.8,8,51.28,37.59,38.12,-44.03,42.73,-68.22,GLIDER_DEPLOYMENT, CXON
041, 13:41:39,1658,122.0,95112,18.0,6.6, 13:41:39,19.3226,73.0002,302.2,8,-34.44,-0.15,-25.56,31.38,-68.52,56.9,GLIDER_DEPLOYMENT, CXON
041, 13:41:40,1659,121.4,95119,18.0,6.6, 13:41:40,19.3229,73.0005,301.6,8,34.58,45.45,-5.55,-9.83,40.96,-0.8,GLIDER_DEPLOYMENT, CXON
041, 13:41:41,1660,120.7,95127,18.0,6.6, 13:41:41,19.3229,73.0008,300.9,8,44.59,35.12,-51.74,7.33,-7.46,-63.55,GLIDER_DEPLOYMENT, CXON
041, 13:41:42,1661,120.1,95134,18.0,6.6, 13:41:42,19.3231,73.0006,300.3,8,-38.67,43.88,-27.76,26.06,22.9,18.72,GLIDER_DEPLOYMENT, CXON
041, 13:41:43,1662,119.5,95141,18.0,6.6, 13:41:43,19.3234,73.0006,299.7,8,-23.82,-0.52,-55.82,29.52,38.22,65.34,GLIDER_DEPLOYMENT, CXON
041, 13:41:44,1663,118.8,95149,18.0,6.6, 13:41:44,19.3238,73.0010,299.0,8,-4.59,54.65,5.14,9.01,10.57,-43.9,GLIDER_DEPLOYMENT, CXON
041, 13:41:45,1664,118.2,95155,18.0,6.6, 13:41:45,19.3241,73.0011,298.4,8,-18.48,56.52,-50.57,-45.24,-21.19,67.13,GLIDER_DEPLOYMENT, CXON
041, 13:41:46,1665,117.6,95162,18.0,6.6, 13:41:46,19.3244,73.0009,297.8,8,36.03,-50.9,11.26,61.56,14.51,-35.9,GLIDER_DEPLOYMENT, CXON
041, 13:41:47,1666,116.9,95170,18.0,6.6, 13:41:47,19.3242,73.0013,297.1,8,-8.46,-47.99,27.49,33.4,23.84,-68.57,GLIDER_DEPLOYMENT, CXON
041, 13:41:48,1667,116.3,95177,18.0,6.6, 13:41:48,19.3246,73.0010,296.5,8,-8.28,-17.9,15.07,-6.71,-25.39,-2.27,GLIDER_DEPLOYMENT, CXON
041, 13:41:49,1668,115.7,95184,18.0,6.6, 13:41:49,19.3245,73.0008,295.9,8,-26.72,-17.16,-26.91,-18.64,25.8,-37.29,GLIDER_DEPLOYMENT, CXON
041, 13:41:50,1669,115.0,95192,18.0,6.6, 13:41:50,19.3244,73.0011,295.2,8,18.47,-23.33,-25.95,30.05,-17.33,42.76,GLIDER_DEPLOYMENT, CXON
041, 13:41:51,1670,114.4,95198,18.1,6.6, 13:41:51,19.3246,73.0009,294.6,8,7.87,47.45,16.19,52.65,-22.44,-30.15,GLIDER_DEPLOYMENT, CXON
041, 13:41:52,1671,113.8,95205,18.1,6.6, 13:41:52,19.3247,73.0007,294.0,8,-35.03,13.02,-46.5,-37.79,-57.37,26.55,GLIDER_DEPLOYMENT, CXON
041, 13:41:53,1672,113.1,95213,18.0,6.6, 13:41:53,19.3251,73.0008,293.3,8,-3.98,-20.63,2.0,38.75,-19.53,-50.71,GLIDER_DEPLOYMENT, CXON
041, 13:41:54,1673,112.5,95220,18.0,6.6, 13:41:54,19.3251,73.0012,292.7,8,-33.53,25.65,-13.24,-30.51,30.43,-25.17,GLIDER_DEPLOYMENT, CXON
041, 13:41:55,1674,111.8,95228,18.0,6.6, 13:41:55,19.3251,73.0009,292.0,8,58.2,-12.15,-16.47,-52.19,-49.36,-44.3,GLIDER_DEPLOYMENT, CXON
041, 13:41:56,1675,111.2,95235,18.0,6.6, 13:41:56,19.3253,73.0013,291.4,8,-28.61,36.51,29.71,-61.9,-42.37,-41.76,GLIDER_DEPLOYMENT, CXON
041, 13:41:57,1676,110.6,95241,18.0,6.6, 13:41:57,19.3250,73.0011,290.8,8,-40.56,15.31,-8.5,62.11,47.23,-30.03,GLIDER_DEPLOYMENT, CXON
041, 13:41:58,1677,109.9,95249,18.0,6.6, 13:41:58,19.3250,73.0014,290.1,8,-36.91,44.02,10.65,-14.9,65.42,-21.21,GLIDER_DEPLOYMENT, CXON
041, 13:41:59,1678,109.3,95256,18.0,6.6, 13:41:59,19.3254,73.0019,289.5,8,-6.86,32.94,40.1,-28.3,-6.57,58.84,GLIDER_DEPLOYMENT, CXON
041, 13:42:00,1679,108.7,95263,18.0,6.6, 13:42:00,19.3257,73.0016,288.9,8,-12.78,8.8,-23.17,-68.53,10.42,15.98,GLIDER_DEPLOYMENT, CXON
041, 13:42:01,1680,108.0,95271,18.1,6.6, 13:42:01,19.3254,73.0012,288.2,8,5.26,-55.51,-35.52,-0.16,-17.36,25.91,GLIDER_DEPLOYMENT, CXON
041, 13:42:02,1681,107.4,95278,18.0,6.6, 13:42:02,19.3254,73.0010,287.6,8,49.07,51.88,55.74,-34.84,-66.58,27.6,GLIDER_DEPLOYMENT, CXON
041, 13:42:03,1682,106.8,95284,18.0,6.6, 13:42:03,19.3253,73.0013,287.0,8,6.35,11.02,25.31,2.97,44.77,7.91,GLIDER_DEPLOYMENT, CXON
041, 13:42:04,1683,106.1,95292,18.1,6.6, 13:42:04,19.3253,73.0017,286.3,8,-1.55,23.02,3.73,60.5,-59.33,-30.49,GLIDER_DEPLOYMENT, CXON
041, 13:42:05,1684,105.5,95299,18.0,6.6, 13:42:05,19.3258,73.0015,285.7,8,-25.68,-30.42,12.65,29.32,-34.23,45.79,GLIDER_DEPLOYMENT, CXON
041, 13:42:06,1685,104.9,95306,18.0,6.6, 13:42:06,19.3257,73.0015,285.1,8,-56.01,-55.28,56.13,-29.57,-20.89,67.04,GLIDER_DEPLOYMENT, CXON
041, 13:42:07,1686,104.2,95314,18.0,6.6, 13:42:07,19.3261,73.0015,284.4,8,17.8,-24.21,-44.79,-39.34,37.35,5.55,GLIDER_DEPLOYMENT, CXON
041, 13:42:08,1687,103.6,95321,18.0,6.6, 13:42:08,19.3262,73.0017,283.8,8,-36.79,-37.92,-7.54,47.77,-38.67,39.02,GLIDER_DEPLOYMENT, CXON
041, 13:42:09,1688,103.0,95327,18.0,6.6, 13:42:09,19.3259,73.0014,283.2,8,37.02,-33.68,-57.25,11.72,27.55,45.27,GLIDER_DEPLOYMENT, CXON
041, 13:42:10,1689,102.3,95335,18.0,6.6, 13:42:10,19.3258,73.0018,282.5,8,-27.9,-5.69,-46.63,10.61,26.15,2.25,GLIDER_DEPLOYMENT, CXON
041, 13:42:11,1690,101.7,95342,18.0,6.6, 13:42:11,19.3260,73.0014,281.9,8,31.07,14.14,43.46,22.5,36.58,-30.6,GLIDER_DEPLOYMENT, CXON
041, 13:42:12,1691,101.1,95349,18.1,6.6, 13:42:12,19.3261,73.0013,281.3,8,41.2,15.86,6.45,15.8,39.99,68.46,GLIDER_DEPLOYMENT, CXON
041, 13:42:13,1692,100.4,95357,18.0,6.6, 13:42:13,19.3260,73.0013,280.6,8,28.12,37.51,-18.98,-26.92,4.27,-2.81,GLIDER_DEPLOYMENT, CXON
041, 13:42:14,1693,99.8,95364,18.0,6.6, 13:42:14,19.3256,73.0017,280.0,8,-18.05,49.72,15.21,-54.62,-45.02,-17.61,GLIDER_DEPLOYMENT, CXON
041, 13:42:15,1694,99.2,95370,18.0,6.6, 13:42:15,19.3259,73.0017,279.4,8,-41.72,1.89,21.63,47.09,-9.06,-40.34,GLIDER_DEPLOYMENT, CXON
041, 13:42:16,1695,98.5,95378,18.0,6.6, 13:42:16,19.3260,73.0022,278.7,8,-30.29,-53.55,3.58,27.27,-37.16,-31.44,GLIDER_DEPLOYMENT, CXON
041, 13:42:17,1696,97.9,95385,18.0,6.6, 13:42:17,19.3261,73.0020,278.1,8,-16.87,-29.41,-57.24,46.38,37.57,-25.85,GLIDER_DEPLOYMENT, CXON
041, 13:42:18,1697,97.2,95393,18.0,6.6, 13:42:18,19.3259,73.0022,277.4,8,49.94,-23.5,34.08,-25.6,67.11,-49.78,GLIDER_DEPLOYMENT, CXON
041, 13:42:19,1698,96.6,95400,18.0,6.6, 13:42:19,19.3258,73.0022,276.8,8,42.82,-40.86,-32.94,16.33,-37.13,-6.7,GLIDER_DEPLOYMENT, CXON
041, 13:42:20,1699,96.0,95407,18.0,6.6, 13:42:20,19.3260,73.0018,276.2,8,34.57,52.48,-23.94,40.13,-26.84,55.9,GLIDER_DEPLOYMENT, CXON
041, 13:42:21,1700,95.3,95415,18.0,6.6, 13:42:21,19.3260,73.0017,275.5,8,-37.85,45.83,51.83,29.11,58.51,-23.16,GLIDER_DEPLOYMENT, CXON
041, 13:42:22,1701,94.7,95421,18.0,6.6, 13:42:22,19.3265,73.0018,274.9,8,40.44,17.94,-10.6,-1.74,-36.2,-15.34,GLIDER_DEPLOYMENT, CXON
041, 13:42:23,1702,94.1,95428,18.0,6.6, 13:42:23,19.3267,73.0020,274.3,8,-21.13,17.29,48.23,-59.34,66.55,-45.79,GLIDER_DEPLOYMENT, CXON
041, 13:42:24,1703,93.4,95436,18.0,6.6, 13:42:24,19.3267,73.0023,273.6,8,-31.05,53.18,31.96,-50.53,39.28,-40.28,GLIDER_DEPLOYMENT, CXON
041, 13:42:25,1704,92.8,95443,18.0,6.6, 13:42:25,19.3270,73.0022,273.0,8,22.6,-51.62,-0.02,-15.9,-49.51,-10.85,GLIDER_DEPLOYMENT, CXON
041, 13:42:26,1705,92.2,95450,18.1,6.6, 13:42:26,19.3275,73.0021,272.4,8,36.56,37.68,9.91,16.42,65.8,-7.76,GLIDER_DEPLOYMENT, CXON
041, 13:42:27,1706,91.5,95458,18.1,6.6, 13:42:27,19.3274,73.0026,271.7,8,-43.18,54.28,29.24,-45.42,54.39,-64.44,GLIDER_DEPLOYMENT, CXON
041, 13:42:28,1707,90.9,95465,18.1,6.6, 13:42:28,19.3277,73.0030,271.1,8,23.64,27.55,48.81,59.98,-18.48,-45.64,GLIDER_DEPLOYMENT, CXON
041, 13:42:29,1708,90.3,95471,18.1,6.6, 13:42:29,19.3281,73.0030,270.5,8,57.24,-46.9,-5.16,14.51,-18.18,29.36,GLIDER_DEPLOYMENT, CXON
041, 13:42:30,1709,89.6,95479,18.0,6.6, 13:42:30,19.3285,73.0031,269.8,8,-20.9,34.32,-47.63,-27.52,-0.96,50.01,GLIDER_DEPLOYMENT, CXON
041, 13:42:31,1710,89.0,95486,18.0,6.6, 13:42:31,19.3287,73.0035,269.2,8,-15.06,-37.59,4.62,-51.16,-35.78,22.24,GLIDER_DEPLOYMENT, CXON
041, 13:42:32,1711,88.4,95493,18.0,6.6, 13:42:32,19.3283,73.0040,268.6,8,41.12,16.31,7.05,-3.04,65.6,68.69,GLIDER_DEPLOYMENT, CXON
041, 13:42:33,1712,87.7,95501,18.1,6.6, 13:42:33,19.3285,73.0044,267.9,8,-32.26,-0.71,8.2,-24.56,12.61,11.63,GLIDER_DEPLOYMENT, CXON
041, 13:42:34,1713,87.1,95508,18.1,6.6, 13:42:34,19.3285,73.0045,267.3,8,-59.66,-56.5,-56.58,52.99,51.42,35.96,GLIDER_DEPLOYMENT, CXON
041, 13:42:35,1714,86.5,95514,18.1,6.6, 13:42:35,19.3282,73.0046,266.7,8,3.09,21.29,-45.43,59.77,12.45,69.81,GLIDER_DEPLOYMENT, CXON
041, 13:42:36,1715,85.8,95522,18.0,6.6, 13:42:36,19.3285,73.0051,266.0,8,-31.64,-20.83,47.13,27.91,-54.4,14.87,GLIDER_DEPLOYMENT, CXON
041, 13:42:37,1716,85.2,95529,18.0,6.6, 13:42:37,19.3282,73.0054,265.4,8,-11.91,-40.98,-29.59,41.89,62.56,65.19,GLIDER_DEPLOYMENT, CXON
041, 13:42:38,1717,84.5,95537,18.0,6.6, 13:42:38,19.3284,73.0054,264.7,8,-55.34,26.04,4.3,-39.76,4.87,-58.78,GLIDER_DEPLOYMENT, CXON
041, 13:42:39,1718,83.9,95544,18.0,6.6, 13:42:39,19.3287,73.0059,264.1,8,-38.62,-1.9,54.59,56.46,19.69,-54.48,GLIDER_DEPLOYMENT, CXON
041, 13:42:40,1719,83.3,95551,18.0,6.6, 13:42:40,19.3288,73.0058,263.5,8,-33.38,-23.75,-30.4,64.75,-46.38,-41.09,GLIDER_DEPLOYMENT, CXON
041, 13:42:41,1720,82.6,95559,18.1,6.6, 13:42:41,19.3284,73.0058,262.8,8,6.8,18.93,44.15,58.27,-67.98,42.18,GLIDER_DEPLOYMENT, CXON
041, 13:42:42,1721,82.0,95566,18.0,6.6, 13:42:42,19.3287,73.0055,262.2,8,5.07,51.73,-10.91,19.56,37.33,-18.97,GLIDER_DEPLOYMENT, CXON
041, 13:42:43,1722,81.4,95572,18.0,6.6, 13:42:43,19.3283,73.0059,261.6,8,-2.21,6.44,-42.92,5.07,-8.41,21.38,GLIDER_DEPLOYMENT, CXON
041, 13:42:44,1723,80.7,95580,18.0,6.6, 13:42:44,19.3284,73.0062,260.9,8,19.42,-56.8,52.84,-14.68,19.15,67.82,GLIDER_DEPLOYMENT, CXON
041, 13:42:45,1724,80.1,95587,18.0,6.6, 13:42:45,19.3282,73.0063,260.3,8,0.04,-43.89,13.23,47.94,-45.0,16.38,GLIDER_DEPLOYMENT, CXON
041, 13:42:46,1725,79.5,95594,18.0,6.6, 13:42:46,19.3286,73.0060,259.7,8,33.65,-51.17,46.85,-31.89,27.51,23.0,GLIDER_DEPLOYMENT, CXON
041, 13:42:47,1726,78.8,95602,18.0,6.6, 13:42:47,19.3284,73.0060,259.0,8,11.06,25.46,-10.94,-20.38,17.53,-57.07,GLIDER_DEPLOYMENT, CXON
041, 13:42:48,1727,78.2,95609,18.0,6.6, 13:42:48,19.3286,73.0059,258.4,8,-53.25,23.61,-21.61,-60.07,-63.88,62.98,GLIDER_DEPLOYMENT, CXON
041, 13:42:49,1728,77.6,95615,18.0,6.6, 13:42:49,19.3283,73.0060,257.8,8,-7.89,-54.46,5.11,1.1,11.23,-54.77,GLIDER_DEPLOYMENT, CXON
041, 13:42:50,1729,76.9,95623,18.0,6.6, 13:42:50,19.3279,73.0061,257.1,8,-13.25,43.92,3.49,-49.4,-49.66,44.86,GLIDER_DEPLOYMENT, CXON
041, 13:42:51,1730,76.3,95630,18.0,6.6, 13:42:51,19.3278,73.0060,256.5,8,-15.99,14.34,-16.75,-23.05,-19.74,48.91,GLIDER_DEPLOYMENT, CXON
041, 13:42:52,1731,75.7,95637,18.0,6.6, 13:42:52,19.3281,73.0059,255.9,8,27.44,20.69,58.52,-36.27,-69.72,1.68,GLIDER_DEPLOYMENT, CXON
041, 13:42:53,1732,75.0,95645,18.1,6.6, 13:42:53,19.3286,73.0057,255.2,8,17.08,42.22,58.21,-15.93,32.23,-49.97,GLIDER_DEPLOYMENT, CXON
041, 13:42:54,1733,74.4,95652,18.0,6.6, 13:42:54,19.3289,73.0058,254.6,8,-53.12,57.0,-0.81,49.56,58.48,12.26,GLIDER_DEPLOYMENT, CXON
041, 13:42:55,1734,73.8,95659,18.0,6.6, 13:42:55,19.3289,73.0056,254.0,8,-59.84,31.68,49.97,30.07,4.56,47.42,GLIDER_DEPLOYMENT, CXON
041, 13:42:56,1735,73.1,95667,18.0,6.6, 13:42:56,19.3292,73.0060,253.3,8,7.0,3.4,13.78,-15.55,-10.48,-60.3,GLIDER_DEPLOYMENT, CXON
041, 13:42:57,1736,72.5,95673,18.0,6.6, 13:42:57,19.3291,73.0062,252.7,8,27.79,22.47,-39.15,-7.6,14.36,53.52,GLIDER_DEPLOYMENT, CXON
041, 13:42:58,1737,71.8,95681,18.0,6.6, 13:42:58,19.3289,73.0065,252.0,8,-41.16,4.25,-23.71,27.07,-10.28,-31.79,GLIDER_DEPLOYMENT, CXON
041, 13:42:59,1738,71.2,95688,18.0,6.6, 13:42:59,19.3293,73.0066,251.4,8,25.93,50.83,25.08,16.46,37.82,-54.11,GLIDER_DEPLOYMENT, CXON
041, 13:43:00,1739,70.6,95695,18.0,6.6, 13:43:00,19.3293,73.0063,250.8,8,-25.68,2.02,37.65,67.14,66.51,17.09,GLIDER_DEPLOYMENT, CXON
041, 13:43:01,1740,69.9,95703,18.0,6.6, 13:43:01,19.3290,73.0062,250.1,8,21.16,7.53,-46.45,-39.64,26.1,61.69,GLIDER_DEPLOYMENT, CXON
041, 13:43:02,1741,69.3,95710,18.0,6.6, 13:43:02,19.3294,73.0065,249.5,8,20.81,5.11,38.06,-24.43,-62.53,43.44,GLIDER_DEPLOYMENT, CXON
041, 13:43:03,1742,68.7,95717,18.0,6.6, 13:43:03,19.3298,73.0065,248.9,8,-5.11,-50.55,-42.2,42.98,28.97,9.83,GLIDER_DEPLOYMENT, CXON
041, 13:43:04,1743,68.0,95725,18.0,6.6, 13:43:04,19.3301,73.0070,248.2,8,-49.47,-28.18,32.7,26.56,39.52,-50.9,GLIDER_DEPLOYMENT, CXON
041, 13:43:05,1744,67.4,95731,18.0,6.6, 13:43:05,19.3297,73.0071,247.6,8,-40.21,-0.06,32.05,-57.19,61.19,34.65,GLIDER_DEPLOYMENT, CXON
041, 13:43:06,1745,66.8,95738,18.0,6.6, 13:43:06,19.3299,73.0071,247.0,8,59.55,-3.59,13.64,-22.61,-49.31,-12.66,GLIDER_DEPLOYMENT, CXON
041, 13:43:07,1746,66.1,95746,18.0,6.6, 13:43:07,19.3297,73.0074,246.3,8,42.88,21.29,-25.87,-62.49,35.16,-13.97,GLIDER_DEPLOYMENT, CXON
041, 13:43:08,1747,65.5,95753,18.0,6.6, 13:43:08,19.3299,73.0078,245.7,8,-22.84,-12.81,-28.85,-67.77,64.74,-13.91,GLIDER_DEPLOYMENT, CXON
041, 13:43:09,1748,64.9,95760,18.1,6.6, 13:43:09,19.3303,73.0078,245.1,8,39.74,-23.39,-31.99,-5.47,-12.49,-23.55,GLIDER_DEPLOYMENT, CXON
041, 13:43:10,1749,64.2,95768,18.0,6.6, 13:43:10,19.3299,73.0075,244.4,8,-35.42,40.08,19.76,8.54,-59.8,-25.96,GLIDER_DEPLOYMENT, CXON
041, 13:43:11,1750,63.6,95775,18.1,6.6, 13:43:11,19.3303,73.0074,243.8,8,17.96,-29.95,17.09,4.64,12.22,-62.53,GLIDER_DEPLOYMENT, CXON
041, 13:43:12,1751,63.0,95781,18.0,6.6, 13:43:12,19.3304,73.0073,243.2,8,-14.98,-0.43,7.62,-19.85,-21.55,10.15,GLIDER_DEPLOYMENT, CXON
041, 13:43:13,1752,62.3,95789,18.0,6.6, 13:43:13,19.3306,73.0070,242.5,8,-17.42,16.7,25.52,56.92,32.37,13.78,GLIDER_DEPLOYMENT, CXON
041, 13:43:14,1753,61.7,95796,18.0,6.6, 13:43:14,19.3307,73.0069,241.9,8,-19.99,-33.44,54.75,65.47,-27.15,2.02,GLIDER_DEPLOYMENT, CXON
041, 13:43:15,1754,61.1,95803,18.0,6.6, 13:43:15,19.3305,73.0073,241.3,8,-31.94,1.6,22.81,13.4,56.9,32.79,GLIDER_DEPLOYMENT, CXON
041, 13:43:16,1755,60.4,95811,18.0,6.6, 13:43:16,19.3305,73.0073,240.6,8,39.13,-56.45,-23.55,27.82,-54.75,41.95,GLIDER_DEPLOYMENT, CXON
041, 13:43:17,1756,59.8,95818,18.0,6.6, 13:43:17,19.3303,73.0076,240.0,8,42.99,-20.87,7.77,38.54,61.91,10.28,GLIDER_DEPLOYMENT, CXON
041, 13:43:18,1757,59.1,95826,18.0,6.6, 13:43:18,19.3308,73.0074,239.3,8,-5.24,13.76,13.35,-55.67,10.49,58.81,GLIDER_DEPLOYMENT, CXON
041, 13:43:19,1758,58.5,95833,18.0,6.6, 13:43:19,19.3307,73.0078,238.7,8,-9.66,-50.01,-25.81,10.11,-46.99,-1.23,GLIDER_DEPLOYMENT, CXON
041, 13:43:20,1759,57.9,95839,18.0,6.6, 13:43:20,19.3305,73.0076,238.1,8,-4.15,-38.18,7.18,-14.91,49.14,-44.12,GLIDER_DEPLOYMENT, CXON
041, 13:43:21,1760,57.2,95847,18.0,6.6, 13:43:21,19.3302,73.0073,237.4,8,7.11,2.31,14.21,25.17,-59.4,65.84,GLIDER_DEPLOYMENT, CXON
041, 13:43:22,1761,56.6,95854,18.1,6.6, 13:43:22,19.3300,73.0076,236.8,8,-49.87,16.91,-22.89,65.07,-51.19,-1.26,GLIDER_DEPLOYMENT, CXON
041, 13:43:23,1762,56.0,95861,18.0,6.6, 13:43:23,19.3302,73.0079,236.2,8,-41.37,59.18,-42.01,-28.6,-35.2,-34.42,GLIDER_DEPLOYMENT, CXON
041, 13:43:24,1763,55.3,95869,18.0,6.6, 13:43:24,19.3305,73.0082,235.5,8,54.73,17.81,-44.1,-29.61,-51.72,60.56,GLIDER_DEPLOYMENT, CXON
041, 13:43:25,1764,54.7,95876,18.0,6.6, 13:43:25,19.3308,73.0085,234.9,8,56.2,-38.01,-16.14,-3.78,15.51,0.06,GLIDER_DEPLOYMENT, CXON
041, 13:43:26,1765,54.1,95883,18.0,6.6, 13:43:26,19.3310,73.0082,234.3,8,39.22,-49.5,-9.03,52.3,-44.11,2.6,GLIDER_DEPLOYMENT, CXON
041, 13:43:27,1766,53.4,95891,18.0,6.6, 13:43:27,19.3312,73.0086,233.6,8,-10.71,50.0,-21.02,25.03,51.63,-45.13,GLIDER_DEPLOYMENT, CXON
041, 13:43:28,1767,52.8,95897,18.0,6.6, 13:43:28,19.3312,73.0083,233.0,8,47.66,-25.33,-12.11,48.44,-12.98,10.75,GLIDER_DEPLOYMENT, CXON
041, 13:43:29,1768,52.2,95904,18.0,6.6, 13:43:29,19.3312,73.0087,232.4,8,-32.56,59.19,-58.66,43.94,2.54,52.65,GLIDER_DEPLOYMENT, CXON
041, 13:43:30,1769,51.5,95912,18.0,6.6, 13:43:30,19.3315,73.0087,231.7,8,-26.79,41.53,11.89,-40.75,10.82,13.94,GLIDER_DEPLOYMENT, CXON
041, 13:43:31,1770,50.9,95919,18.0,6.6, 13:43:31,19.3316,73.0085,231.1,8,47.73,-14.97,7.21,-25.66,-9.45,67.16,GLIDER_DEPLOYMENT, CXON
041, 13:43:32,1771,50.3,95926,18.0,6.6, 13:43:32,19.3314,73.0085,230.5,8,-25.81,55.33,52.28,-49.76,37.91,55.14,GLIDER_DEPLOYMENT, CXON
041, 13:43:33,1772,49.6,95934,18.0,6.6, 13:43:33,19.3312,73.0089,229.8,8,33.84,21.68,-4.53,31.39,62.34,-45.16,GLIDER_DEPLOYMENT, CXON
041, 13:43:34,1773,49.0,95941,18.0,6.6, 13:43:34,19.3309,73.0093,229.2,8,42.27,59.56,-44.1,-9.89,-61.2,28.38,GLIDER_DEPLOYMENT, CXON
041, 13:43:35,1774,48.4,95948,18.0,6.6, 13:43:35,19.3307,73.0090,228.6,8,44.55,50.45,24.07,27.98,-9.47,-41.54,GLIDER_DEPLOYMENT, CXON
041, 13:43:36,1775,47.7,95956,18.0,6.6, 13:43:36,19.3304,73.0089,227.9,8,6.34,-51.53,7.51,-0.15,-27.34,-58.99,GLIDER_DEPLOYMENT, CXON
041, 13:43:37,1776,47.1,95962,18.0,6.6, 13:43:37,19.3307,73.0091,227.3,8,-23.76,-39.48,32.45,-58.02,-5.31,-19.65,GLIDER_DEPLOYMENT, CXON
041, 13:43:38,1777,46.5,95969,18.0,6.6, 13:43:38,19.3306,73.0092,226.7,8,0.07,37.72,16.63,64.8,-38.42,-27.48,GLIDER_DEPLOYMENT, CXON
041, 13:43:39,1778,45.8,95977,18.0,6.6, 13:43:39,19.3305,73.0093,226.0,8,-13.4,-25.0,33.28,32.01,59.06,6.13,GLIDER_DEPLOYMENT, CXON
041, 13:43:40,1779,45.2,95984,18.0,6.6, 13:43:40,19.3309,73.0092,225.4,8,42.36,0.82,32.22,39.77,-29.32,13.08,GLIDER_DEPLOYMENT, CXON
041, 13:43:41,1780,44.5,95992,18.0,6.6, 13:43:41,19.3308,73.0097,224.7,8,-19.49,-44.31,22.42,-3.83,15.45,-52.15,GLIDER_DEPLOYMENT, CXON
041, 13:43:42,1781,43.9,95999,18.0,6.6, 13:43:42,19.3309,73.0097,224.1,8,6.36,58.7,-46.26,-62.57,-21.02,-53.31,GLIDER_DEPLOYMENT, CXON
041, 13:43:43,1782,43.3,96006,18.0,6.6, 13:43:43,19.3313,73.0093,223.5,8,-37.62,-34.61,-14.37,68.76,-59.03,-15.58,GLIDER_DEPLOYMENT, CXON
041, 13:43:44,1783,42.6,96014,18.0,6.6, 13:43:44,19.3312,73.0095,222.8,8,21.86,35.49,23.85,-23.15,-50.89,-67.68,GLIDER_DEPLOYMENT, CXON
041, 13:43:45,1784,42.0,96020,18.0,6.6, 13:43:45,19.3314,73.0096,222.2,8,-10.96,-54.32,-6.17,-54.36,-28.74,37.16,GLIDER_DEPLOYMENT, CXON
041, 13:43:46,1785,41.4,96027,18.0,6.6, 13:43:46,19.3318,73.0098,221.6,8,52.3,-41.68,28.95,18.58,7.03,-53.04,GLIDER_DEPLOYMENT, CXON
041, 13:43:47,1786,40.7,96035,18.0,6.6, 13:43:47,19.3320,73.0102,220.9,8,33.52,-52.08,-11.94,48.32,30.91,-1.39,GLIDER_DEPLOYMENT, CXON
041, 13:43:48,1787,40.1,96042,18.0,6.6, 13:43:48,19.3319,73.0101,220.3,8,-3.5,10.91,-41.52,-46.29,18.33,10.36,GLIDER_DEPLOYMENT, CXON
041, 13:43:49,1788,39.5,96049,18.0,6.6, 13:43:49,19.3318,73.0106,219.7,8,-24.24,3.84,-24.13,14.26,-27.29,-10.76,GLIDER_DEPLOYMENT, CXON
041, 13:43:50,1789,38.8,96057,18.0,6.6, 13:43:50,19.3318,73.0108,219.0,8,32.65,-53.92,-21.32,-36.05,-5.46,56.97,GLIDER_DEPLOYMENT, CXON
041, 13:43:51,1790,38.2,96064,18.0,6.6, 13:43:51,19.3322,73.0109,218.4,8,14.14,-43.83,26.82,-32.83,7.58,-37.52,GLIDER_DEPLOYMENT, CXON
041, 13:43:52,1791,37.6,96071,18.0,6.6, 13:43:52,19.3326,73.0110,217.8,8,31.99,-29.11,0.53,3.92,-26.49,-12.07,GLIDER_DEPLOYMENT, CXON
041, 13:43:53,1792,36.9,96079,18.0,6.6, 13:43:53,19.3325,73.0112,217.1,8,9.76,25.56,-49.09,-39.5,59.91,-50.88,GLIDER_DEPLOYMENT, CXON
041, 13:43:54,1793,36.3,96085,18.0,6.6, 13:43:54,19.3325,73.0116,216.5,8,42.79,10.02,-6.02,-7.84,68.18,-54.43,GLIDER_DEPLOYMENT, CXON
041, 13:43:55,1794,35.7,96092,18.0,6.6, 13:43:55,19.3327,73.0113,215.9,8,37.48,51.37,29.53,-45.86,55.6,-49.86,GLIDER_DEPLOYMENT, CXON
041, 13:43:56,1795,35.0,96100,18.0,6.6, 13:43:56,19.3329,73.0116,215.2,8,3.54,-51.59,-55.47,20.48,36.5,-21.52,GLIDER_DEPLOYMENT, CXON
041, 13:43:57,1796,34.4,96107,18.0,6.6, 13:43:57,19.3329,73.0118,214.6,8,22.64,17.72,-43.37,26.5,39.28,35.23,GLIDER_DEPLOYMENT, CXON
041, 13:43:58,1797,33.8,96114,18.0,6.6, 13:43:58,19.3327,73.0123,214.0,8,56.65,-28.91,18.82,35.33,-3.83,-29.47,GLIDER_DEPLOYMENT, CXON
041, 13:43:59,1798,33.1,96122,18.0,6.6, 13:43:59,19.3330,73.0124,213.3,8,59.91,-34.46,57.84,20.86,6.94,-55.04,GLIDER_DEPLOYMENT, CXON
041, 13:44:00,1799,32.5,96129,18.0,6.6, 13:44:00,19.3327,73.0126,212.7,8,-31.78,50.57,17.66,-63.13,50.51,25.45,GLIDER_DEPLOYMENT, CXON
041, 13:44:01,1800,31.8,96137,18.0,6.6, 13:44:01,19.3329,73.0130,212.0,8,-12.1,37.03,52.86,63.37,16.67,44.92,GLIDER_DEPLOYMENT, CXON
041, 13:44:02,1801,31.2,96144,18.0,6.6, 13:44:02,19.3333,73.0129,211.4,8,41.91,-17.99,40.08,-23.76,7.68,17.13,GLIDER_DEPLOYMENT, CXON
041, 13:44:03,1802,30.6,96150,18.0,6.6, 13:44:03,19.3332,73.0129,210.8,8,16.69,55.35,53.0,-52.27,29.19,-53.66,GLIDER_DEPLOYMENT, CXON
041, 13:44:04,1803,29.9,96158,18.0,6.6, 13:44:04,19.3336,73.0131,210.1,8,2.37,9.3,15.04,-55.33,-3.3,57.19,GLIDER_DEPLOYMENT, CXON
041, 13:44:05,1804,29.3,96165,18.0,6.6, 13:44:05,19.3333,73.0132,209.5,8,-38.73,-51.02,-52.37,-10.22,66.18,-49.65,GLIDER_DEPLOYMENT, CXON
041, 13:44:06,1805,28.7,96172,18.0,6.6, 13:44:06,19.3332,73.0130,208.9,8,-12.41,57.61,-43.2,46.33,41.23,-5.66,GLIDER_DEPLOYMENT, CXON
041, 13:44:07,1806,28.0,96180,18.0,6.6, 13:44:07,19.3337,73.0126,208.2,8,30.94,38.48,18.43,65.95,-62.51,15.74,GLIDER_DEPLOYMENT, CXON
041, 13:44:08,1807,27.4,96187,18.0,6.6, 13:44:08,19.3338,73.0129,207.6,8,20.56,-14.27,38.1,58.07,-37.97,-35.06,GLIDER_DEPLOYMENT, CXON
041, 13:44:09,1808,26.8,96194,18.1,6.6, 13:44:09,19.3338,73.0134,207.0,8,57.2,11.39,-14.35,-57.61,-68.19,-15.02,GLIDER_DEPLOYMENT, CXON
041, 13:44:10,1809,26.1,96202,18.0,6.6, 13:44:10,19.3336,73.0138,206.3,8,29.52,-16.91,-47.29,60.49,56.6,36.89,GLIDER_DEPLOYMENT, CXON
041, 13:44:11,1810,25.5,96209,18.1,6.6, 13:44:11,19.3334,73.0139,205.7,8,-59.74,-21.41,-37.78,-54.55,31.47,-8.04,GLIDER_DEPLOYMENT, CXON
041, 13:44:12,1811,24.9,96215,18.0,6.6, 13:44:12,19.3336,73.0141,205.1,8,48.42,-37.75,-6.04,-60.08,32.86,35.0,GLIDER_DEPLOYMENT, CXON
041, 13:44:13,1812,24.2,96223,18.0,6.6, 13:44:13,19.3333,73.0144,204.4,8,12.68,-30.39,23.94,60.53,52.53,-15.86,GLIDER_DEPLOYMENT, CXON
041, 13:44:14,1813,23.6,96230,18.0,6.6, 13:44:14,19.3331,73.0146,203.8,8,-20.28,41.65,-26.51,55.08,59.99,5.89,GLIDER_DEPLOYMENT, CXON
041, 13:44:15,1814,23.0,96237,18.0,6.6, 13:44:15,19.3335,73.0143,203.2,8,27.37,-48.92,-21.8,-29.55,-48.11,19.95,GLIDER_DEPLOYMENT, CXON
041, 13:44:16,1815,22.3,96245,18.0,6.6, 13:44:16,19.3339,73.0141,202.5,8,-44.58,-26.16,38.24,-24.31,-21.33,51.94,GLIDER_DEPLOYMENT, CXON
041, 13:44:17,1816,21.7,96252,18.0,6.6, 13:44:17,19.3343,73.0138,201.9,8,-35.89,14.09,-0.83,25.83,43.94,25.85,GLIDER_DEPLOYMENT, CXON
041, 13:44:18,1817,21.1,96259,18.0,6.6, 13:44:18,19.3341,73.0135,201.3,8,-24.38,-13.86,0.53,-53.6,18.73,-16.73,GLIDER_DEPLOYMENT, CXON
041, 13:44:19,1818,20.4,96267,18.0,6.6, 13:44:19,19.3344,73.0138,200.6,8,12.65,19.62,-49.71,57.27,65.42,58.88,GLIDER_DEPLOYMENT, CXON
041, 13:44:20,1819,19.8,96274,18.0,6.6, 13:44:20,19.3343,73.0136,200.0,8,-29.29,-48.29,10.34,52.15,-23.06,46.95,GLIDER_DEPLOYMENT, CXON
041, 13:44:21,1820,19.1,96282,18.0,6.6, 13:44:21,19.3347,73.0134,199.3,8,13.34,17.3,-59.55,68.17,-33.54,2.5,GLIDER_DEPLOYMENT, CXON
041, 13:44:22,1821,18.5,96289,18.1,6.6, 13:44:22,19.3344,73.0139,198.7,8,44.3,-0.83,-21.17,-69.22,-26.18,67.16,GLIDER_DEPLOYMENT, CXON
041, 13:44:23,1822,17.9,96295,18.1,6.6, 13:44:23,19.3346,73.0136,198.1,8,-0.93,54.36,-56.76,0.18,65.47,-56.26,GLIDER_DEPLOYMENT, CXON
041, 13:44:24,1823,17.2,96303,18.1,6.6, 13:44:24,19.3350,73.0137,197.4,8,9.4,4.94,20.77,67.01,22.35,-38.55,GLIDER_DEPLOYMENT, CXON
041, 13:44:25,1824,16.6,96310,18.0,6.6, 13:44:25,19.3352,73.0140,196.8,8,-27.25,-37.13,-49.21,36.49,-65.75,-68.5,GLIDER_DEPLOYMENT, CXON
041, 13:44:26,1825,16.0,96317,18.0,6.6, 13:44:26,19.3357,73.0138,196.2,8,-17.88,-46.93,-44.06,-42.55,41.07,29.36,GLIDER_DEPLOYMENT, CXON
041, 13:44:27,1826,15.3,96325,18.0,6.6, 13:44:27,19.3355,73.0143,195.5,8,3.75,-28.18,36.61,-35.26,-67.58,36.38,GLIDER_DEPLOYMENT, CXON
041, 13:44:28,1827,14.7,96332,18.0,6.6, 13:44:28,19.3359,73.0142,194.9,8,55.96,10.97,5.29,-30.26,56.11,15.82,GLIDER_DEPLOYMENT, CXON
041, 13:44:29,1828,14.1,96339,18.0,6.6, 13:44:29,19.3358,73.0141,194.3,8,52.44,9.31,15.23,34.13,-61.24,14.51,GLIDER_DEPLOYMENT, CXON
041, 13:44:30,1829,13.4,96347,18.0,6.6, 13:44:30,19.3362,73.0141,193.6,8,-57.92,56.86,-10.98,45.68,67.08,-65.29,GLIDER_DEPLOYMENT, CXON
041, 13:44:31,1830,12.8,96354,18.0,6.6, 13:44:31,19.3361,73.0143,193.0,8,-16.46,-2.61,-10.69,38.88,5.86,-15.97,GLIDER_DEPLOYMENT, CXON
041, 13:44:32,1831,12.2,96361,18.0,6.6, 13:44:32,19.3366,73.0140,192.4,8,-48.79,23.59,46.63,-62.9,-22.15,32.01,GLIDER_DEPLOYMENT, CXON
041, 13:44:33,1832,11.5,96369,18.0,6.6, 13:44:33,19.3368,73.0144,191.7,8,9.46,-14.59,-35.15,-23.27,44.43,50.07,GLIDER_DEPLOYMENT, CXON
041, 13:44:34,1833,10.9,96375,18.0,6.6, 13:44:34,19.3373,73.0140,191.1,8,-13.39,-11.12,23.77,-64.4,25.31,-64.65,GLIDER_DEPLOYMENT, CXON
041, 13:44:35,1834,10.3,96382,18.0,6.6, 13:44:35,19.3376,73.0138,190.5,8,18.49,-57.13,-41.25,-27.07,-59.28,43.01,GLIDER_DEPLOYMENT, CXON
041, 13:44:36,1835,9.6,96390,18.0,6.6, 13:44:36,19.3376,73.0139,189.8,8,-56.59,52.08,-22.29,19.91,48.98,-13.0,GLIDER_DEPLOYMENT, CXON
041, 13:44:37,1836,9.0,96397,18.0,6.6, 13:44:37,19.3379,73.0143,189.2,8,-11.49,-19.35,0.55,13.29,24.19,46.06,GLIDER_DEPLOYMENT, CXON
041, 13:44:38,1837,8.4,96404,18.0,6.6, 13:44:38,19.3382,73.0146,188.6,8,40.4,-48.08,-11.9,49.39,-15.22,-47.53,GLIDER_DEPLOYMENT, CXON
041, 13:44:39,1838,7.7,96412,18.0,6.6, 13:44:39,19.3378,73.0145,187.9,8,-4.91,-39.58,-5.17,32.97,-59.94,-24.58,GLIDER_DEPLOYMENT, CXON
041, 13:44:40,1839,7.1,96419,18.0,6.6, 13:44:40,19.3379,73.0144,187.3,8,-17.37,51.99,-2.14,-29.63,-4.07,-53.82,GLIDER_DEPLOYMENT, CXON
041, 13:44:41,1840,6.4,96427,18.0,6.6, 13:44:41,19.3381,73.0140,186.6,8,41.16,-36.31,-55.69,-31.06,4.55,-69.61,GLIDER_DEPLOYMENT, CXON
041, 13:44:42,1841,5.8,96434,18.1,6.6, 13:44:42,19.3377,73.0142,186.0,8,57.34,-57.2,-40.89,-53.71,-19.0,-16.65,GLIDER_DEPLOYMENT, CXON
041, 13:44:43,1842,5.2,96441,18.0,6.6, 13:44:43,19.3380,73.0141,185.4,8,15.57,-2.54,36.09,-36.36,63.78,32.41,GLIDER_DEPLOYMENT, CXON
041, 13:44:44,1843,4.5,96449,18.0,6.6, 13:44:44,19.3382,73.0137,184.7,8,46.82,-1.48,-36.24,-19.76,31.03,39.85,GLIDER_DEPLOYMENT, CXON
041, 13:44:45,1844,3.9,96455,18.0,6.6, 13:44:45,19.3387,73.0134,184.1,8,-12.79,54.44,26.58,2.72,-7.07,-60.23,GLIDER_DEPLOYMENT, CXON
041, 13:44:46,1845,3.3,96462,18.0,6.6, 13:44:46,19.3384,73.0139,183.5,8,-49.55,-3.76,23.38,5.91,-14.76,33.49,GLIDER_DEPLOYMENT, CXON
041, 13:44:47,1846,2.6,96470,18.0,6.6, 13:44:47,19.3384,73.0144,182.8,8,42.39,-33.31,47.03,-7.81,-22.27,-49.29,GLIDER_DEPLOYMENT, CXON
041, 13:44:48,1847,2.0,96477,18.0,6.6, 13:44:48,19.3382,73.0143,182.2,8,22.08,48.6,22.81,64.84,62.34,51.51,GLIDER_DEPLOYMENT, CXON
041, 13:44:49,1848,1.4,96484,18.0,6.6, 13:44:49,19.3383,73.0142,181.6,8,57.76,-57.01,53.5,-30.47,25.05,31.94,GLIDER_DEPLOYMENT, CXON
041, 13:44:50,1849,0.7,96492,18.0,6.6, 13:44:50,19.3387,73.0139,180.9,8,37.91,58.23,38.93,12.85,13.74,-56.31,GLIDER_DEPLOYMENT, CXON
041, 13:44:51,1850,0.1,96499,18.0,6.6, 13:44:51,19.3385,73.0143,180.3,8,-29.01,-36.23,43.05,4.92,52.76,-45.66,GLIDER_DEPLOYMENT, CXON
041, 13:44:52,1851,0.1,96499,24.0,6.6, 13:44:52,19.3387,73.0143,180.3,8,-0.51,-0.46,-1.25,0.19,-1.54,1.46,LANDED, CXON
041, 13:44:53,1852,0.1,96499,24.0,6.6, 13:44:53,19.3385,73.0143,180.3,8,1.36,-1.35,-0.47,0.15,0.06,1.35,LANDED, CXON
041, 13:44:54,1853,0.1,96499,24.0,6.6, 13:44:54,19.3386,73.0142,180.3,8,-0.18,-0.93,-1.24,1.66,0.63,-1.38,LANDED, CXON
041, 13:44:55,1854,0.1,96499,24.1,6.6, 13:44:55,19.3385,73.0144,180.3,8,-0.65,0.59,0.9,0.61,-1.2,-1.36,LANDED, CXON
041, 13:44:56,1855,0.1,96499,24.1,6.6, 13:44:56,19.3384,73.0145,180.3,8,0.17,1.56,-1.01,1.19,1.74,-1.19,LANDED, CXON
041, 13:44:57,1856,0.1,96499,24.1,6.6, 13:44:57,19.3384,73.0143,180.3,8,-1.26,-1.49,-1.3,-1.4,-0.57,1.04,LANDED, CXON
041, 13:44:58,1857,0.1,96499,24.1,6.6, 13:44:58,19.3385,73.0145,180.3,8,1.48,-1.16,0.63,-1.49,1.31,-0.63,LANDED, CXON
041, 13:44:59,1858,0.1,96499,24.1,6.6, 13:44:59,19.3385,73.0142,180.3,8,-1.42,0.54,0.55,0.65,-1.5,-0.58,LANDED, CXON
041, 13:45:00,1859,0.1,96499,24.1,6.6, 13:45:00,19.3383,73.0142,180.3,8,1.15,1.17,0.35,-0.64,-0.62,1.45,LANDED, CXON
041, 13:45:01,1860,0.1,96499,24.1,6.6, 13:45:01,19.3387,73.0142,180.3,8,1.45,-0.66,-1.28,-0.65,1.3,1.29,LANDED, CXON
041, 13:45:02,1861,0.1,96499,24.1,6.6, 13:45:02,19.3385,73.0142,180.3,8,1.4,-0.34,-1.25,0.31,-0.45,-0.66,LANDED, CXON
041, 13:45:03,1862,0.1,96499,24.2,6.6, 13:45:03,19.3385,73.0145,180.3,8,-1.01,-1.03,1.51,-1.4,0.87,-0.77,LANDED, CXON
041, 13:45:04,1863,0.1,96499,24.2,6.6, 13:45:04,19.3386,73.0142,180.3,8,-0.93,0.69,0.81,-0.74,-1.66,-0.53,LANDED, CXON
041, 13:45:05,1864,0.1,96499,24.2,6.6, 13:45:05,19.3386,73.0143,180.3,8,-0.91,0.14,-1.16,0.75,1.71,-0.97,LANDED, CXON
041, 13:45:06,1865,0.1,96499,24.2,6.6, 13:45:06,19.3384,73.0141,180.3,8,0.01,-1.0,0.58,0.02,-1.0,1.47,LANDED, CXON
041, 13:45:07,1866,0.1,96499,24.2,6.6, 13:45:07,19.3386,73.0142,180.3,8,-0.89,-0.67,0.04,0.85,-1.36,-0.85,LANDED, CXON
041, 13:45:08,1867,0.1,96499,24.2,6.6, 13:45:08,19.3387,73.0143,180.3,8,0.27,-0.22,-0.55,-0.45,-1.8,-0.96,LANDED, CXON
041, 13:45:09,1868,0.1,96499,24.2,6.6, 13:45:09,19.3385,73.0142,180.3,8,-0.37,1.38,-0.9,1.76,-1.79,1.69,LANDED, CXON
041, 13:45:10,1869,0.1,96499,24.2,6.6, 13:45:10,19.3387,73.0145,180.3,8,0.01,1.0,-1.02,1.15,-1.19,1.29,LANDED, CXON
041, 13:45:11,1870,0.1,96499,24.3,6.6, 13:45:11,19.3386,73.0142,180.3,8,0.99,1.35,0.44,0.66,-0.96,-0.35,LANDED, CXON
041, 13:45:12,1871,0.1,96499,24.3,6.6, 13:45:12,19.3385,73.0142,180.3,8,-1.55,-0.06,1.03,1.77,-1.29,1.73,LANDED, CXON
041, 13:45:13,1872,0.1,96499,24.3,6.6, 13:45:13,19.3385,73.0144,180.3,8,0.22,0.46,-1.39,-1.32,1.46,-1.6,LANDED, CXON
041, 13:45:14,1873,0.1,96499,24.3,6.6, 13:45:14,19.3386,73.0143,180.3,8,0.66,0.92,-0.67,-1.39,-0.69,0.47,LANDED, CXON
041, 13:45:15,1874,0.1,96499,24.3,6.6, 13:45:15,19.3385,73.0142,180.3,8,0.47,1.4,0.12,1.08,-0.96,1.41,LANDED, CXON
041, 13:45:16,1875,0.1,96499,24.4,6.6, 13:45:16,19.3383,73.0143,180.3,8,-0.8,-1.57,-1.08,1.16,-0.04,0.49,LANDED, CXON
041, 13:45:17,1876,0.1,96499,24.4,6.6, 13:45:17,19.3387,73.0145,180.3,8,-0.17,1.49,0.55,-0.29,-1.38,1.76,LANDED, CXON
041, 13:45:18,1877,0.1,96499,24.4,6.6, 13:45:18,19.3384,73.0144,180.3,8,-0.37,-1.42,-0.35,-1.7,0.32,1.56,LANDED, CXON
041, 13:45:19,1878,0.1,96499,24.4,6.6, 13:45:19,19.3385,73.0143,180.3,8,0.23,-1.53,-0.59,-0.12,0.14,1.44,LANDED, CXON
041, 13:45:20,1879,0.1,96499,24.4,6.6, 13:45:20,19.3387,73.0143,180.3,8,-1.37,0.07,-0.66,-0.36,0.4,1.22,LANDED, CXON
041, 13:45:21,1880,0.1,96499,24.5,6.6, 13:45:21,19.3385,73.0141,180.3,8,0.27,1.2,-0.54,1.7,-1.55,0.4,LANDED, CXON
041, 13:45:22,1881,0.1,96499,24.4,6.6, 13:45:22,19.3384,73.0143,180.3,8,-1.0,1.36,1.35,0.05,-1.19,0.18,LANDED, CXON
041, 13:45:23,1882,0.1,96499,24.4,6.6, 13:45:23,19.3386,73.0141,180.3,8,-1.14,0.45,-0.78,-1.36,-1.18,-1.66,LANDED, CXON
041, 13:45:24,1883,0.1,96499,24.5,6.6, 13:45:24,19.3383,73.0142,180.3,8,-1.52,0.91,0.85,0.12,1.74,1.52,LANDED, CXON
041, 13:45:25,1884,0.1,96499,24.5,6.6, 13:45:25,19.3386,73.0141,180.3,8,1.46,0.92,0.56,-1.35,1.1,1.03,LANDED, CXON
041, 13:45:26,1885,0.1,96499,24.5,6.6, 13:45:26,19.3384,73.0145,180.3,8,-0.24,0.55,0.81,-1.06,0.24,1.11,LANDED, CXON
041, 13:45:27,1886,0.1,96499,24.6,6.6, 13:45:27,19.3384,73.0143,180.3,8,-1.07,-1.59,0.52,0.87,-0.3,-1.31,LANDED, CXON
041, 13:45:28,1887,0.1,96499,24.6,6.6, 13:45:28,19.3385,73.0141,180.3,8,-0.72,-1.43,0.01,1.51,0.66,-1.36,LANDED, CXON
041, 13:45:29,1888,0.1,96499,24.6,6.6, 13:45:29,19.3383,73.0143,180.3,8,-1.48,-1.28,1.22,-0.36,-0.65,-1.62,LANDED, CXON
041, 13:45:30,1889,0.1,96499,24.6,6.6, 13:45:30,19.3386,73.0141,180.3,8,-0.37,-0.58,-1.57,-0.24,0.1,-0.0,LANDED, CXON
041, 13:45:31,1890,0.1,96499,24.7,6.6, 13:45:31,19.3385,73.0142,180.3,8,-0.3,-0.86,-0.22,0.55,-0.07,-0.98,LANDED, CXON
041, 13:45:32,1891,0.1,96499,24.7,6.6, 13:45:32,19.3386,73.0145,180.3,8,-0.95,-1.03,0.19,-1.66,0.04,-0.03,LANDED, CXON
041, 13:45:33,1892,0.1,96499,24.7,6.6, 13:45:33,19.3386,73.0141,180.3,8,0.06,-0.25,-0.41,-0.06,-0.59,0.74,LANDED, CXON
041, 13:45:34,1893,0.1,96499,24.8,6.6, 13:45:34,19.3385,73.0142,180.3,8,0.5,1.06,0.9,1.44,1.53,0.17,LANDED, CXON
041, 13:45:35,1894,0.1,96499,24.7,6.6, 13:45:35,19.3387,73.0145,180.3,8,-0.22,-1.21,-0.02,-1.24,-0.74,-1.15,LANDED, CXON
041, 13:45:36,1895,0.1,96499,24.8,6.6, 13:45:36,19.3386,73.0143,180.3,8,1.22,1.32,-0.25,-0.44,-0.73,-1.11,LANDED, CXON
041, 13:45:37,1896,0.1,96499,24.8,6.6, 13:45:37,19.3385,73.0144,180.3,8,0.3,-1.47,0.38,-1.45,-0.0,-0.92,LANDED, CXON
041, 13:45:38,1897,0.1,96499,24.8,6.6, 13:45:38,19.3385,73.0144,180.3,8,1.3,-0.27,0.63,-1.25,1.62,-1.52,LANDED, CXON
041, 13:45:39,1898,0.1,96499,24.9,6.6, 13:45:39,19.3383,73.0142,180.3,8,-0.33,-1.12,0.08,1.78,0.94,1.36,LANDED, CXON
041, 13:45:40,1899,0.1,96499,24.9,6.6, 13:45:40,19.3383,73.0143,180.3,8,-0.29,0.57,-0.61,-0.78,0.49,1.47,LANDED, CXON
041, 13:45:41,1900,0.1,96499,24.9,6.6, 13:45:41,19.3383,73.0143,180.3,8,1.19,-1.52,0.89,-0.23,-1.49,0.5,LANDED, CXON
041, 13:45:42,1901,0.1,96499,24.9,6.6, 13:45:42,19.3384,73.0143,180.3,8,-1.41,1.52,0.42,-0.08,-1.53,-0.46,LANDED, CXON
041, 13:45:43,1902,0.1,96499,24.9,6.6, 13:45:43,19.3385,73.0142,180.3,8,-0.08,0.58,-1.46,1.59,0.46,0.18,LANDED, CXON
041, 13:45:44,1903,0.1,96499,24.9,6.6, 13:45:44,19.3385,73.0142,180.3,8,0.64,-0.06,-0.94,-1.43,1.35,1.12,LANDED, CXON
041, 13:45:45,1904,0.1,96499,25.0,6.6, 13:45:45,19.3385,73.0145,180.3,8,-1.37,-0.15,1.17,0.14,1.07,1.0,LANDED, CXON
041, 13:45:46,1905,0.1,96499,25.0,6.6, 13:45:46,19.3383,73.0144,180.3,8,-1.56,-1.23,-1.48,-1.12,0.22,-0.3,LANDED, CXON
041, 13:45:47,1906,0.1,96499,25.0,6.6, 13:45:47,19.3384,73.0141,180.3,8,1.28,1.54,1.49,1.47,0.16,-1.43,LANDED, CXON
041, 13:45:48,1907,0.1,96499,25.0,6.6, 13:45:48,19.3384,73.0142,180.3,8,-1.43,-0.31,-0.86,-0.55,-0.56,1.08,LANDED, CXON
041, 13:45:49,1908,0.1,96499,25.0,6.6, 13:45:49,19.3385,73.0143,180.3,8,-1.36,-0.1,-0.67,-0.88,1.43,1.8,LANDED, CXON
041, 13:45:50,1909,0.1,96499,25.0,6.6, 13:45:50,19.3385,73.0144,180.3,8,0.03,-0.62,-0.59,1.44,1.32,1.55,LANDED, CXON
041, 13:45:51,1910,0.1,96499,25.1,6.6, 13:45:51,19.3383,73.0144,180.3,8,0.28,-0.53,-0.81,0.82,0.99,-1.27,LANDED, CXON
041, 13:45:52,1911,0.1,96499,25.1,6.6, 13:45:52,19.3384,73.0144,180.3,8,-1.54,-0.53,0.94,-1.55,-0.24,1.7,LANDED, CXON
041, 13:45:53,1912,0.1,96499,25.1,6.6, 13:45:53,19.3386,73.0143,180.3,8,-0.29,-1.5,-0.05,-1.79,-1.47,0.05,LANDED, CXON
041, 13:45:54,1913,0.1,96499,25.2,6.6, 13:45:54,19.3385,73.0142,180.3,8,0.37,1.31,1.55,-1.6,-0.94,-0.12,LANDED, CXON
041, 13:45:55,1914,0.1,96499,25.2,6.6, 13:45:55,19.3386,73.0143,180.3,8,-1.04,0.56,-0.0,0.66,-1.8,-0.42,LANDED, CXON
041, 13:45:56,1915,0.1,96499,25.2,6.6, 13:45:56,19.3385,73.0144,180.3,8,0.08,-0.94,-0.05,0.26,-1.63,0.3,LANDED, CXON
041, 13:45:57,1916,0.1,96499,25.2,6.6, 13:45:57,19.3386,73.0144,180.3,8,-1.32,-0.59,-0.73,0.48,1.4,-0.49,LANDED, CXON
041, 13:45:58,1917,0.1,96499,25.2,6.6, 13:45:58,19.3384,73.0143,180.3,8,1.27,0.74,1.26,1.67,-0.83,1.58,LANDED, CXON
041, 13:45:59,1918,0.1,96499,25.2,6.6, 13:45:59,19.3384,73.0141,180.3,8,-0.57,0.65,0.61,-1.23,-0.54,1.68,LANDED, CXON
041, 13:46:00,1919,0.1,96499,25.3,6.6, 13:46:00,19.3387,73.0141,180.3,8,-1.44,1.04,1.01,-0.67,1.11,0.7,LANDED, CXON
041, 13:46:01,1920,0.1,96499,25.3,6.6, 13:46:01,19.3386,73.0143,180.3,8,0.12,-0.96,-1.36,-1.57,1.06,1.77,LANDED, CXON
041, 13:46:02,1921,0.1,96499,25.3,6.6, 13:46:02,19.3385,73.0141,180.3,8,1.33,0.14,0.28,0.8,-0.96,1.56,LANDED, CXON
041, 13:46:03,1922,0.1,96499,25.3,6.6, 13:46:03,19.3384,73.0143,180.3,8,1.44,-1.06,-0.9,0.72,0.76,-0.03,LANDED, CXON
041, 13:46:04,1923,0.1,96499,25.4,6.6, 13:46:04,19.3384,73.0142,180.3,8,-0.6,-0.43,-1.11,1.46,-0.57,-1.1,LANDED, CXON
041, 13:46:05,1924,0.1,96499,25.3,6.6, 13:46:05,19.3383,73.0143,180.3,8,-1.15,-0.08,-1.18,-0.92,1.65,-1.63,LANDED, CXON
041, 13:46:06,1925,0.1,96499,25.4,6.6, 13:46:06,19.3386,73.0142,180.3,8,-0.62,0.21,0.74,1.51,0.14,-1.3,LANDED, CXON
041, 13:46:07,1926,0.1,96499,25.3,6.6, 13:46:07,19.3386,73.0142,180.3,8,0.62,0.8,-1.59,-1.1,-0.04,-0.98,LANDED, CXON
041, 13:46:08,1927,0.1,96499,25.3,6.6, 13:46:08,19.3384,73.0143,180.3,8,1.58,-1.49,-0.81,-1.44,-0.09,1.02,LANDED, CXON
041, 13:46:09,1928,0.1,96499,25.4,6.6, 13:46:09,19.3384,73.0143,180.3,8,0.13,-1.35,1.32,1.09,0.86,-1.49,LANDED, CXON
041, 13:46:10,1929,0.1,96499,25.4,6.6, 13:46:10,19.3387,73.0142,180.3,8,-1.28,0.05,-0.02,-0.2,0.82,0.22,LANDED, CXON
041, 13:46:11,1930,0.1,96499,25.4,6.6, 13:46:11,19.3384,73.0143,180.3,8,-1.38,0.93,-0.95,0.24,0.73,-1.51,LANDED, CXON
041, 13:46:12,1931,0.1,96499,25.4,6.6, 13:46:12,19.3385,73.0142,180.3,8,-0.51,1.42,0.47,-1.18,0.41,-0.84,LANDED, CXON
041, 13:46:13,1932,0.1,96499,25.4,6.6, 13:46:13,19.3386,73.0145,180.3,8,-0.85,0.74,0.85,-1.23,1.66,1.4,LANDED, CXON
041, 13:46:14,1933,0.1,96499,25.3,6.6, 13:46:14,19.3386,73.0143,180.3,8,-1.18,-1.5,1.26,1.59,-0.19,0.87,LANDED, CXON
041, 13:46:15,1934,0.1,96499,25.4,6.6, 13:46:15,19.3384,73.0143,180.3,8,0.34,1.4,1.33,1.01,0.11,-0.58,LANDED, CXON
041, 13:46:16,1935,0.1,96499,25.4,6.6, 13:46:16,19.3387,73.0142,180.3,8,-0.11,-0.14,-0.25,1.38,-0.04,0.85,LANDED, CXON
041, 13:46:17,1936,0.1,96499,25.4,6.6, 13:46:17,19.3386,73.0142,180.3,8,1.59,1.14,0.95,0.66,-0.22,-1.3,LANDED, CXON
041, 13:46:18,1937,0.1,96499,25.4,6.6, 13:46:18,19.3386,73.0144,180.3,8,-0.39,0.65,0.31,1.44,1.51,-1.76,LANDED, CXON
041, 13:46:19,1938,0.1,96499,25.4,6.6, 13:46:19,19.3387,73.0141,180.3,8,-0.4,-1.48,0.37,-1.63,-1.5,0.29,LANDED, CXON
041, 13:46:20,1939,0.1,96499,25.4,6.6, 13:46:20,19.3387,73.0144,180.3,8,-0.0,1.12,0.28,1.35,-1.42,-1.66,LANDED, CXON
041, 13:46:21,1940,0.1,96499,25.5,6.6, 13:46:21,19.3385,73.0144,180.3,8,0.03,-0.66,1.44,-0.42,-0.18,0.07,LANDED, CXON
041, 13:46:22,1941,0.1,96499,25.4,6.6, 13:46:22,19.3385,73.0142,180.3,8,0.64,-0.16,1.43,-0.43,-1.49,1.51,LANDED, CXON
041, 13:46:23,1942,0.1,96499,25.4,6.6, 13:46:23,19.3386,73.0142,180.3,8,0.01,0.96,1.21,-1.31,-0.74,-1.46,LANDED, CXON
041, 13:46:24,1943,0.1,96499,25.5,6.6, 13:46:24,19.3384,73.0144,180.3,8,1.51,-0.95,0.08,-0.27,0.25,-0.61,LANDED, CXON
041, 13:46:25,1944,0.1,96499,25.5,6.6, 13:46:25,19.3387,73.0143,180.3,8,1.45,-1.54,-0.99,1.52,-1.4,0.3,LANDED, CXON
041, 13:46:26,1945,0.1,96499,25.5,6.6, 13:46:26,19.3385,73.0144,180.3,8,0.2,-1.55,-0.92,1.77,1.03,0.08,LANDED, CXON
041, 13:46:27,1946,0.1,96499,25.5,6.6, 13:46:27,19.3383,73.0142,180.3,8,1.11,-0.43,1.13,1.65,0.65,-0.75,LANDED, CXON
041, 13:46:28,1947,0.1,96499,25.5,6.6, 13:46:28,19.3384,73.0142,180.3,8,-1.48,1.13,0.0,-0.53,0.45,-0.17,LANDED, CXON
041, 13:46:29,1948,0.1,96499,25.5,6.6, 13:46:29,19.3385,73.0142,180.3,8,-0.42,-0.11,1.15,1.11,1.31,-0.11,LANDED, CXON
041, 13:46:30,1949,0.1,96499,25.5,6.6, 13:46:30,19.3386,73.0144,180.3,8,-1.51,1.1,-0.55,0.39,-1.6,0.53,LANDED, CXON
041, 13:46:31,1950,0.1,96499,25.5,6.6, 13:46:31,19.3384,73.0144,180.3,8,1.32,-1.59,-0.65,0.09,-0.66,-0.62,LANDED, CXON
041, 13:46:32,1951,0.1,96499,25.6,6.6, 13:46:32,19.3386,73.0143,180.3,8,1.19,1.53,-1.13,-1.14,1.71,-1.45,LANDED, CXON
041, 13:46:33,1952,0.1,96499,25.6,6.6, 13:46:33,19.3386,73.0142,180.3,8,-0.3,1.58,-0.79,0.99,-0.89,-0.27,LANDED, CXON
041, 13:46:34,1953,0.1,96499,25.6,6.6, 13:46:34,19.3385,73.0145,180.3,8,1.27,1.42,0.08,-1.36,-0.66,-1.15,LANDED, CXON
041, 13:46:35,1954,0.1,96499,25.6,6.6, 13:46:35,19.3386,73.0144,180.3,8,-1.53,1.01,0.97,0.03,1.73,-1.44,LANDED, CXON
041, 13:46:36,1955,0.1,96499,25.6,6.6, 13:46:36,19.3384,73.0144,180.3,8,0.41,-1.21,1.04,0.77,0.27,-0.83,LANDED, CXON
041, 13:46:37,1956,0.1,96499,25.6,6.6, 13:46:37,19.3385,73.0141,180.3,8,-0.21,0.2,0.61,0.12,-1.03,0.65,LANDED, CXON
041, 13:46:38,1957,0.1,96499,25.6,6.6, 13:46:38,19.3387,73.0145,180.3,8,-0.58,0.84,-0.93,-0.55,-1.59,1.03,LANDED, CXON
041, 13:46:39,1958,0.1,96499,25.6,6.6, 13:46:39,19.3385,73.0144,180.3,8,0.62,-1.02,0.75,1.12,-0.23,1.03,LANDED, CXON
041, 13:46:40,1959,0.1,96499,25.6,6.6, 13:46:40,19.3385,73.0141,180.3,8,-0.43,1.36,1.15,0.9,-0.37,-1.27,LANDED, CXON
041, 13:46:41,1960,0.1,96499,25.6,6.6, 13:46:41,19.3386,73.0144,180.3,8,-1.32,-0.58,0.09,-0.41,0.7,-1.67,LANDED, CXON
041, 13:46:42,1961,0.1,96499,25.7,6.6, 13:46:42,19.3384,73.0141,180.3,8,-1.17,-1.11,-0.12,-1.24,-1.76,-0.46,LANDED, CXON
041, 13:46:43,1962,0.1,96499,25.6,6.6, 13:46:43,19.3386,73.0143,180.3,8,-0.77,-0.68,-0.28,-0.27,0.42,-1.18,LANDED, CXON
041, 13:46:44,1963,0.1,96499,25.7,6.6, 13:46:44,19.3386,73.0144,180.3,8,0.85,0.27,-1.43,1.43,0.54,0.37,LANDED, CXON
041, 13:46:45,1964,0.1,96499,25.7,6.6, 13:46:45,19.3383,73.0145,180.3,8,-0.12,-0.33,1.27,-0.05,-0.62,-0.36,LANDED, CXON
041, 13:46:46,1965,0.1,96499,25.7,6.6, 13:46:46,19.3386,73.0141,180.3,8,0.81,0.68,1.35,-0.53,-1.36,1.72,LANDED, CXON
041, 13:46:47,1966,0.1,96499,25.7,6.6, 13:46:47,19.3387,73.0144,180.3,8,-0.69,0.03,0.22,-0.81,0.29,1.74,LANDED, CXON
041, 13:46:48,1967,0.1,96499,25.7,6.6, 13:46:48,19.3385,73.0142,180.3,8,1.12,-1.31,-0.09,0.42,1.75,-1.18,LANDED, CXON
041, 13:46:49,1968,0.1,96499,25.7,6.6, 13:46:49,19.3383,73.0142,180.3,8,-1.15,1.21,0.5,1.41,-1.63,-0.22,LANDED, CXON
041, 13:46:50,1969,0.1,96499,25.8,6.6, 13:46:50,19.3384,73.0143,180.3,8,1.17,-0.9,-0.88,-1.65,0.25,0.52,LANDED, CXON
041, 13:46:51,1970,0.1,96499,25.8,6.6, 13:46:51,19.3385,73.0144,180.3,8,-1.45,1.23,0.17,0.43,0.51,-0.44,LANDED, CXON
041, 13:46:52,1971,0.1,96499,25.8,6.6, 13:46:52,19.3386,73.0143,180.3,8,-1.43,-0.4,-1.4,1.41,-1.52,-0.21,LANDED, CXON
041, 13:46:53,1972,0.1,96499,25.8,6.6, 13:46:53,19.3383,73.0142,180.3,8,-0.28,-0.8,1.05,-1.02,1.62,0.66,LANDED, CXON
041, 13:46:54,1973,0.1,96499,25.8,6.6, 13:46:54,19.3385,73.0142,180.3,8,1.29,-1.15,0.58,0.03,1.22,-1.48,LANDED, CXON
041, 13:46:55,1974,0.1,96499,25.8,6.6, 13:46:55,19.3384,73.0142,180.3,8,-0.58,0.85,0.1,-1.28,0.52,-1.22,LANDED, CXON
041, 13:46:56,1975,0.1,96499,25.8,6.6, 13:46:56,19.3385,73.0143,180.3,8,-0.84,-1.12,1.03,-1.41,0.09,1.1,LANDED, CXON
041, 13:46:57,1976,0.1,96499,25.8,6.6, 13:46:57,19.3384,73.0144,180.3,8,-1.37,1.48,1.42,1.65,0.64,-0.15,LANDED, CXON
041, 13:46:58,1977,0.1,96499,25.8,6.6, 13:46:58,19.3387,73.0143,180.3,8,-0.54,-0.99,-0.67,0.73,-1.49,0.41,LANDED, CXON
041, 13:46:59,1978,0.1,96499,25.8,6.6, 13:46:59,19.3384,73.0143,180.3,8,1.15,0.79,-1.23,0.61,-0.42,1.76,LANDED, CXON
041, 13:47:00,1979,0.1,96499,25.8,6.6, 13:47:00,19.3385,73.0143,180.3,8,0.44,-0.26,0.9,0.45,-0.88,-1.05,LANDED, CXON
041, 13:47:01,1980,0.1,96499,25.8,6.6, 13:47:01,19.3384,73.0143,180.3,8,1.35,-0.27,-0.65,0.44,-1.59,-0.52,LANDED, CXON
041, 13:47:02,1981,0.1,96499,25.9,6.6, 13:47:02,19.3384,73.0142,180.3,8,-0.89,-1.47,0.04,0.4,-1.72,0.8,LANDED, CXON
041, 13:47:03,1982,0.1,96499,25.9,6.6, 13:47:03,19.3384,73.0144,180.3,8,1.6,1.27,-0.41,-1.72,-0.5,0.94,LANDED, CXON
041, 13:47:04,1983,0.1,96499,25.9,6.6, 13:47:04,19.3386,73.0143,180.3,8,-0.9,0.8,-0.1,0.08,-0.57,0.16,LANDED, CXON
041, 13:47:05,1984,0.1,96499,25.9,6.6, 13:47:05,19.3386,73.0143,180.3,8,1.11,0.85,0.88,-1.45,1.54,-0.18,LANDED, CXON
041, 13:47:06,1985,0.1,96499,25.9,6.6, 13:47:06,19.3384,73.0143,180.3,8,-1.42,0.56,0.9,0.81,0.12,1.01,LANDED, CXON
041, 13:47:07,1986,0.1,96499,25.9,6.6, 13:47:07,19.3385,73.0142,180.3,8,1.36,1.38,0.2,-1.73,-0.65,0.82,LANDED, CXON
041, 13:47:08,1987,0.1,96499,25.9,6.6, 13:47:08,19.3385,73.0144,180.3,8,1.15,1.44,-0.01,0.88,1.18,-0.89,LANDED, CXON
041, 13:47:09,1988,0.1,96499,26.0,6.6, 13:47:09,19.3385,73.0141,180.3,8,1.23,0.77,-1.43,-0.59,0.73,-1.01,LANDED, CXON
041, 13:47:10,1989,0.1,96499,26.0,6.6, 13:47:10,19.3385,73.0143,180.3,8,-0.82,-0.67,1.33,-1.63,-1.08,-1.05,LANDED, CXON
041, 13:47:11,1990,0.1,96499,26.0,6.6, 13:47:11,19.3385,73.0145,180.3,8,-0.05,-1.26,-1.22,0.35,-1.47,0.94,LANDED, CXON
041, 13:47:12,1991,0.1,96499,26.0,6.6, 13:47:12,19.3387,73.0145,180.3,8,-0.45,-1.13,-0.11,-0.76,1.13,-1.33,LANDED, CXON
041, 13:47:13,1992,0.1,96499,26.0,6.6, 13:47:13,19.3386,73.0143,180.3,8,-1.22,-1.54,-0.23,-0.44,-0.34,0.84,LANDED, CXON
041, 13:47:14,1993,0.1,96499,26.0,6.6, 13:47:14,19.3383,73.0141,180.3,8,-0.26,0.6,-0.56,1.61,-1.53,-1.4,LANDED, CXON
041, 13:47:15,1994,0.1,96499,26.0,6.6, 13:47:15,19.3383,73.0142,180.3,8,1.53,-0.58,1.23,1.44,-0.2,0.99,LANDED, CXON
041, 13:47:16,1995,0.1,96499,26.1,6.6, 13:47:16,19.3385,73.0143,180.3,8,-1.36,0.43,0.33,1.38,0.97,-0.03,LANDED, CXON
041, 13:47:17,1996,0.1,96499,26.1,6.6, 13:47:17,19.3384,73.0142,180.3,8,0.3,-0.65,-0.89,0.82,1.42,-1.34,LANDED, CXON
041, 13:47:18,1997,0.1,96499,26.1,6.6, 13:47:18,19.3385,73.0144,180.3,8,1.31,1.11,1.1,0.41,0.46,-1.78,LANDED, CXON
041, 13:47:19,1998,0.1,96499,26.1,6.6, 13:47:19,19.3387,73.0142,180.3,8,0.45,-1.41,1.02,-1.11,-1.58,-0.72,LANDED, CXON
041, 13:47:20,1999,0.1,96499,26.2,6.6, 13:47:20,19.3384,73.0143,180.3,8,-1.57,-1.01,-1.27,1.65,-1.11,0.56,LANDED, CXON
041, 13:47:21,2000,0.1,96499,26.2,6.6, 13:47:21,19.3386,73.0144,180.3,8,0.84,-1.28,-1.4,0.56,1.65,0.8,LANDED, CXON
